REG,CS1,CE,SEXE,BRUT_EQTP,P10_BRUT_EQTP,P20_BRUT_EQTP,P30_BRUT_EQTP,P40_BRUT_EQTP,P50_BRUT_EQTP,P60_BRUT_EQTP,P70_BRUT_EQTP,P80_BRUT_EQTP,P90_BRUT_EQTP
1,3,C,H,73621,31948,41378,49020,56037,64098,72186,81873,95253,120574
1,3,C,F,60058,32098,39717,45310,50585,55412,60927,67046,75221,90513
1,3,C,E,67726,32004,40506,47108,53117,59560,66209,74705,86247,109062
1,4,C,H,41558,22399,26573,30224,33595,37105,41165,46140,53266,64635
1,4,C,F,38733,22451,26788,30270,33372,36463,39757,43737,48981,56199
1,4,C,E,40093,22411,26682,30263,33471,36756,40410,44850,50707,59908
1,5,C,H,29740,19183,21277,22905,24696,26608,28766,31496,35472,43568
1,5,C,F,28397,18808,20453,22170,23751,25781,28044,30827,34338,41073
1,5,C,E,28863,18905,20728,22443,24080,26101,28292,31057,34715,41856
1,6N,C,H,24264,17027,18950,20595,22029,23231,24610,26606,29132,33269
1,6N,C,F,22038,10942,17501,19452,20991,22065,22787,23909,25512,29362
1,6N,C,E,23837,13826,18741,20393,21757,22889,24155,26066,28536,32632
1,6Q,C,H,29012,19247,21223,22826,24537,26412,28578,31019,34197,40567
1,6Q,C,F,25416,18490,19840,21097,22482,23877,25253,27306,29697,32692
1,6Q,C,E,28765,19178,21100,22692,24353,26200,28334,30722,33826,40093
1,T,C,H,36398,19516,21906,23911,26255,28937,32070,36705,44690,61495
1,T,C,F,34319,19286,21613,23713,26357,29295,32654,37331,43866,55020
1,T,C,E,35471,19399,21779,23831,26290,29095,32330,36994,44299,58018
1,3,N,H,60051,18533,22184,26758,32515,40878,49583,60826,74758,113622
1,3,N,F,52469,20364,25277,32948,39642,45568,51072,57344,71520,93087
1,3,N,E,56914,18576,23277,29328,36120,43531,50199,59470,73429,105026
1,4,N,H,34262,18260,19338,21508,24400,27468,30681,34584,42144,52374
1,4,N,F,31596,18255,18729,20060,22919,26159,29957,35463,41722,49829
1,4,N,E,32371,18255,18857,20278,23281,26766,30246,35174,41812,50440
1,5,N,H,24254,18280,19480,20333,21500,22352,23135,24480,26692,30193
1,5,N,F,23012,18254,18635,19305,20162,21214,22317,23537,25967,29598
1,5,N,E,23338,18255,18791,19587,20435,21583,22656,23795,26144,29822
1,6N,N,H,21877,17617,18255,18855,19977,20961,22244,23023,24018,27736
1,6N,N,F,21916,18254,19008,19934,20920,21821,22505,23050,23924,26001
1,6N,N,E,21903,18198,18637,19742,20530,21622,22446,23048,23968,26296
1,6Q,N,H,23905,18255,18729,19613,20763,21983,23264,25198,28028,31590
1,6Q,N,F,22556,18255,18905,19800,21149,22173,22917,23731,25111,27179
1,6Q,N,E,23630,18255,18760,19667,20848,22088,23138,24738,27077,31022
1,T,N,H,30438,18255,19071,20217,21647,22806,24243,26926,31193,45585
1,T,N,F,25843,18255,18767,19618,20630,21949,23043,24842,28171,36915
1,T,N,E,27524,18255,18850,19837,20982,22242,23418,25568,29250,39789
1,3,T,H,72020,28299,38588,46436,53493,61866,69823,80182,93948,120152
1,3,T,F,59228,30024,38388,43917,49510,54427,60014,66388,74959,90836
1,3,T,E,66490,29106,38508,45329,51583,57711,64890,73419,85191,108748
1,4,T,H,41216,22004,26099,29713,33121,36708,40813,45806,52788,64473
1,4,T,F,38018,21042,25499,29237,32400,35827,39132,43094,48435,55822
1,4,T,E,39512,21520,25775,29441,32707,36201,39841,44285,50158,59461
1,5,T,H,28976,19007,20835,22437,23888,25753,27893,30437,34349,42393
1,5,T,F,27350,18481,19832,21345,22810,24527,26805,29410,32876,39368
1,5,T,E,27890,18607,20094,21712,23127,24993,27179,29781,33361,40303
1,6N,T,H,23988,17148,18768,20326,21710,22904,24184,26134,28675,32844
1,6N,T,F,21976,14426,18577,19829,20939,21903,22633,23387,24562,27790
1,6N,T,E,23387,16516,18723,20094,21449,22536,23525,24997,27589,31537
1,6Q,T,H,28691,19072,20971,22552,24232,26101,28269,30701,33802,40109
1,6Q,T,F,24875,18385,19596,20914,22205,23342,24657,26324,28849,32146
1,6Q,T,E,28392,18970,20803,22391,24016,25811,27928,30312,33348,39553
1,T,T,H,35851,19192,21504,23377,25610,28245,31367,35868,43731,60485
1,T,T,F,32804,18783,20597,22553,24622,27449,30847,35253,41855,53185
1,T,T,E,34417,18950,21070,22971,25172,27874,31136,35581,42751,56318
2,3,C,H,75628,31991,41709,48985,55442,62733,70946,81230,96682,128246
2,3,C,F,60089,31995,39886,45261,50001,55133,60563,66215,74801,90144
2,3,C,E,68672,31991,40715,46974,52754,58708,65233,73446,85508,110137
2,4,C,H,41427,22797,26688,30124,33412,37069,41319,46124,53039,64286
2,4,C,F,38284,22987,26858,30110,32614,35685,39215,43145,48003,56149
2,4,C,E,39799,22890,26804,30110,32969,36272,40162,44472,50182,59516
2,5,C,H,29278,19709,21334,22603,23939,25475,27663,30820,35310,42813
2,5,C,F,28344,19201,20814,22252,23621,25465,27716,30603,34170,40480
2,5,C,E,28666,19359,20976,22374,23762,25470,27699,30683,34544,41288
2,6N,C,H,24141,16432,19037,20506,21881,23061,24450,26376,29082,33273
2,6N,C,F,21008,11037,18075,18880,20013,20966,21821,23053,24986,28527
2,6N,C,E,23451,13211,18744,20079,21313,22528,23808,25709,28255,32210
2,6Q,C,H,29293,19792,21798,23413,24976,26553,28462,30755,33958,41198
2,6Q,C,F,26392,19200,20697,22162,23467,24846,26492,28147,30630,34312
2,6Q,C,E,29020,19719,21657,23264,24802,26401,28230,30511,33630,40562
2,T,C,H,36485,19918,22098,23934,25969,28505,31669,36404,44471,60423
2,T,C,F,34150,19633,21688,23583,26012,28903,32326,36853,43429,55096
2,T,C,E,35443,19780,21924,23803,25987,28672,31966,36623,43962,57673
2,3,N,H,56004,18765,24366,30319,36080,43643,50328,60096,77355,104923
2,3,N,F,53805,22444,28451,34866,44191,49799,53966,59524,69394,90512
2,3,N,E,55117,20120,25958,31443,38648,46016,51795,60096,73141,100781
2,4,N,H,30332,18255,19471,20707,22668,24573,27967,32836,39349,49241
2,4,N,F,29713,18255,19534,20558,22167,24513,28577,33500,40243,49439
2,4,N,E,29881,18255,19532,20579,22275,24518,28287,33221,40030,49361
2,5,N,H,24616,18316,19355,20321,21181,22177,23071,24467,26477,32560
2,5,N,F,23487,18256,18874,19905,20708,21836,22831,24279,26340,30300
2,5,N,E,23765,18257,18976,20035,20853,21937,22907,24338,26364,30705
2,6N,N,H,21457,17740,18288,19039,19936,20935,21856,22722,23845,26969
2,6N,N,F,21225,18404,19248,19943,20510,20980,21298,21656,22453,24206
2,6N,N,E,21298,18255,18973,19663,20382,20971,21374,21967,22878,25033
2,6Q,N,H,24075,18252,18534,19425,20557,22086,23126,25089,28278,31984
2,6Q,N,F,22341,18071,18255,18431,19475,20388,21594,23253,25733,29750
2,6Q,N,E,23733,18251,18305,19295,20248,21805,22937,24765,28056,31550
2,T,N,H,29544,18255,19112,20266,21476,22651,24255,26969,32094,47200
2,T,N,F,25660,18257,19043,20077,20924,21906,23038,24929,28380,36949
2,T,N,E,26965,18255,19071,20110,21088,22119,23397,25521,29503,40253
2,3,T,H,73676,29953,39110,47153,53597,61018,69420,79574,94776,125331
2,3,T,F,59558,30756,38973,44569,49599,54615,60030,65848,74333,90346
2,3,T,E,67414,30319,39010,45801,51534,57716,64153,72543,84791,109477
2,4,T,H,40839,22165,25896,29506,32732,36445,40871,45670,52460,63730
2,4,T,F,37236,21367,25226,28817,31615,34707,38296,42398,47397,55498
2,4,T,E,38905,21673,25549,29137,32106,35452,39353,43711,49510,58843
2,5,T,H,28684,19410,20918,22218,23465,24922,26929,29942,34363,41958
2,5,T,F,27422,18822,20249,21644,22930,24488,26561,29267,32963,39175
2,5,T,E,27835,18978,20480,21872,23105,24648,26688,29467,33377,40068
2,6N,T,H,23847,16765,18905,20268,21613,22750,24038,25919,28552,32588
2,6N,T,F,21114,15061,18704,19490,20292,20971,21446,22189,23538,26745
2,6N,T,E,22948,16432,18800,19923,20966,21861,22991,24529,26995,31027
2,6Q,T,H,29064,19527,21589,23173,24757,26388,28256,30557,33762,40899
2,6Q,T,F,25995,18738,20263,21644,23035,24425,25965,27930,30222,33938
2,6Q,T,E,28759,19423,21414,23008,24553,26189,28041,30303,33405,40189
2,T,T,H,35931,19569,21746,23515,25486,27949,31104,35696,43646,59522
2,T,T,F,32661,19100,20871,22538,24502,27157,30529,34854,41381,52918
2,T,T,E,34383,19314,21285,23030,25072,27599,30833,35272,42500,56007
3,3,C,H,73808,32678,42959,50754,58475,65767,74206,83413,97146,121352
3,3,C,F,60264,32751,39901,44972,50089,54565,60190,67141,78138,92173
3,3,C,E,68831,32726,41307,48180,54546,60935,68347,77763,89417,110910
3,4,C,H,45948,24256,28838,32386,36549,41208,47031,53514,61212,72365
3,4,C,F,38463,22335,26640,29819,32584,35537,39068,43414,48832,58061
3,4,C,E,42655,23285,27794,31116,34517,38165,42797,48588,56014,66708
3,5,C,H,28209,18571,20307,21713,22966,24643,26853,29508,33904,42358
3,5,C,F,27948,18674,20270,21855,23225,24956,27330,30190,33947,40928
3,5,C,E,28056,18628,20286,21797,23110,24802,27119,29903,33927,41451
3,6N,C,H,23301,18150,18755,19975,21058,22255,23397,24684,26823,31361
3,6N,C,F,20686,10455,15625,18718,19660,20622,21684,22571,24509,28834
3,6N,C,E,22903,17526,18633,19707,20848,22007,23100,24406,26587,31024
3,6Q,C,H,30020,19683,21752,23338,24783,26459,28460,31278,35319,44449
3,6Q,C,F,27107,19430,20595,22198,23640,24876,26337,27846,29816,32956
3,6Q,C,E,29848,19669,21644,23286,24714,26340,28330,30973,34885,43934
3,T,C,H,37426,19377,21637,23502,25688,28514,32258,38452,48651,66902
3,T,C,F,34570,19186,21390,23381,26082,29108,32684,37630,44696,56631
3,T,C,E,36389,19299,21555,23464,25808,28719,32448,38038,46995,62966
3,3,N,H,55815,18533,23136,29441,37191,45925,53988,65742,79295,105722
3,3,N,F,48691,19969,26180,34689,40413,44819,49887,55200,66315,80077
3,3,N,E,53567,19017,23388,30255,38405,45543,51647,62789,75695,101456
3,4,N,H,33889,18338,18766,19838,22309,24653,30847,39326,48044,57468
3,4,N,F,33070,18404,19243,20478,24431,29192,33769,39222,46264,53502
3,4,N,E,33396,18376,18952,20263,22971,27905,32882,39326,46486,55909
3,5,N,H,23343,18255,18484,19121,20050,20708,21586,22740,24645,29524
3,5,N,F,22927,18255,18525,19345,20051,20783,21729,22667,24805,29986
3,5,N,E,23049,18255,18510,19276,20050,20775,21696,22680,24790,29911
3,6N,N,H,21114,18256,18547,19111,19658,20133,20863,22010,23293,25267
3,6N,N,F,20873,18255,18745,19241,19767,20081,20638,21667,22607,24358
3,6N,N,E,20980,18256,18684,19171,19739,20094,20702,21767,22918,24705
3,6Q,N,H,23039,18252,18364,18968,19928,20780,22088,23515,25550,30847
3,6Q,N,F,22246,18254,18396,19102,20004,20439,21656,22242,24597,28872
3,6Q,N,E,22901,18252,18379,19037,19955,20775,22005,23209,25545,29647
3,T,N,H,30027,18255,18546,19461,20346,21568,23136,25740,33366,53667
3,T,N,F,25631,18255,18674,19498,20162,21130,22163,24028,28657,41125
3,T,N,E,27593,18255,18624,19495,20236,21317,22547,24707,30255,45944
3,3,T,H,71967,29409,40435,48718,56461,64124,72763,81780,95659,119496
3,3,T,F,59303,31486,38866,44208,49429,53759,59336,66586,76661,91799
3,3,T,E,67376,30043,39855,46783,53103,59667,67178,76524,88206,110368
3,4,T,H,45420,23312,28310,31795,36082,40695,46402,52964,60614,72076
3,4,T,F,38024,21379,26148,29315,32183,35207,38722,43120,48680,57605
3,4,T,E,42093,22428,27082,30650,34137,37703,42367,48047,55381,66181
3,5,T,H,27728,18470,19963,21352,22556,24068,26184,28883,33069,41505
3,5,T,F,27153,18480,19787,21134,22450,24000,26229,29092,32991,39797
3,5,T,E,27383,18476,19861,21219,22493,24030,26217,28986,33036,40524
3,6N,T,H,23071,18244,18742,19774,20843,22024,23109,24391,26477,30834
3,6N,T,F,20770,13064,18348,19034,19739,20262,21124,22137,23399,26599
3,6N,T,E,22552,17739,18642,19518,20460,21522,22648,23897,25792,30279
3,6Q,T,H,29670,19312,21395,23071,24503,26162,28188,30883,34895,43964
3,6Q,T,F,26371,18877,20086,21411,22749,24305,25777,27299,29336,32369
3,6Q,T,E,29453,19277,21278,22961,24410,26024,27970,30549,34493,43305
3,T,T,H,36880,19004,21195,23102,25148,27929,31605,37630,47799,66242
3,T,T,F,33252,18746,20467,22273,24437,27557,31125,35995,43120,54809
3,T,T,E,35492,18891,20900,22783,24899,27791,31433,36933,45824,61655
4,3,C,H,67893,30421,39134,45636,51662,57998,65229,74611,88584,112973
4,3,C,F,56332,30000,37195,42688,47330,52068,57292,63340,71303,85625
4,3,C,E,63496,30248,38342,44321,49818,55428,61755,69652,81138,102731
4,4,C,H,39122,22347,25997,29282,32260,35185,38805,43306,49535,59759
4,4,C,F,35965,20851,25235,28518,31228,33733,36532,40164,45252,52675
4,4,C,E,37620,21713,25661,28933,31715,34472,37636,41746,47326,56262
4,5,C,H,27138,18693,20306,21648,22897,24162,25843,28393,32320,39753
4,5,C,F,26732,18518,20171,21642,23083,24563,26448,28846,32163,37999
4,5,C,E,26905,18578,20228,21643,22993,24385,26180,28691,32216,38670
4,6N,C,H,24330,18255,19709,20941,22238,23341,24625,26381,28688,32454
4,6N,C,F,21347,10953,18330,19343,20145,21156,22460,23344,24933,29062
4,6N,C,E,23957,18185,19466,20672,21988,23048,24282,26018,28346,31975
4,6Q,C,H,28797,20199,22027,23474,24927,26529,28410,30664,33654,39091
4,6Q,C,F,25917,18518,20201,21412,22749,24008,25704,27793,30340,33759
4,6Q,C,E,28655,20094,21912,23369,24817,26404,28274,30519,33473,38897
4,T,C,H,33373,19611,21615,23284,25021,27202,29999,33722,39917,52994
4,T,C,F,31910,18899,20958,22916,24907,27453,30459,34330,40062,50512
4,T,C,E,32832,19323,21389,23159,24981,27294,30176,33951,39971,51929
4,3,N,H,58334,19978,26070,33394,40180,46469,53564,62379,75690,106434
4,3,N,F,52590,22737,32145,36566,41081,46813,51803,57985,67980,88613
4,3,N,E,55966,21087,28491,35454,40874,46706,52981,60021,72155,99095
4,4,N,H,33649,18255,19252,21909,24821,29260,32751,36638,42899,56605
4,4,N,F,31351,18256,19456,22134,24546,28616,32512,35748,40313,49036
4,4,N,E,32233,18255,19406,22078,24672,28786,32638,36014,41300,51531
4,5,N,H,22869,18252,18304,18973,19747,20482,21622,23033,25112,29411
4,5,N,F,22618,18255,18593,19108,19880,20615,21822,23096,25099,29024
4,5,N,E,22687,18254,18491,19081,19835,20572,21763,23077,25102,29124
4,6N,N,H,20362,18253,18255,18499,18948,19541,20126,20813,22328,24135
4,6N,N,F,20632,18255,18669,19192,19604,19944,20292,20884,22243,24229
4,6N,N,E,20486,18254,18315,18790,19297,19793,20224,20847,22295,24170
4,6Q,N,H,24166,18254,18261,18790,20174,21475,22579,24623,27426,34077
4,6Q,N,F,22048,18254,18255,18362,18964,19986,21202,22149,25045,29884
4,6Q,N,E,23789,18254,18256,18670,19979,21194,22267,24229,27050,33503
4,T,N,H,27820,18254,18339,19085,20080,21256,22879,25321,30927,45060
4,T,N,F,25186,18255,18623,19323,20086,21087,22475,24465,28278,37120
4,T,N,E,26278,18255,18507,19247,20083,21151,22626,24789,29140,39771
4,3,T,H,67000,29031,38052,44532,50753,57031,64159,73680,87616,112717
4,3,T,F,55938,29211,36515,42007,46773,51568,56744,62914,70944,85779
4,3,T,E,62758,29103,37386,43408,49074,54636,60951,68716,80334,102412
4,4,T,H,38748,21725,25471,28820,31863,34829,38464,42929,49316,59563
4,4,T,F,35436,20081,24293,27831,30740,33271,36095,39695,44839,52287
4,4,T,E,37130,20870,24931,28322,31293,34045,37183,41283,46930,55873
4,5,T,H,26644,18385,19896,21220,22439,23741,25301,27709,31522,38919
4,5,T,F,25891,18329,19536,20826,22189,23644,25363,27694,30913,36782
4,5,T,E,26193,18348,19682,20992,22296,23687,25332,27702,31150,37633
4,6N,T,H,23818,18255,19139,20341,21595,22786,24040,25676,28040,31762
4,6N,T,F,21013,15441,18512,19239,19801,20253,21098,22461,23710,26865
4,6N,T,E,23286,18251,18979,19997,20965,22301,23457,24993,27352,31074
4,6Q,T,H,28536,19854,21700,23196,24679,26258,28132,30424,33452,38919
4,6Q,T,F,25144,18255,19301,20571,21812,23204,24840,27046,29638,33479
4,6Q,T,E,28342,19668,21532,23042,24518,26104,27949,30242,33228,38682
4,T,T,H,32888,19111,21094,22832,24546,26679,29465,33202,39332,52444
4,T,T,F,30654,18512,20080,21813,23630,25908,28950,32764,38384,48749
4,T,T,E,32001,18793,20655,22436,24211,26401,29264,33017,38891,50824
11,3,C,H,83297,38202,45137,51078,57210,64056,72292,83369,100591,137342
11,3,C,F,68084,35717,41476,46235,50989,56264,62536,70779,83237,107885
11,3,C,E,77451,37057,43500,48942,54531,60797,68278,78309,93712,125822
11,4,C,H,43365,24975,29271,32625,35664,38711,42052,46133,51762,61832
11,4,C,F,39649,24027,28145,31114,33800,36537,39498,43147,48320,57359
11,4,C,E,41676,24530,28717,31874,34758,37671,40857,44790,50232,59847
11,5,C,H,29972,19487,21343,22900,24475,26326,28603,31511,35807,43638
11,5,C,F,29874,19648,21784,23472,25169,27061,29291,32166,36177,43067
11,5,C,E,29916,19572,21580,23216,24867,26754,29005,31892,36032,43298
11,6N,C,H,25412,18315,19817,21353,22706,23990,25571,27555,30354,34924
11,6N,C,F,23153,13315,19101,20208,21272,22381,23545,25091,27289,31066
11,6N,C,E,24899,18209,19625,20993,22363,23573,25076,26989,29680,34181
11,6Q,C,H,31444,20184,23030,25375,27638,29932,32336,35022,38407,43761
11,6Q,C,F,30138,20065,22243,23962,25641,27480,29837,32648,36560,42779
11,6Q,C,E,31340,20172,22942,25228,27447,29739,32153,34867,38289,43694
11,T,C,H,52687,21453,25106,29070,33494,38583,44806,53246,66080,91445
11,T,C,F,45895,21419,24829,28417,32496,37095,42329,48947,58470,76597
11,T,C,E,50014,21439,24990,28799,33082,37958,43735,51360,62828,85410
11,3,N,H,84094,21609,30596,39099,47015,55699,66431,80375,104008,158056
11,3,N,F,66546,27520,37136,43215,48835,54777,61543,70184,82363,106714
11,3,N,E,75701,23806,33782,41416,48079,55152,63588,74557,91690,131039
11,4,N,H,42644,20293,24017,27882,31867,36036,40751,46964,56011,69669
11,4,N,F,39522,21659,25952,29836,33040,36185,39453,43701,49773,60696
11,4,N,E,40604,21092,25228,29221,32693,36138,39792,44599,51673,63794
11,5,N,H,25722,18412,19463,20357,21322,22401,23681,25446,28411,35487
11,5,N,F,26542,18597,19807,20854,22066,23370,25018,27337,31170,39002
11,5,N,E,26282,18529,19687,20669,21808,23023,24548,26707,30303,38046
11,6N,N,H,22121,18442,19139,19734,20261,20920,22012,22902,24288,27155
11,6N,N,F,21499,18481,19151,19622,19997,20341,20862,21835,23047,25783
11,6N,N,E,21803,18456,19146,19668,20097,20551,21326,22434,23663,26523
11,6Q,N,H,27572,18463,19587,20939,22574,24201,26095,28720,32848,40397
11,6Q,N,F,28519,19012,20392,21807,22870,24338,26554,29652,34178,42859
11,6Q,N,E,27721,18510,19750,21079,22627,24222,26156,28856,33067,40788
11,T,N,H,44784,18674,20072,21518,23297,25891,30600,38935,52726,80178
11,T,N,F,36608,18963,20240,21748,23644,26516,31144,37824,47066,63424
11,T,N,E,40183,18843,20165,21648,23485,26241,30910,38233,49047,69703
11,3,T,H,83358,36878,44285,50390,56642,63603,71961,83201,100800,138710
11,3,T,F,67918,34997,41101,45978,50791,56118,62436,70717,83147,107761
11,3,T,E,77297,36031,42836,48389,54043,60378,67926,78019,93557,126199
11,4,T,H,43317,24530,28936,32368,35472,38582,41993,46167,51967,62331
11,4,T,F,39631,23625,27888,30960,33712,36493,39493,43209,48491,57806
11,4,T,E,41568,24078,28405,31648,34586,37540,40767,44776,50346,60227
11,5,T,H,29352,19217,20870,22395,23877,25622,27832,30693,34947,42822
11,5,T,F,29151,19249,21108,22753,24381,26213,28415,31267,35359,42391
11,5,T,E,29233,19234,21005,22599,24168,25974,28183,31038,35203,42554
11,6N,T,H,24750,18366,19540,20684,22083,23216,24657,26571,29282,33870
11,6N,T,F,22370,17606,19141,19814,20330,21087,22207,23410,25417,29186
11,6N,T,E,24017,18257,19362,20249,21305,22549,23809,25586,28169,32665
11,6Q,T,H,31171,19899,22641,24959,27208,29542,31986,34726,38166,43616
11,6Q,T,F,29910,19822,21901,23539,25238,27087,29432,32320,36302,42790
11,6Q,T,E,31063,19891,22549,24801,27003,29333,31785,34555,38042,43558
11,T,T,H,51932,20753,24178,27965,32384,37510,43765,52224,65140,90634
11,T,T,F,44286,20422,23481,26792,30778,35432,40727,47349,56815,74560
11,T,T,E,48759,20599,23870,27450,31693,36603,42395,49992,61391,83681
24,3,C,H,63725,35447,41591,46262,50750,55680,61313,68452,78776,97998
24,3,C,F,53201,32110,37292,41258,44866,48677,52873,58123,65234,77984
24,3,C,E,60303,34089,39891,44369,48613,53125,58317,64911,74162,91813
24,4,C,H,39632,25271,28892,31768,34397,37068,39894,43373,48062,55911
24,4,C,F,34770,23535,26296,28579,30612,32795,35229,38212,42096,48003
24,4,C,E,37586,24371,27573,30183,32647,35162,37953,41222,45657,52713
24,5,C,H,27814,20075,21604,22857,24083,25446,27101,29225,32419,38012
24,5,C,F,26673,19973,21440,22622,23819,25087,26526,28327,30905,35312
24,5,C,E,27017,20011,21492,22691,23895,25187,26678,28586,31333,36078
24,6N,C,H,25266,18590,20711,22178,23260,24400,25778,27382,29590,33306
24,6N,C,F,24563,18462,20155,21428,22460,23445,24626,26110,28222,31716
24,6N,C,E,25022,18548,20485,21932,22955,24040,25356,26980,29149,32822
24,6Q,C,H,30011,21932,23941,25541,27073,28652,30355,32362,35045,39557
24,6Q,C,F,28453,20816,22560,23845,25013,26254,27955,30096,33073,38319
24,6Q,C,E,29803,21738,23696,25253,26757,28344,30081,32115,34855,39436
24,T,C,H,36544,21647,23988,26090,28321,30840,33897,38069,44537,56975
24,T,C,F,31869,20502,22417,24056,25768,27800,30347,33730,38810,47914
24,T,C,E,34750,21100,23274,25203,27261,29632,32514,36394,42285,53420
24,3,N,H,55239,19672,24945,31279,37983,44028,50714,59990,73216,100394
24,3,N,F,49755,24785,32431,37438,41305,45195,49355,54337,61795,77442
24,3,N,E,52669,21582,28295,34754,40084,44701,49868,56498,66897,89215
24,4,N,H,37394,20328,23008,25489,28415,31904,35557,40653,47422,58453
24,4,N,F,34025,21329,24252,27160,29835,32267,34930,38101,42019,47817
24,4,N,E,34843,21058,23895,26695,29557,32176,35050,38585,42983,50234
24,5,N,H,23732,18692,19638,20313,21050,21878,22763,23968,25733,29887
24,5,N,F,24268,19049,19959,20697,21546,22438,23548,25032,27333,31714
24,5,N,E,24181,18985,19907,20619,21456,22338,23401,24832,27099,31467
24,6N,N,H,22396,13247,18450,19299,20396,21904,22782,23976,25760,30048
24,6N,N,F,21673,17135,18820,19446,19976,20460,21232,22447,23860,27327
24,6N,N,E,21946,16607,18635,19415,20079,20727,22009,22995,24678,28474
24,6Q,N,H,26528,19319,20936,22443,23594,24813,26189,27786,29955,34850
24,6Q,N,F,26414,19334,20668,21944,22993,24210,25585,27308,30280,35938
24,6Q,N,E,26494,19323,20827,22284,23426,24651,26033,27656,30036,35198
24,T,N,H,32069,18625,20093,21465,22848,24415,26589,30148,37289,52861
24,T,N,F,27676,19030,20071,21019,22176,23489,25374,28376,33206,41592
24,T,N,E,29021,18913,20079,21133,22353,23773,25734,28887,34204,44231
24,3,T,H,63014,33640,40426,45323,49928,54964,60719,67931,78501,98135
24,3,T,F,52707,31176,36621,40721,44380,48208,52354,57617,64842,77895
24,3,T,E,59508,32577,38854,43527,47778,52310,57604,64222,73605,91623
24,4,T,H,39536,24911,28607,31537,34212,36905,39771,43295,48049,56004
24,4,T,F,34650,23123,26014,28423,30500,32719,35185,38198,42075,47981
24,4,T,E,37322,23935,27210,29876,32367,34901,37702,40985,45419,52498
24,5,T,H,27249,19692,21106,22356,23528,24848,26446,28570,31672,37201
24,5,T,F,26042,19599,20862,22026,23111,24365,25777,27574,30133,34592
24,5,T,E,26368,19619,20922,22113,23218,24487,25943,27817,30532,35284
24,6N,T,H,24975,18379,20341,21911,22984,24114,25462,27095,29320,33118
24,6N,T,F,23814,18191,19533,20497,21668,22671,23773,25274,27397,31078
24,6N,T,E,24519,18321,19933,21256,22450,23515,24803,26431,28646,32396
24,6Q,T,H,29859,21747,23768,25367,26898,28469,30186,32195,34899,39445
24,6Q,T,F,28228,20561,22332,23589,24799,26040,27674,29865,32852,38139
24,6Q,T,E,29627,21530,23496,25067,26553,28142,29894,31922,34673,39280
24,T,T,H,36236,21215,23584,25690,27908,30439,33508,37689,44196,56776
24,T,T,F,30980,19952,21700,23234,24920,26891,29425,32780,37787,46743
24,T,T,E,34009,20485,22627,24510,26524,28892,31761,35605,41414,52414
27,3,C,H,63590,34661,41107,46024,50830,55604,61103,67955,78565,98840
27,3,C,F,51956,30541,35931,39917,43549,47291,51294,56364,63346,76915
27,3,C,E,60026,33040,39109,43794,48190,52771,57932,64346,73891,92691
27,4,C,H,39446,25111,28805,31635,34225,36854,39643,42875,47110,54724
27,4,C,F,33720,23039,25712,27923,29911,31957,34225,36947,40469,46118
27,4,C,E,37097,23991,27227,29827,32227,34680,37392,40541,44589,51415
27,5,C,H,28054,20077,21586,22803,24104,25572,27306,29533,32743,38764
27,5,C,F,26417,19892,21315,22442,23595,24826,26225,27986,30472,34890
27,5,C,E,26899,19943,21382,22545,23730,25025,26515,28410,31089,35935
27,6N,C,H,25966,18886,21175,22587,23822,25118,26596,28470,30853,34421
27,6N,C,F,24200,17627,20133,21555,22624,23671,24907,26303,28327,31694
27,6N,C,E,25425,18602,20800,22258,23405,24651,26045,27786,30113,33717
27,6Q,C,H,30554,22153,24194,25892,27525,29169,30926,33008,35764,40470
27,6Q,C,F,27316,20665,22391,23654,24858,26060,27448,29142,31385,35176
27,6Q,C,E,30149,21899,23879,25516,27121,28746,30501,32568,35299,39943
27,T,C,H,36261,21752,24133,26299,28537,30956,33818,37671,43702,55476
27,T,C,F,30854,20340,22206,23738,25360,27198,29471,32507,36982,45334
27,T,C,E,34275,21090,23242,25176,27213,29503,32215,35774,41224,51762
27,3,N,H,57908,20876,26908,33597,40295,46170,52975,61852,75537,102428
27,3,N,F,49359,24353,31881,36816,40840,44630,48682,53468,61424,76210
27,3,N,E,53902,22332,29416,35602,40613,45305,50446,57066,67951,91761
27,4,N,H,36442,20285,22648,25255,28325,31635,35585,40489,48345,58687
27,4,N,F,32757,21091,23940,26700,29072,31185,33495,36322,39894,45665
27,4,N,E,33669,20828,23596,26386,28923,31249,33888,36981,41231,48798
27,5,N,H,23980,18776,19752,20429,21143,21960,22812,23929,25880,30300
27,5,N,F,24051,19010,19919,20660,21518,22418,23435,24824,26976,31007
27,5,N,E,24041,18974,19896,20628,21455,22339,23333,24697,26834,30927
27,6N,N,H,22725,17784,18601,19624,20809,22221,23034,24186,25990,29534
27,6N,N,F,21574,17337,18867,19507,20050,20566,21416,22674,24277,27170
27,6N,N,E,22025,17445,18764,19534,20207,20979,22228,23291,24987,28120
27,6Q,N,H,27343,19686,21536,22840,23989,25034,26246,27926,30691,37860
27,6Q,N,F,25534,19139,20550,22009,23141,24250,25420,26910,29134,33276
27,6Q,N,E,26784,19461,21172,22578,23715,24825,25993,27594,30149,36324
27,T,N,H,32157,18810,20342,21841,23088,24609,26623,30200,37799,52963
27,T,N,F,26906,19004,20045,20969,22126,23325,24983,27486,31449,39113
27,T,N,E,28481,18956,20109,21167,22382,23678,25448,28162,32784,42568
27,3,T,H,63067,32915,40015,45222,50052,54962,60612,67609,78383,99162
27,3,T,F,51519,29618,35289,39447,43105,46886,50878,55945,63077,76754
27,3,T,E,59310,31565,38119,42895,47351,52002,57138,63715,73312,92564
27,4,T,H,39295,24662,28469,31378,34014,36682,39508,42799,47134,54921
27,4,T,F,33539,22649,25413,27712,29754,31813,34101,36838,40357,46049
27,4,T,E,36712,23520,26809,29450,31844,34314,37028,40193,44302,51189
27,5,T,H,27437,19716,21088,22285,23469,24885,26574,28770,31910,37878
27,5,T,F,25687,19483,20691,21804,22843,24006,25382,27109,29545,33945
27,5,T,E,26131,19527,20787,21927,22989,24208,25645,27487,30110,34892
27,6N,T,H,25608,18537,20743,22280,23458,24726,26203,28048,30447,34128
27,6N,T,F,23402,17433,19446,20446,21631,22735,23915,25367,27306,30710
27,6N,T,E,24812,18325,20096,21553,22758,23963,25346,27044,29424,33111
27,6Q,T,H,30379,21959,23982,25652,27280,28937,30716,32819,35616,40395
27,6Q,T,F,27044,20309,22127,23395,24592,25775,27151,28853,31091,34977
27,6Q,T,E,29921,21657,23630,25244,26820,28457,30228,32317,35088,39793
27,T,T,H,35941,21303,23673,25809,28056,30516,33402,37291,43390,55314
27,T,T,F,29852,19775,21410,22871,24412,26181,28419,31347,35774,43968
27,T,T,E,33398,20409,22505,24347,26322,28600,31295,34842,40221,50640
28,3,C,H,65190,35426,41697,46720,51533,56576,62347,69938,80852,101139
28,3,C,F,53621,31141,36599,40853,44814,48712,53143,58354,65535,80058
28,3,C,E,61406,33657,39723,44538,49034,53789,59131,65898,75933,94929
28,4,C,H,41014,25374,29186,32257,35161,38101,41364,45222,50318,58789
28,4,C,F,34640,23257,26084,28335,30332,32463,34911,37846,41830,48255
28,4,C,E,38409,24296,27602,30255,32843,35571,38602,42247,47079,55023
28,5,C,H,28116,19953,21506,22833,24131,25507,27166,29353,32678,39106
28,5,C,F,26456,19804,21261,22460,23614,24874,26284,28042,30564,35010
28,5,C,E,26975,19844,21329,22567,23766,25060,26533,28404,31150,36226
28,6N,C,H,25947,18311,20833,22314,23486,24756,26306,28242,30901,35642
28,6N,C,F,23872,14902,19909,21197,22286,23252,24425,25934,28062,31694
28,6N,C,E,25300,17709,20466,22000,23051,24226,25677,27502,30025,34503
28,6Q,C,H,31194,22103,24180,25897,27531,29196,31058,33303,36481,42140
28,6Q,C,F,28488,20752,22445,23805,25099,26452,28152,30387,33558,38889
28,6Q,C,E,30891,21895,23922,25603,27235,28897,30769,33028,36192,41806
28,T,C,H,37011,21765,24172,26368,28641,31210,34409,38740,45518,58055
28,T,C,F,31696,20348,22258,23886,25608,27594,30076,33420,38479,47776
28,T,C,E,35086,21104,23318,25320,27433,29828,32781,36794,42934,54469
28,3,N,H,57747,20226,26477,33536,40760,47087,53663,62185,75989,103226
28,3,N,F,50027,25097,32357,37276,41239,45371,49467,54623,62005,77492
28,3,N,E,54014,22200,29535,35824,41055,46102,51236,57909,68620,90947
28,4,N,H,36807,20169,22768,25541,28629,32052,36080,40994,47866,59080
28,4,N,F,33738,21183,24379,27142,29528,31821,34320,37444,41316,47734
28,4,N,E,34536,20883,23972,26785,29378,31867,34667,38118,42672,50383
28,5,N,H,23823,18632,19688,20340,21010,21825,22679,23911,25843,30206
28,5,N,F,24006,18974,19927,20605,21381,22273,23335,24710,26819,30907
28,5,N,E,23978,18919,19891,20559,21321,22205,23231,24583,26685,30823
28,6N,N,H,22744,16100,18488,19419,20445,21790,22863,24399,26619,30092
28,6N,N,F,21466,18253,19044,19571,20060,20471,21125,22276,23688,26816
28,6N,N,E,21951,17841,18864,19534,20133,20695,21816,22989,24795,28261
28,6Q,N,H,27787,19368,21266,22904,24416,25961,27497,29250,31786,37185
28,6Q,N,F,26595,19360,20589,21985,23223,24573,26135,27999,30856,36405
28,6Q,N,E,27443,19367,20999,22597,24016,25577,27118,28943,31488,36978
28,T,N,H,31896,18643,20175,21553,22995,24836,27195,30454,37056,52304
28,T,N,F,27107,19027,20052,20869,21964,23231,24917,27510,31782,40141
28,T,N,E,28567,18930,20080,21014,22239,23646,25565,28403,33122,43216
28,3,T,H,64559,33856,40702,45947,50787,55959,61795,69516,80583,101249
28,3,T,F,53077,30319,36006,40311,44276,48217,52639,57817,65073,79873
28,3,T,E,60610,32233,38734,43684,48222,53002,58347,65142,75279,94576
28,4,T,H,40813,24944,28849,31978,34918,37887,41196,45081,50242,58804
28,4,T,F,34486,22893,25835,28161,30207,32349,34808,37758,41760,48162
28,4,T,E,38013,23833,27220,29895,32470,35188,38219,41855,46678,54667
28,5,T,H,27481,19609,20999,22266,23503,24853,26482,28591,31856,38280
28,5,T,F,25724,19439,20644,21751,22841,24035,25420,27135,29600,34088
28,5,T,E,26202,19478,20731,21878,23006,24249,25684,27501,30158,35147
28,6N,T,H,25576,18126,20358,22016,23143,24397,25929,27835,30431,35147
28,6N,T,F,23101,17197,19384,20277,21212,22311,23407,24793,26933,30468
28,6N,T,E,24658,17776,19834,21141,22391,23556,24922,26751,29191,33553
28,6Q,T,H,31022,21917,24007,25736,27370,29020,30874,33119,36301,41963
28,6Q,T,F,28212,20426,22170,23504,24849,26188,27856,30059,33234,38565
28,6Q,T,E,30677,21653,23705,25399,27023,28687,30548,32807,35964,41577
28,T,T,H,36632,21289,23734,25929,28202,30756,33951,38290,45082,57725
28,T,T,F,30581,19798,21403,22936,24579,26489,28909,32151,37083,46224
28,T,T,E,34152,20414,22553,24488,26560,28922,31823,35758,41781,53214
32,3,C,H,64721,34483,40639,45361,49988,55016,60819,68167,79237,101731
32,3,C,F,53798,31056,36432,40446,44074,47892,52333,57864,65945,80909
32,3,C,E,61230,33156,39067,43518,47843,52499,57922,64874,74977,95214
32,4,C,H,39473,24332,27967,30919,33592,36312,39311,42818,47653,55644
32,4,C,F,33771,22709,25536,27738,29749,31770,34073,36794,40387,46675
32,4,C,E,37134,23520,26759,29339,31758,34263,37035,40332,44816,52386
32,5,C,H,27714,19769,21285,22629,23908,25291,26955,29094,32297,38067
32,5,C,F,26271,19488,21003,22261,23472,24752,26163,27930,30437,34896
32,5,C,E,26804,19593,21105,22389,23626,24943,26432,28327,31063,36061
32,6N,C,H,25336,18026,20382,21949,23140,24421,25910,27774,30320,34344
32,6N,C,F,23196,12136,19120,20548,21761,22763,23929,25355,27389,30865
32,6N,C,E,24785,16585,20040,21544,22729,23952,25359,27142,29585,33617
32,6Q,C,H,30457,21616,23734,25505,27193,28914,30785,33011,35970,40927
32,6Q,C,F,27460,20261,22005,23318,24612,25856,27379,29231,31803,36433
32,6Q,C,E,30196,21445,23521,25255,26917,28631,30491,32716,35672,40635
32,T,C,H,36838,21185,23634,25843,28179,30789,33934,38133,44611,57295
32,T,C,F,32128,20050,22088,23809,25616,27703,30308,33801,39066,48872
32,T,C,E,35228,20691,23003,25049,27210,29680,32672,36664,42720,54431
32,3,N,H,59623,20751,27540,34406,40687,46690,53658,63510,78869,107158
32,3,N,F,51094,25681,33195,38031,42127,45831,49815,55092,62852,79525
32,3,N,E,55380,22949,30512,36684,41503,46214,51353,58359,69770,93225
32,4,N,H,35743,19815,22327,25004,27985,31264,34924,39378,46066,56953
32,4,N,F,32529,20098,23126,26063,28576,30827,33209,36044,39758,46642
32,4,N,E,33332,20045,22872,25813,28451,30906,33556,36628,40953,49192
32,5,N,H,23514,18488,19459,20186,20819,21627,22516,23654,25514,29503
32,5,N,F,23689,18801,19746,20474,21287,22209,23269,24612,26555,30137
32,5,N,E,23659,18739,19699,20415,21196,22110,23130,24458,26402,30021
32,6N,N,H,21928,17405,18384,18939,19926,20994,22308,23320,24866,28454
32,6N,N,F,21439,18002,18902,19496,20007,20433,21134,22258,23541,26614
32,6N,N,E,21650,17773,18586,19321,19989,20574,21645,22730,24148,27529
32,6Q,N,H,26838,19173,20706,22258,23266,24601,26141,28115,30846,36253
32,6Q,N,F,25018,18957,20123,21191,22280,23135,24449,26010,28412,32955
32,6Q,N,E,26375,19115,20501,22013,22941,24206,25680,27556,30312,35489
32,T,N,H,31195,18463,19769,20947,22344,23717,25756,29118,35409,50333
32,T,N,F,26879,18814,19865,20698,21796,23007,24615,27045,31125,39545
32,T,N,E,28259,18682,19842,20759,21979,23213,24942,27619,32238,42584
32,3,T,H,64328,33233,39846,44720,49425,54515,60423,67924,79212,102104
32,3,T,F,53393,30385,36016,40105,43780,47583,51969,57524,65526,80686
32,3,T,E,60636,32069,38283,42889,47234,51888,57358,64301,74610,95060
32,4,T,H,39300,23970,27680,30670,33403,36126,39155,42711,47604,55696
32,4,T,F,33555,22185,25195,27499,29575,31608,33931,36668,40272,46668
32,4,T,E,36742,23030,26362,29003,31420,33924,36694,39982,44489,52118
32,5,T,H,27105,19455,20802,22093,23309,24674,26277,28374,31466,37250
32,5,T,F,25438,19162,20393,21528,22634,23848,25216,26908,29275,33672
32,5,T,E,25966,19242,20510,21692,22839,24089,25523,27335,29946,34807
32,6N,T,H,24906,17891,19882,21459,22709,23951,25402,27240,29801,33863
32,6N,T,F,22574,15156,18987,19953,20745,21885,22914,24242,26256,29837
32,6N,T,E,24162,17090,19464,20730,22095,23209,24544,26305,28755,32764
32,6Q,T,H,30261,21391,23493,25264,26957,28691,30561,32806,35782,40780
32,6Q,T,F,27045,19899,21578,22854,24139,25423,26894,28729,31381,35980
32,6Q,T,E,29946,21168,23222,24963,26621,28347,30225,32447,35425,40437
32,T,T,H,36394,20693,23127,25311,27637,30257,33411,37623,44134,56902
32,T,T,F,30768,19483,21129,22716,24411,26367,28841,32197,37326,46882
32,T,T,E,34186,20077,22204,24126,26212,28641,31594,35532,41494,53034
44,3,C,H,65647,34508,41293,46487,51357,56449,62287,69909,81252,102998
44,3,C,F,54001,31179,36688,40881,44688,48656,53133,58534,66067,80334
44,3,C,E,61979,33196,39516,44365,48919,53728,59147,66164,76497,96435
44,4,C,H,40980,25367,29312,32394,35172,37978,41003,44614,49478,57873
44,4,C,F,34725,23101,26041,28479,30560,32725,35139,38097,42021,48306
44,4,C,E,38377,24183,27654,30415,32979,35622,38554,41984,46564,54218
44,5,C,H,28482,19976,21573,22875,24197,25676,27566,30022,33595,39863
44,5,C,F,26661,19804,21283,22486,23649,24930,26424,28299,30984,35640
44,5,C,E,27228,19853,21367,22603,23809,25144,26734,28778,31723,36909
44,6N,C,H,26395,18310,20844,22516,23872,25324,27008,29121,31954,36520
44,6N,C,F,24236,12229,19671,21279,22556,23742,25142,26907,29247,33191
44,6N,C,E,25792,16998,20463,22175,23461,24862,26469,28472,31228,35611
44,6Q,C,H,31518,22140,24416,26304,28113,29960,31964,34321,37435,42584
44,6Q,C,F,28037,20722,22526,23903,25113,26380,27933,30035,32897,37449
44,6Q,C,E,31170,21939,24148,25952,27733,29587,31586,33948,37050,42148
44,T,C,H,37812,21720,24348,26758,29297,32058,35309,39565,46030,58572
44,T,C,F,32032,20328,22302,23975,25760,27876,30491,33922,38976,48264
44,T,C,E,35709,21062,23408,25533,27845,30455,33542,37539,43488,54884
44,3,N,H,57841,19668,25156,31864,38300,45012,52631,62678,77282,104734
44,3,N,F,50617,23985,31813,37102,41299,45515,49934,55307,63663,81007
44,3,N,E,54412,21250,28151,34624,40020,45304,50885,58444,70230,93484
44,4,N,H,35215,19094,21422,23738,26552,29768,33854,38972,46726,57794
44,4,N,F,32817,20225,22887,25928,28906,31308,33829,36825,40588,46808
44,4,N,E,33409,19951,22481,25357,28392,31055,33834,37160,41550,49189
44,5,N,H,23405,18384,19347,20126,20817,21613,22421,23505,25296,29411
44,5,N,F,24118,18833,19836,20597,21465,22371,23445,24892,27128,31476
44,5,N,E,24001,18744,19752,20508,21344,22236,23266,24662,26848,31206
44,6N,N,H,22409,16625,18438,19230,20263,21734,22708,23872,25500,28850
44,6N,N,F,21622,17391,18853,19407,19930,20395,21061,22268,23737,26976
44,6N,N,E,21913,17152,18667,19365,20000,20631,21738,22886,24492,27780
44,6Q,N,H,27094,19356,20947,22474,23723,25013,26635,28596,31116,36815
44,6Q,N,F,25268,18932,20162,21428,22572,23870,25137,26638,28892,33366
44,6Q,N,E,26591,19219,20674,22198,23393,24680,26163,28031,30531,35769
44,T,N,H,31520,18470,19839,21142,22509,23991,26086,29389,35825,51432
44,T,N,F,27021,18815,19890,20762,21885,23101,24789,27395,31722,39972
44,T,N,E,28393,18696,19878,20852,22085,23351,25140,27973,32711,42724
44,3,T,H,64957,32660,40042,45505,50535,55759,61686,69483,80972,103126
44,3,T,F,53459,30101,36009,40291,44195,48159,52644,58115,65719,80431
44,3,T,E,61130,31604,38357,43400,48052,52918,58432,65477,75896,96159
44,4,T,H,40689,24721,28809,32008,34845,37692,40781,44457,49385,57866
44,4,T,F,34371,22392,25530,28107,30298,32482,34918,37879,41769,48061
44,4,T,E,37821,23444,27050,29907,32487,35131,38062,41507,46113,53757
44,5,T,H,27661,19480,20951,22210,23434,24843,26604,29013,32494,38823
44,5,T,F,25874,19350,20641,21787,22863,24067,25501,27343,29956,34670
44,5,T,E,26359,19382,20718,21896,23008,24261,25769,27739,30585,35725
44,6N,T,H,25904,17997,20278,22103,23365,24785,26412,28483,31321,35936
44,6N,T,F,23238,15924,19096,20063,20985,22279,23535,25183,27572,31569
44,6N,T,E,24957,17082,19651,21059,22516,23828,25385,27365,30100,34556
44,6Q,T,H,31276,21879,24143,26016,27836,29692,31690,34069,37206,42401
44,6Q,T,F,27578,20219,22092,23456,24734,25942,27472,29467,32364,36970
44,6Q,T,E,30862,21607,23818,25616,27388,29237,31249,33626,36761,41898
44,T,T,H,37298,21112,23731,26104,28647,31433,34716,39007,45506,58155
44,T,T,F,30721,19634,21321,22880,24554,26540,29073,32439,37373,46444
44,T,T,E,34564,20256,22471,24479,26695,29282,32357,36323,42183,53410
52,3,C,H,62242,34956,40392,44778,49153,53857,59283,66100,76055,95479
52,3,C,F,51747,31067,35988,39761,43357,47093,51136,56104,63150,76240
52,3,C,E,59109,33573,38843,43104,47183,51592,56624,63004,72206,89974
52,4,C,H,38632,24832,28260,30942,33424,35869,38576,41684,45832,53330
52,4,C,F,33729,22961,25770,27943,29876,31863,34058,36799,40528,46386
52,4,C,E,36689,23935,27086,29547,31848,34181,36779,39891,43898,50613
52,5,C,H,28219,20060,21664,22963,24282,25715,27503,29753,33113,39237
52,5,C,F,26517,19912,21371,22544,23705,24977,26407,28214,30711,34928
52,5,C,E,27047,19957,21454,22664,23870,25191,26714,28648,31367,36202
52,6N,C,H,25206,19092,20834,22162,23215,24339,25625,27233,29368,32948
52,6N,C,F,23494,18461,20035,21075,22092,22966,24006,25267,27014,30081
52,6N,C,E,24644,18846,20515,21772,22789,23865,25064,26576,28647,32097
52,6Q,C,H,29861,22146,24168,25799,27314,28781,30329,32126,34454,38397
52,6Q,C,F,26873,20373,22084,23347,24533,25735,27096,28738,30947,34413
52,6Q,C,E,29439,21797,23768,25369,26871,28350,29904,31711,34040,37972
52,T,C,H,36690,21897,24296,26467,28641,30994,33821,37735,43961,56624
52,T,C,F,31336,20389,22243,23831,25519,27462,29828,32924,37718,46786
52,T,C,E,34757,21186,23382,25360,27429,29689,32386,35985,41726,52974
52,3,N,H,58514,22555,29202,36392,42225,47564,54128,61769,74602,99384
52,3,N,F,49661,26713,33410,38213,41893,45339,49271,54115,61515,75784
52,3,N,E,53948,24394,31643,37477,42019,46206,51013,57277,66973,86709
52,4,N,H,36835,20390,22775,25355,28356,32161,36152,40793,46895,56994
52,4,N,F,32958,21217,24172,26921,29296,31517,33797,36407,39913,45587
52,4,N,E,33918,20964,23801,26538,29143,31612,34201,37183,41328,48252
52,5,N,H,24379,18906,19937,20616,21357,22180,23126,24383,26525,31260
52,5,N,F,24566,19161,20140,21028,21912,22871,24068,25619,27914,31887
52,5,N,E,24541,19128,20112,20965,21832,22762,23928,25445,27746,31830
52,6N,N,H,21668,12413,18343,19184,20360,21590,22654,23657,25090,27694
52,6N,N,F,21336,16772,18757,19475,20056,20605,21453,22535,23805,26650
52,6N,N,E,21474,14867,18494,19402,20129,20857,22041,23033,24370,27146
52,6Q,N,H,27246,19643,21364,22626,23815,25123,26607,28436,30914,36794
52,6Q,N,F,25990,19426,21035,22246,23251,24466,25822,27525,29682,33976
52,6Q,N,E,26796,19573,21238,22471,23591,24882,26298,28089,30515,35578
52,T,N,H,32987,18820,20478,21961,23264,24976,27418,31516,39784,54827
52,T,N,F,27919,19196,20347,21485,22669,24127,26106,28933,33160,41225
52,T,N,E,29385,19112,20380,21598,22836,24359,26461,29522,34500,44573
52,3,T,H,61947,33945,39751,44276,48702,53474,58919,65868,75952,95745
52,3,T,F,51378,30374,35607,39485,43111,46789,50803,55787,62886,76170
52,3,T,E,58538,32576,38206,42545,46631,51036,56061,62476,71708,89671
52,4,T,H,38533,24392,27933,30709,33229,35731,38486,41645,45867,53534
52,4,T,F,33566,22545,25487,27756,29767,31788,34003,36717,40421,46233
52,4,T,E,36346,23428,26680,29213,31529,33876,36468,39578,43608,50366
52,5,T,H,27679,19756,21234,22472,23730,25120,26832,29082,32365,38382
52,5,T,F,25893,19560,20865,21983,23057,24268,25682,27463,29907,34117
52,5,T,E,26363,19604,20957,22107,23222,24483,25952,27842,30490,35172
52,6N,T,H,24779,18584,20438,21807,22883,23990,25235,26820,28948,32551
52,6N,T,F,22883,18155,19459,20395,21351,22321,23303,24531,26274,29431
52,6N,T,E,24068,18387,19986,21141,22289,23308,24483,25950,28018,31506
52,6Q,T,H,29731,21961,23977,25611,27139,28619,30178,31988,34354,38357
52,6Q,T,F,26740,20224,21922,23156,24351,25559,26916,28569,30800,34352
52,6Q,T,E,29267,21570,23541,25132,26638,28144,29709,31538,33889,37874
52,T,T,H,36416,21472,23874,26032,28245,30627,33491,37439,43737,56489
52,T,T,F,30455,19928,21610,23100,24720,26600,28940,31994,36614,45484
52,T,T,E,33952,20588,22705,24608,26650,28926,31620,35168,40816,51871
53,3,C,H,62157,34706,40428,45134,49731,54601,60033,66590,76083,94364
53,3,C,F,51797,30809,35969,39903,43645,47363,51462,56305,63021,75922
53,3,C,E,58933,33303,38810,43258,47517,52045,57097,63238,72174,89034
53,4,C,H,37949,24430,27869,30576,32980,35394,37991,41046,45151,52083
53,4,C,F,33698,23078,25896,28110,30042,32006,34168,36726,40273,45979
53,4,C,E,36168,23763,26920,29382,31609,33865,36333,39273,43194,49648
53,5,C,H,27501,19924,21513,22783,23999,25362,26985,28944,31897,37513
53,5,C,F,26271,19902,21345,22501,23635,24863,26230,27898,30229,34300
53,5,C,E,26662,19907,21401,22582,23743,25017,26442,28211,30721,35246
53,6N,C,H,24681,18647,20742,22087,23070,24085,25288,26789,28772,32171
53,6N,C,F,23359,18420,20214,21224,22224,23074,23947,25114,26704,29408
53,6N,C,E,24252,18569,20533,21770,22773,23693,24823,26231,28103,31353
53,6Q,C,H,29198,21971,23866,25406,26818,28233,29713,31412,33663,37339
53,6Q,C,F,26356,20403,22082,23285,24419,25525,26694,28123,30115,33187
53,6Q,C,E,28838,21692,23567,25072,26453,27859,29348,31045,33274,36911
53,T,C,H,35610,21609,23840,25837,27869,30064,32732,36413,42423,55114
53,T,C,F,30981,20394,22211,23734,25354,27179,29433,32441,37024,46030
53,T,C,E,33889,21049,23122,24952,26851,28969,31512,34923,40390,51519
53,3,N,H,61823,23617,31630,38664,44490,49966,56953,65880,78684,105718
53,3,N,F,51509,27391,34410,38841,42753,46482,50756,56020,63621,79192
53,3,N,E,56564,25117,33234,38794,43380,47925,53184,60188,70561,91806
53,4,N,H,35651,20178,22316,24854,27883,31223,34967,39532,45394,54860
53,4,N,F,32427,20455,23742,26533,29010,31222,33470,36009,39498,45186
53,4,N,E,33163,20361,23321,26175,28820,31223,33721,36549,40587,47323
53,5,N,H,24154,18995,19957,20699,21418,22176,23022,24137,25997,30544
53,5,N,F,24201,19113,20059,20865,21712,22615,23687,25124,27222,31079
53,5,N,E,24194,19099,20048,20834,21662,22539,23569,24966,27062,31033
53,6N,N,H,22041,12469,18566,19768,20846,22073,22811,23666,25075,28384
53,6N,N,F,21428,16776,18994,19617,20140,20698,21574,22713,23905,26680
53,6N,N,E,21687,14809,18849,19654,20339,21108,22231,23141,24406,27357
53,6Q,N,H,26345,19502,21059,22584,23676,24731,25884,27288,29410,34345
53,6Q,N,F,25854,19397,20942,22401,23482,24606,25749,27165,29406,33626
53,6Q,N,E,26182,19469,21022,22506,23619,24697,25839,27247,29409,34073
53,T,N,H,32876,18975,20493,21852,23098,24537,26661,30567,38946,54729
53,T,N,F,27692,19142,20232,21288,22468,23806,25634,28336,32649,40770
53,T,N,E,29202,19107,20298,21431,22646,24016,25920,28841,33891,44225
53,3,T,H,62127,33870,39855,44656,49337,54290,59829,66533,76251,95091
53,3,T,F,51744,30317,35669,39697,43463,47222,51364,56240,63123,76492
53,3,T,E,58650,32464,38233,42748,47058,51572,56713,62920,72030,89353
53,4,T,H,37825,23991,27545,30323,32788,35234,37879,40992,45159,52248
53,4,T,F,33429,22486,25495,27825,29866,31859,34029,36586,40111,45806
53,4,T,E,35785,23189,26461,29014,31283,33545,36022,38963,42883,49389
53,5,T,H,27006,19654,21151,22308,23465,24776,26321,28336,31221,36807
53,5,T,F,25624,19532,20792,21897,22947,24109,25462,27118,29387,33474
53,5,T,E,26002,19559,20883,22013,23084,24284,25675,27425,29863,34311
53,6N,T,H,24355,18293,20406,21773,22803,23756,24941,26443,28459,31941
53,6N,T,F,22807,17960,19635,20538,21474,22469,23367,24461,26104,28827
53,6N,T,E,23780,18179,20050,21198,22325,23255,24309,25696,27589,30896
53,6Q,T,H,29055,21777,23688,25218,26632,28052,29548,31265,33531,37255
53,6Q,T,F,26279,20201,21938,23145,24264,25395,26557,27994,30036,33240
53,6Q,T,E,28667,21477,23367,24863,26235,27643,29147,30857,33113,36812
53,T,T,H,35396,21228,23449,25423,27469,29705,32410,36141,42248,55094
53,T,T,F,30129,19889,21521,22985,24524,26313,28532,31528,36010,44809
53,T,T,E,33163,20462,22482,24230,26104,28224,30776,34173,39552,50551
75,3,C,H,63002,33550,39808,44654,49399,54418,60201,67604,78614,98629
75,3,C,F,52607,30613,35968,40142,43955,47787,52082,57266,64861,78878
75,3,C,E,59505,32389,38308,42918,47290,51910,57150,63925,73886,92395
75,4,C,H,38748,24380,27757,30469,32988,35563,38406,41781,46452,54480
75,4,C,F,34046,23086,25837,27982,29924,31924,34224,37115,41022,47167
75,4,C,E,36676,23728,26762,29208,31442,33838,36521,39749,44111,51367
75,5,C,H,27705,20015,21498,22742,23979,25321,26880,28992,32155,38032
75,5,C,F,26378,19824,21259,22453,23594,24799,26172,27905,30378,34844
75,5,C,E,26801,19881,21335,22543,23704,24953,26382,28227,30879,35817
75,6N,C,H,24348,18048,20224,21543,22572,23618,24837,26343,28426,31890
75,6N,C,F,22678,14902,19532,20539,21485,22349,23265,24466,26078,28972
75,6N,C,E,23876,17403,20051,21196,22259,23214,24370,25794,27755,31171
75,6Q,C,H,29510,21594,23541,25101,26579,28089,29689,31582,34176,38787
75,6Q,C,F,26756,20280,21909,23107,24252,25367,26632,28241,30644,34681
75,6Q,C,E,29232,21403,23313,24840,26289,27789,29401,31298,33871,38445
75,T,C,H,35944,21234,23472,25476,27558,29899,32771,36857,43385,56187
75,T,C,F,31459,20278,22131,23694,25352,27267,29695,32974,38079,47502
75,T,C,E,34210,20776,22862,24699,26628,28860,31562,35324,41267,52695
75,3,N,H,57597,20329,26311,32958,39367,45261,51657,60551,75432,104467
75,3,N,F,49713,23886,31486,36660,41028,44793,49000,54334,62492,78827
75,3,N,E,53922,21688,28725,35017,40247,44989,50066,56972,68533,91826
75,4,N,H,36147,20041,22332,24950,27661,31050,34756,39688,47010,57963
75,4,N,F,33195,20852,23767,26517,28997,31153,33550,36435,40415,47402
75,4,N,E,34006,20565,23334,26094,28696,31138,33783,37089,41741,50058
75,5,N,H,24373,18800,19812,20477,21197,22021,22918,24242,26250,31361
75,5,N,F,24172,18907,19839,20591,21431,22359,23486,24924,27052,31246
75,5,N,E,24207,18892,19835,20566,21386,22286,23383,24803,26929,31262
75,6N,N,H,21404,13523,18362,19006,19897,20821,22131,23009,24450,27086
75,6N,N,F,20931,17241,18769,19349,19847,20290,20858,21856,23068,25290
75,6N,N,E,21111,16656,18546,19258,19858,20414,21202,22352,23595,26064
75,6Q,N,H,26755,19619,21022,22274,23417,24639,26035,27879,30088,35346
75,6Q,N,F,24960,19168,20220,21243,22296,23396,24619,25964,28020,32651
75,6Q,N,E,26278,19471,20763,22040,23127,24292,25609,27342,29645,34472
75,T,N,H,33060,18770,20200,21460,22793,24425,26810,30823,39253,55068
75,T,N,F,27439,18937,19988,20888,22020,23309,25050,27675,32089,41023
75,T,N,E,29189,18898,20050,21036,22233,23627,25521,28487,33729,45010
75,3,T,H,62467,31862,38691,43771,48577,53706,59538,67125,78401,99135
75,3,T,F,52146,29573,35355,39628,43456,47312,51589,56833,64506,78867
75,3,T,E,58833,30895,37318,42085,46512,51140,56419,63244,73371,92326
75,4,T,H,38604,23967,27418,30206,32770,35385,38274,41700,46471,54652
75,4,T,F,33907,22675,25554,27789,29789,31794,34106,37015,40922,47204
75,4,T,E,36392,23253,26405,28917,31173,33565,36242,39505,43908,51258
75,5,T,H,27224,19702,21078,22265,23453,24765,26310,28364,31488,37400
75,5,T,F,25774,19439,20687,21830,22930,24109,25465,27163,29596,34055
75,5,T,E,26186,19503,20789,21956,23072,24290,25687,27469,30087,34990
75,6N,T,H,24052,17675,19902,21213,22335,23340,24546,26025,28089,31542
75,6N,T,F,22126,16317,19132,20030,20700,21629,22564,23659,25240,28069
75,6N,T,E,23394,17152,19519,20612,21749,22717,23819,25221,27167,30563
75,6Q,T,H,29377,21430,23370,24930,26410,27931,29537,31431,34032,38695
75,6Q,T,F,26504,20032,21585,22842,23966,25116,26352,27951,30335,34445
75,6Q,T,E,29060,21194,23115,24640,26080,27590,29207,31115,33697,38311
75,T,T,H,35718,20856,23089,25078,27164,29528,32421,36538,43169,56119
75,T,T,F,30534,19763,21376,22891,24488,26328,28701,31896,36888,46292
75,T,T,E,33489,20245,22239,24011,25904,28109,30806,34502,40392,51773
76,3,C,H,62490,33328,39014,43767,48583,53745,59654,67004,77485,96564
76,3,C,F,52631,30642,35610,39478,43218,47163,51806,57393,65276,79348
76,3,C,E,59363,32359,37692,42184,46632,51452,56962,63903,73674,91345
76,4,C,H,38775,24222,27620,30378,32884,35554,38546,42097,46910,54881
76,4,C,F,33690,22876,25659,27852,29769,31738,33934,36717,40413,46478
76,4,C,E,36587,23548,26643,29092,31357,33705,36435,39720,44164,51584
76,5,C,H,27389,19781,21232,22441,23655,25016,26582,28633,31756,37439
76,5,C,F,26180,19632,21047,22229,23380,24609,25988,27724,30129,34452
76,5,C,E,26599,19679,21107,22301,23473,24742,26184,28014,30639,35451
76,6N,C,H,24231,17826,20054,21268,22370,23412,24637,26209,28443,32228
76,6N,C,F,22401,12186,19096,20345,21210,22150,23014,24194,25890,29089
76,6N,C,E,23815,16523,19813,21002,22114,23075,24233,25740,27860,31649
76,6Q,C,H,29331,21221,23201,24786,26272,27833,29472,31446,34267,39090
76,6Q,C,F,26513,20095,21704,22896,24061,25149,26280,27921,30394,34866
76,6Q,C,E,29090,21083,23022,24583,26017,27556,29221,31186,33988,38790
76,T,C,H,37569,21046,23400,25570,27921,30634,34122,38972,46423,60558
76,T,C,F,32334,20216,22124,23824,25616,27755,30415,34005,39458,49598
76,T,C,E,35609,20668,22836,24827,26959,29473,32621,36994,43688,56523
76,3,N,H,54214,19358,24370,30423,36440,42936,49635,58417,71834,97458
76,3,N,F,49246,23691,31236,36555,40783,44667,48797,53961,61746,76315
76,3,N,E,51869,20769,27251,33569,38934,43979,49092,55781,66222,87098
76,4,N,H,35798,19707,21655,23830,26371,29565,33408,37999,44858,56218
76,4,N,F,32456,20479,23053,25640,28190,30457,32882,35795,39705,46394
76,4,N,E,33352,20244,22586,25111,27783,30282,32976,36218,40773,48735
76,5,N,H,23736,18708,19674,20345,21019,21769,22554,23685,25449,29393
76,5,N,F,23707,18830,19641,20351,21145,22043,23008,24360,26439,30352
76,5,N,E,23712,18808,19647,20349,21116,21986,22915,24223,26253,30214
76,6N,N,H,21493,17626,18506,19263,20057,20784,21906,22818,24076,26453
76,6N,N,F,21047,17862,18863,19357,19844,20289,20836,21761,22981,25282
76,6N,N,E,21241,17765,18697,19329,19906,20448,21190,22281,23456,25858
76,6Q,N,H,26635,19228,20553,21923,23039,24248,25808,27678,30155,36071
76,6Q,N,F,24760,19092,20146,21164,22209,23263,24365,25673,27542,31946
76,6Q,N,E,26186,19190,20440,21714,22824,23970,25356,27147,29588,34927
76,T,N,H,32489,18685,20039,21125,22380,23860,26132,29990,37981,54499
76,T,N,F,27478,18912,19880,20752,21852,23080,24833,27589,32177,41439
76,T,N,E,29099,18851,19922,20857,22031,23311,25203,28253,33607,45143
76,3,T,H,61708,31501,37770,42799,47712,52933,58917,66456,77107,96630
76,3,T,F,52065,29585,35071,39034,42813,46760,51260,56862,64714,78917
76,3,T,E,58472,30733,36700,41325,45817,50598,56139,63092,72986,90955
76,4,T,H,38592,23665,27169,30013,32585,35282,38323,41950,46837,54940
76,4,T,F,33454,22241,25185,27515,29516,31525,33751,36556,40282,46462
76,4,T,E,36192,22916,26122,28658,30963,33318,36050,39364,43823,51280
76,5,T,H,26788,19477,20779,21935,23046,24337,25868,27855,30887,36515
76,5,T,F,25412,19237,20401,21499,22559,23733,25086,26791,29153,33413
76,5,T,E,25831,19297,20509,21629,22697,23907,25313,27095,29638,34335
76,6N,T,H,23903,17776,19693,20924,22096,23079,24254,25789,27961,31758
76,6N,T,F,21894,15239,18935,19795,20482,21276,22238,23303,24883,27855
76,6N,T,E,23314,17083,19370,20468,21500,22529,23623,25045,27092,30845
76,6Q,T,H,29172,21004,22990,24577,26067,27632,29294,31258,34093,38986
76,6Q,T,F,26207,19796,21352,22572,23697,24839,25961,27515,29912,34435
76,6Q,T,E,28886,20828,22775,24327,25768,27307,28990,30951,33762,38636
76,T,T,H,37108,20596,22886,25014,27330,30046,33518,38387,45897,60122
76,T,T,F,31078,19615,21211,22754,24456,26469,29046,32526,37850,47786
76,T,T,E,34555,20082,22073,23913,25970,28430,31503,35775,42363,55027
84,3,C,H,66586,35110,41423,46454,51329,56569,62755,70744,82489,104672
84,3,C,F,55996,31886,37188,41373,45326,49427,54225,60322,69038,85731
84,3,C,E,63280,33865,39843,44624,49198,54184,59954,67373,78394,99151
84,4,C,H,40810,25142,29025,32025,34779,37568,40582,44220,49087,57316
84,4,C,F,35091,23143,26214,28631,30749,32923,35337,38283,42228,48802
84,4,C,E,38501,24145,27667,30393,32925,35529,38418,41849,46490,54298
84,5,C,H,28887,20014,21735,23123,24521,26077,27963,30442,34089,40727
84,5,C,F,27319,19883,21555,22876,24150,25526,27130,29123,31933,36843
84,5,C,E,27859,19929,21613,22957,24271,25703,27390,29523,32610,38128
84,6N,C,H,25889,18699,20849,22297,23427,24672,26067,27821,30174,34133
84,6N,C,F,23605,16152,19842,21080,22188,23133,24282,25668,27592,30898
84,6N,C,E,25235,18419,20494,21957,23016,24191,25543,27191,29463,33350
84,6Q,C,H,31189,22095,24300,26139,27883,29649,31554,33774,36714,41701
84,6Q,C,F,28211,20737,22468,23807,25084,26421,28044,30024,32864,37529
84,6Q,C,E,30859,21883,24012,25798,27516,29282,31191,33424,36363,41345
84,T,C,H,39906,21900,24570,27090,29757,32754,36417,41383,49019,63538
84,T,C,F,33954,20562,22708,24569,26575,28951,31873,35773,41581,52281
84,T,C,E,37756,21303,23753,26024,28494,31303,34722,39307,46303,59613
84,3,N,H,59203,20676,27239,34167,40629,46590,53451,62190,76084,104812
84,3,N,F,52002,26088,33764,38745,42771,46689,50950,56673,65077,80754
84,3,N,E,55692,22845,30681,36842,41892,46654,51961,58925,70011,91998
84,4,N,H,37571,20196,22938,25951,29353,33093,37282,42425,49593,59536
84,4,N,F,34091,21267,24628,27543,29963,32233,34720,37703,41623,48433
84,4,N,E,34966,20960,24164,27197,29859,32386,35169,38522,43186,51445
84,5,N,H,24649,18763,19841,20560,21381,22264,23310,24643,26920,32030
84,5,N,F,24990,19007,20046,20922,21941,22990,24269,25992,28552,33367
84,5,N,E,24929,18962,20007,20846,21829,22840,24079,25750,28302,33177
84,6N,N,H,22638,17243,18683,19598,20517,21698,22729,23938,25888,29803
84,6N,N,F,21594,17835,18948,19528,20043,20528,21251,22360,23741,26920
84,6N,N,E,22005,17698,18877,19546,20156,20808,21883,22953,24649,28205
84,6Q,N,H,28622,19565,21185,22703,24096,25573,27427,29800,33373,41690
84,6Q,N,F,26965,19506,20956,22306,23480,24668,25989,28046,31035,37020
84,6Q,N,E,28148,19545,21110,22574,23887,25250,26999,29284,32686,40313
84,T,N,H,35406,18897,20451,22028,23568,25685,29009,34507,44046,59817
84,T,N,F,29395,19135,20307,21551,22931,24657,27086,30556,35749,45151
84,T,N,E,31295,19075,20346,21686,23118,24946,27606,31502,37762,49483
84,3,T,H,65924,33502,40383,45594,50532,55866,62089,70163,82054,104686
84,3,T,F,55313,31047,36685,40932,44866,48940,53663,59682,68399,84930
84,3,T,E,62395,32495,38890,43766,48373,53333,59085,66539,77577,98468
84,4,T,H,40623,24661,28657,31745,34550,37390,40456,44156,49105,57436
84,4,T,F,34879,22694,25910,28419,30591,32776,35216,38159,42106,48737
84,4,T,E,38052,23601,27210,30000,32531,35144,38036,41470,46144,53988
84,5,T,H,28249,19675,21225,22565,23893,25387,27209,29605,33225,39866
84,5,T,F,26617,19474,20900,22187,23402,24734,26300,28272,31063,35990
84,5,T,E,27110,19528,20994,22291,23544,24921,26554,28634,31652,37105
84,6N,T,H,25542,18452,20455,22002,23104,24322,25734,27471,29837,33837
84,6N,T,F,22973,17242,19328,20262,21204,22285,23321,24730,26639,30045
84,6N,T,E,24661,18260,19931,21213,22434,23551,24903,26545,28842,32744
84,6Q,T,H,31055,21874,24087,25927,27684,29463,31385,33632,36613,41701
84,6Q,T,F,28024,20480,22246,23554,24834,26143,27765,29768,32639,37473
84,6Q,T,E,30686,21627,23766,25538,27262,29048,30971,33233,36223,41310
84,T,T,H,39543,21406,24064,26576,29261,32287,35994,41008,48709,63286
84,T,T,F,32810,19968,21917,23656,25583,27893,30765,34578,40229,50627
84,T,T,E,36785,20601,22984,25169,27592,30386,33774,38312,45201,58262
93,3,C,H,65327,33028,40111,45470,50591,56116,62425,70416,81680,102810
93,3,C,F,54418,30643,36361,40662,44605,48646,53212,59051,67302,83037
93,3,C,E,61756,32022,38636,43557,48304,53302,59158,66598,77147,96827
93,4,C,H,40895,24391,28244,31280,34069,36912,40141,44006,49265,58047
93,4,C,F,34825,22989,26056,28493,30626,32804,35170,37994,41873,48347
93,4,C,E,38181,23654,27110,29829,32318,34855,37721,41219,46035,54114
93,5,C,H,28400,19998,21670,23031,24373,25830,27611,29871,33197,39245
93,5,C,F,26977,19808,21403,22711,23956,25248,26732,28595,31267,35999
93,5,C,E,27508,19876,21495,22826,24102,25455,27028,29036,31949,37183
93,6N,C,H,24758,18472,20221,21488,22597,23730,25072,26737,29039,32821
93,6N,C,F,22459,13331,19248,20368,21182,22060,22911,24142,25947,29245
93,6N,C,E,24233,18208,19978,21154,22216,23269,24529,26161,28412,32120
93,6Q,C,H,30667,21170,23409,25241,26969,28766,30746,33122,36356,41729
93,6Q,C,F,27248,20165,21922,23187,24391,25599,26911,28932,31799,36637
93,6Q,C,E,30401,21061,23242,25012,26687,28485,30466,32839,36058,41382
93,T,C,H,38904,21075,23569,25895,28453,31437,35173,40319,48280,63438
93,T,C,F,33177,20368,22407,24208,26105,28367,31215,34971,40624,50957
93,T,C,E,36694,20751,23056,25144,27432,30150,33521,38115,45155,58629
93,3,N,H,58053,19191,24480,31203,38177,45366,53083,63260,78298,106704
93,3,N,F,52338,23985,32113,38040,42711,46900,51499,57766,67030,83548
93,3,N,E,55304,20796,27985,34814,40829,46324,52188,60130,72121,95057
93,4,N,H,35857,19351,21822,24264,27328,31071,35032,40040,46733,57779
93,4,N,F,33539,20316,23491,26372,29119,31580,34286,37267,41376,48350
93,4,N,E,34177,20039,22952,25799,28706,31485,34451,37774,42496,50883
93,5,N,H,24289,18733,19739,20425,21199,22088,23040,24395,26596,31173
93,5,N,F,24240,18803,19655,20441,21320,22332,23501,25066,27374,31818
93,5,N,E,24250,18788,19672,20437,21292,22269,23385,24908,27207,31685
93,6N,N,H,21723,17986,18572,19207,19898,20635,21769,22869,24331,27072
93,6N,N,F,21185,18018,18917,19379,19829,20263,20769,21671,22921,25421
93,6N,N,E,21403,18007,18786,19322,19846,20365,21049,22210,23482,26200
93,6Q,N,H,26332,18807,20006,21224,22531,23870,25529,27640,30390,35707
93,6Q,N,F,25087,18829,19892,20871,22019,23011,24362,26021,28469,33446
93,6Q,N,E,26059,18810,19973,21132,22396,23672,25264,27263,30038,35174
93,T,N,H,32865,18598,19839,20935,22304,23830,26180,30197,38231,55961
93,T,N,F,28246,18847,19832,20749,21968,23355,25337,28360,33477,43514
93,T,N,E,29807,18766,19834,20807,22088,23512,25590,28892,34690,47033
93,3,T,H,64656,30905,38857,44468,49724,55366,61800,69953,81478,103132
93,3,T,F,54080,29599,35832,40313,44318,48387,52952,58873,67273,83106
93,3,T,E,61005,30377,37570,42737,47519,52563,58459,65977,76655,96615
93,4,T,H,40599,23832,27787,30934,33787,36647,39942,43841,49163,58032
93,4,T,F,34607,22469,25648,28198,30399,32619,35026,37877,41782,48347
93,4,T,E,37734,23078,26608,29414,31952,34511,37380,40884,45696,53803
93,5,T,H,27787,19651,21149,22457,23757,25190,26898,29116,32411,38454
93,5,T,F,26229,19326,20677,21942,23150,24438,25912,27743,30363,35074
93,5,T,E,26754,19421,20825,22117,23346,24673,26219,28180,31020,36182
93,6N,T,H,24359,18340,19776,21052,22216,23308,24592,26246,28547,32291
93,6N,T,F,21914,17007,19015,19754,20392,21111,22075,23082,24724,27995
93,6N,T,E,23601,18125,19427,20448,21487,22552,23725,25274,27505,31239
93,6Q,T,H,30410,20874,23113,24942,26674,28498,30474,32854,36096,41540
93,6Q,T,F,26873,19784,21434,22747,23952,25212,26542,28418,31341,36240
93,6Q,T,E,30102,20727,22892,24674,26362,28157,30151,32522,35756,41124
93,T,T,H,38352,20552,22991,25266,27790,30760,34484,39636,47633,62918
93,T,T,F,32000,19681,21451,23155,24981,27136,29909,33624,39204,49475
93,T,T,E,35630,20099,22234,24221,26423,29068,32396,36897,43848,57165
94,3,C,H,57673,26324,33510,39254,44193,49495,55429,63253,73845,94654
94,3,C,F,48839,26961,32933,36840,40597,44886,48832,54120,60859,73758
94,3,C,E,54377,26619,33227,38152,42749,47429,52649,59157,68527,86649
94,4,C,H,40024,23618,27304,30343,33483,36533,40251,44294,49872,58131
94,4,C,F,34993,23103,26261,28828,31026,32928,35362,38527,42573,49645
94,4,C,E,37704,23398,26789,29540,31929,34547,37651,41529,46499,54098
94,5,C,H,28277,20425,21880,23008,24235,25643,27198,29359,32609,38954
94,5,C,F,26139,19947,21172,22213,23253,24419,25811,27541,29850,34140
94,5,C,E,26916,20092,21414,22484,23571,24876,26295,28140,30801,35854
94,6N,C,H,24980,18497,19921,21129,22299,23428,24826,26810,29396,34027
94,6N,C,F,21638,12943,19261,20049,20735,21414,22281,23065,24624,27516
94,6N,C,E,24527,18428,19801,20896,21992,23066,24440,26240,28829,33356
94,6Q,C,H,29979,21013,23022,24678,26336,28090,29962,32417,35469,40847
94,6Q,C,F,26549,20090,21779,23159,24329,25395,26464,27556,29654,33213
94,6Q,C,E,29716,20908,22902,24521,26113,27781,29629,32051,35078,40509
94,T,C,H,33626,20533,22531,24283,26233,28441,31213,34794,40521,51268
94,T,C,F,30103,20165,21690,23052,24571,26317,28499,31420,35962,44928
94,T,C,E,32227,20342,22138,23722,25514,27531,30045,33450,38725,48812
94,3,N,H,47723,19210,23359,27455,32725,38559,45259,52411,65150,88486
94,3,N,F,45519,19145,23562,29591,34912,40273,45681,51850,60011,77115
94,3,N,E,46903,19189,23402,28113,33564,39332,45373,52211,62556,83563
94,4,N,H,38080,19601,21905,24437,27523,31610,36939,43992,49545,62129
94,4,N,F,34074,21307,24034,26788,29514,32172,35373,39013,42703,48918
94,4,N,E,35411,20632,23328,25877,29052,32048,35722,40045,45133,52773
94,5,N,H,24663,18652,19870,20606,21833,22735,23811,25358,27554,30863
94,5,N,F,24136,18824,19957,20632,21398,22359,23512,25166,27339,30795
94,5,N,E,24252,18777,19934,20628,21475,22423,23604,25203,27388,30797
94,6N,N,H,21682,18255,18420,18750,19540,20286,20979,22184,24043,27902
94,6N,N,F,21116,18723,19069,19435,19815,20188,20733,21357,22596,25244
94,6N,N,E,21308,18355,18865,19300,19756,20222,20798,21586,22906,26169
94,6Q,N,H,26640,18953,20438,21572,22374,23496,25432,27713,31022,39162
94,6Q,N,F,23785,18559,19513,20381,21283,22140,22755,24741,27078,30219
94,6Q,N,E,26123,18908,20210,21346,22163,23139,24932,27145,30142,37635
94,T,N,H,32287,18632,20095,21434,22743,24429,27066,30926,39647,54723
94,T,N,F,26798,18865,19914,20696,21621,22809,24490,26952,30446,39371
94,T,N,E,28788,18788,19972,20851,22002,23315,25261,27960,32946,45020
94,3,T,H,55766,23741,31191,36900,42378,47743,53519,61529,72679,93751
94,3,T,F,48205,24623,31292,35972,39767,44183,48267,53787,60704,74023
94,3,T,E,52946,24022,31242,36486,41269,46204,51470,58146,67670,86182
94,4,T,H,39901,23183,26910,29996,33085,36295,40115,44291,49856,58367
94,4,T,F,34868,22746,25960,28555,30868,32838,35363,38569,42575,49576
94,4,T,E,37478,22938,26419,29233,31708,34383,37479,41359,46353,54026
94,5,T,H,27814,20102,21555,22687,23843,25250,26772,28786,32038,38222
94,5,T,F,25679,19578,20755,21790,22797,23940,25353,27039,29242,33526
94,5,T,E,26394,19740,20977,22080,23133,24344,25821,27598,30118,35120
94,6N,T,H,24758,18358,19695,20880,22031,23204,24620,26577,29123,33838
94,6N,T,F,21390,18460,19106,19683,20168,20767,21450,22445,23692,26628
94,6N,T,E,24026,18391,19451,20426,21407,22561,23782,25570,28104,32435
94,6Q,T,H,29789,20809,22762,24419,26116,27862,29756,32234,35309,40794
94,6Q,T,F,26166,19702,21324,22502,23920,25111,26101,27307,29397,32862
94,6Q,T,E,29487,20645,22594,24205,25838,27511,29383,31813,34886,40407
94,T,T,H,33499,20239,22236,23947,25907,28110,30907,34556,40471,51548
94,T,T,F,29381,19727,21088,22408,23836,25567,27635,30502,34972,43885
94,T,T,E,31717,19980,21645,23189,24923,26910,29367,32780,38082,48281
99,3,C,H,72415,35672,42232,47556,52860,58634,65485,74448,87955,115620
99,3,C,F,60815,32936,38629,43042,47272,51828,57177,63998,74208,94329
99,3,C,E,68373,34541,40786,45777,50679,56054,62396,70685,83193,108204
99,4,C,H,40604,24753,28541,31542,34290,37091,40148,43821,48805,57453
99,4,C,F,35704,23193,26321,28779,30964,33246,35818,38920,43122,50176
99,4,C,E,38504,23971,27439,30171,32709,35337,38264,41742,46478,54581
99,5,C,H,28659,19785,21454,22826,24195,25725,27604,30058,33687,40421
99,5,C,F,27367,19737,21351,22664,23950,25336,26951,28999,31959,37260
99,5,C,E,27831,19754,21387,22721,24033,25467,27166,29347,32540,38356
99,6N,C,H,25294,18408,20394,21882,23023,24238,25668,27443,29898,33993
99,6N,C,F,23398,15041,19586,20771,21914,22841,23958,25357,27332,30784
99,6N,C,E,24779,18159,20145,21531,22671,23817,25167,26866,29225,33216
99,6Q,C,H,30532,21517,23738,25525,27226,28955,30820,33043,36029,41045
99,6Q,C,F,27757,20404,22177,23495,24760,26009,27524,29484,32226,36951
99,6Q,C,E,30249,21354,23515,25252,26912,28633,30502,32725,35704,40715
99,T,C,H,41286,21429,24078,26567,29253,32344,36260,41699,50255,67226
99,T,C,F,35963,20489,22673,24642,26812,29459,32835,37467,44387,57177
99,T,C,E,39287,21007,23467,25754,28282,31236,34954,40074,47959,63391
99,3,N,H,67816,20683,27606,35027,42001,48897,57035,68272,85328,122623
99,3,N,F,56681,25608,33902,39373,43871,48433,53639,60488,70810,90598
99,3,N,E,62465,22613,30806,37556,43118,48636,55074,63855,77356,105002
99,4,N,H,37964,19959,22545,25451,28721,32464,36555,41839,49352,60932
99,4,N,F,34362,20763,23977,27014,29659,32102,34780,37932,42186,49670
99,4,N,E,35356,20483,23551,26598,29473,32174,35139,38711,43734,52870
99,5,N,H,24536,18572,19617,20369,21160,22067,23042,24418,26695,31920
99,5,N,F,24568,18846,19839,20639,21557,22540,23729,25315,27728,32517
99,5,N,E,24561,18787,19795,20578,21471,22432,23583,25133,27541,32420
99,6N,N,H,22066,17773,18650,19438,20217,21135,22316,23291,24843,28020
99,6N,N,F,21409,17950,18952,19498,19976,20406,21042,22153,23405,26279
99,6N,N,E,21687,17887,18856,19479,20053,20608,21545,22669,24051,27083
99,6Q,N,H,27180,18995,20536,22111,23332,24714,26296,28328,31212,37680
99,6Q,N,F,25987,19118,20399,21689,22766,23969,25330,27041,29664,34905
99,6Q,N,E,26873,19028,20496,21994,23175,24510,26020,27996,30834,36934
99,T,N,H,36216,18645,20081,21406,22866,24682,27490,32403,42196,61349
99,T,N,F,29436,18941,20058,21067,22330,23838,26003,29393,35000,45789
99,T,N,E,31753,18851,20067,21165,22502,24103,26453,30243,36908,50363
99,3,T,H,72030,34125,41250,46753,52144,58010,64973,74056,87795,116091
99,3,T,F,60250,32053,38074,42572,46835,51373,56715,63557,73776,93826
99,3,T,E,67765,33244,39917,45020,49964,55375,61762,70099,82687,107931
99,4,T,H,40454,24283,28178,31258,34061,36906,40013,43747,48826,57630
99,4,T,F,35470,22691,25955,28519,30755,33060,35644,38760,42968,50095
99,4,T,E,38155,23430,27010,29809,32369,35010,37948,41449,46231,54421
99,5,T,H,28049,19462,20977,22300,23598,25072,26878,29273,32859,39575
99,5,T,F,26584,19343,20715,21975,23168,24497,26057,28052,30940,36207
99,5,T,E,27055,19378,20795,22082,23299,24673,26302,28416,31519,37254
99,6N,T,H,24867,18296,19980,21400,22619,23779,25167,26922,29364,33464
99,6N,T,F,22687,17040,19199,20067,20821,21913,22918,24227,26169,29630
99,6N,T,E,24137,18060,19606,20740,22027,23087,24370,26028,28366,32352
99,6Q,T,H,30346,21262,23497,25285,26990,28730,30607,32844,35859,40939
99,6Q,T,F,27488,20108,21880,23185,24456,25714,27206,29146,31917,36724
99,6Q,T,E,30025,21069,23242,24979,26632,28363,30243,32483,35491,40565
99,T,T,H,40857,20907,23527,25974,28660,31757,35682,41151,49750,66840
99,T,T,F,34474,19861,21767,23559,25588,28084,31314,35776,42501,54906
99,T,T,E,38200,20336,22659,24833,27277,30184,33835,38879,46643,61837
