[{"prenom":"ABEL","sexe":"M","departement":"78","annee_naissance":2006,"nombre_occurences":3},{"prenom":"ABIGAELLE","sexe":"F","departement":"78","annee_naissance":2006,"nombre_occurences":3},{"prenom":"ABIGAIL","sexe":"F","departement":"78","annee_naissance":2006,"nombre_occurences":4},{"prenom":"ABOU","sexe":"M","departement":"78","annee_naissance":2006,"nombre_occurences":4},{"prenom":"ACHILLE","sexe":"M","departement":"78","annee_naissance":2006,"nombre_occurences":4},{"prenom":"ADAM","sexe":"M","departement":"78","annee_naissance":2006,"nombre_occurences":68},{"prenom":"ADEL","sexe":"M","departement":"78","annee_naissance":2006,"nombre_occurences":7},{"prenom":"ADELAIDE","sexe":"F","departement":"78","annee_naissance":2006,"nombre_occurences":3},{"prenom":"ADELE","sexe":"F","departement":"78","annee_naissance":2006,"nombre_occurences":23},{"prenom":"ADELIE","sexe":"F","departement":"78","annee_naissance":2006,"nombre_occurences":4},{"prenom":"ADELINE","sexe":"F","departement":"78","annee_naissance":2006,"nombre_occurences":4},{"prenom":"ADEM","sexe":"M","departement":"78","annee_naissance":2006,"nombre_occurences":6},{"prenom":"ADIL","sexe":"M","departement":"78","annee_naissance":2006,"nombre_occurences":7},{"prenom":"ADRIEN","sexe":"M","departement":"78","annee_naissance":2006,"nombre_occurences":68},{"prenom":"AGATHE","sexe":"F","departement":"78","annee_naissance":2006,"nombre_occurences":37},{"prenom":"AGLAE","sexe":"F","departement":"78","annee_naissance":2006,"nombre_occurences":5},{"prenom":"AGNES","sexe":"F","departement":"78","annee_naissance":2006,"nombre_occurences":3},{"prenom":"AHMED","sexe":"M","departement":"78","annee_naissance":2006,"nombre_occurences":10},{"prenom":"AICHA","sexe":"F","departement":"78","annee_naissance":2006,"nombre_occurences":10},{"prenom":"AIDAN","sexe":"M","departement":"78","annee_naissance":2006,"nombre_occurences":3},{"prenom":"AISSA","sexe":"M","departement":"78","annee_naissance":2006,"nombre_occurences":4},{"prenom":"AISSATA","sexe":"F","departement":"78","annee_naissance":2006,"nombre_occurences":13},{"prenom":"AISSATOU","sexe":"F","departement":"78","annee_naissance":2006,"nombre_occurences":5},{"prenom":"AKRAM","sexe":"M","departement":"78","annee_naissance":2006,"nombre_occurences":3},{"prenom":"ALAIN","sexe":"M","departement":"78","annee_naissance":2006,"nombre_occurences":3},{"prenom":"ALAN","sexe":"M","departement":"78","annee_naissance":2006,"nombre_occurences":15},{"prenom":"ALANA","sexe":"F","departement":"78","annee_naissance":2006,"nombre_occurences":4},{"prenom":"ALANN","sexe":"M","departement":"78","annee_naissance":2006,"nombre_occurences":3},{"prenom":"ALBAN","sexe":"M","departement":"78","annee_naissance":2006,"nombre_occurences":17},{"prenom":"ALBANE","sexe":"F","departement":"78","annee_naissance":2006,"nombre_occurences":10},{"prenom":"ALBERIC","sexe":"M","departement":"78","annee_naissance":2006,"nombre_occurences":3},{"prenom":"ALBIN","sexe":"M","departement":"78","annee_naissance":2006,"nombre_occurences":3},{"prenom":"ALESSIA","sexe":"F","departement":"78","annee_naissance":2006,"nombre_occurences":4},{"prenom":"ALEX","sexe":"M","departement":"78","annee_naissance":2006,"nombre_occurences":11},{"prenom":"ALEXANDRA","sexe":"F","departement":"78","annee_naissance":2006,"nombre_occurences":14},{"prenom":"ALEXANDRE","sexe":"M","departement":"78","annee_naissance":2006,"nombre_occurences":131},{"prenom":"ALEXIA","sexe":"F","departement":"78","annee_naissance":2006,"nombre_occurences":17},{"prenom":"ALEXIS","sexe":"M","departement":"78","annee_naissance":2006,"nombre_occurences":80},{"prenom":"ALEXY","sexe":"M","departement":"78","annee_naissance":2006,"nombre_occurences":5},{"prenom":"ALFRED","sexe":"M","departement":"78","annee_naissance":2006,"nombre_occurences":3},{"prenom":"ALI","sexe":"M","departement":"78","annee_naissance":2006,"nombre_occurences":8},{"prenom":"ALICE","sexe":"F","departement":"78","annee_naissance":2006,"nombre_occurences":46},{"prenom":"ALICIA","sexe":"F","departement":"78","annee_naissance":2006,"nombre_occurences":39},{"prenom":"ALIENOR","sexe":"F","departement":"78","annee_naissance":2006,"nombre_occurences":3},{"prenom":"ALINE","sexe":"F","departement":"78","annee_naissance":2006,"nombre_occurences":3},{"prenom":"ALISON","sexe":"F","departement":"78","annee_naissance":2006,"nombre_occurences":3},{"prenom":"ALIX","sexe":"F","departement":"78","annee_naissance":2006,"nombre_occurences":22},{"prenom":"ALIX","sexe":"M","departement":"78","annee_naissance":2006,"nombre_occurences":5},{"prenom":"ALIYA","sexe":"F","departement":"78","annee_naissance":2006,"nombre_occurences":9},{"prenom":"ALIYAH","sexe":"F","departement":"78","annee_naissance":2006,"nombre_occurences":6},{"prenom":"ALIZE","sexe":"F","departement":"78","annee_naissance":2006,"nombre_occurences":3},{"prenom":"ALIZEE","sexe":"F","departement":"78","annee_naissance":2006,"nombre_occurences":8},{"prenom":"ALLAN","sexe":"M","departement":"78","annee_naissance":2006,"nombre_occurences":10},{"prenom":"ALOIS","sexe":"M","departement":"78","annee_naissance":2006,"nombre_occurences":3},{"prenom":"ALY","sexe":"M","departement":"78","annee_naissance":2006,"nombre_occurences":3},{"prenom":"ALYA","sexe":"F","departement":"78","annee_naissance":2006,"nombre_occurences":5},{"prenom":"ALYCIA","sexe":"F","departement":"78","annee_naissance":2006,"nombre_occurences":8},{"prenom":"ALYSSA","sexe":"F","departement":"78","annee_naissance":2006,"nombre_occurences":14},{"prenom":"ALYSSIA","sexe":"F","departement":"78","annee_naissance":2006,"nombre_occurences":4},{"prenom":"AMADOU","sexe":"M","departement":"78","annee_naissance":2006,"nombre_occurences":8},{"prenom":"AMANDINE","sexe":"F","departement":"78","annee_naissance":2006,"nombre_occurences":22},{"prenom":"AMAURY","sexe":"M","departement":"78","annee_naissance":2006,"nombre_occurences":27},{"prenom":"AMBRE","sexe":"F","departement":"78","annee_naissance":2006,"nombre_occurences":56},{"prenom":"AMBRINE","sexe":"F","departement":"78","annee_naissance":2006,"nombre_occurences":5},{"prenom":"AMBROISE","sexe":"M","departement":"78","annee_naissance":2006,"nombre_occurences":7},{"prenom":"AMEL","sexe":"F","departement":"78","annee_naissance":2006,"nombre_occurences":9},{"prenom":"AMELIE","sexe":"F","departement":"78","annee_naissance":2006,"nombre_occurences":23},{"prenom":"AMIN","sexe":"M","departement":"78","annee_naissance":2006,"nombre_occurences":6},{"prenom":"AMINA","sexe":"F","departement":"78","annee_naissance":2006,"nombre_occurences":9},{"prenom":"AMINATA","sexe":"F","departement":"78","annee_naissance":2006,"nombre_occurences":13},{"prenom":"AMINE","sexe":"M","departement":"78","annee_naissance":2006,"nombre_occurences":42},{"prenom":"AMIR","sexe":"M","departement":"78","annee_naissance":2006,"nombre_occurences":6},{"prenom":"AMIRA","sexe":"F","departement":"78","annee_naissance":2006,"nombre_occurences":10},{"prenom":"ANAE","sexe":"F","departement":"78","annee_naissance":2006,"nombre_occurences":6},{"prenom":"ANAELLE","sexe":"F","departement":"78","annee_naissance":2006,"nombre_occurences":24},{"prenom":"ANAIS","sexe":"F","departement":"78","annee_naissance":2006,"nombre_occurences":65},{"prenom":"ANAS","sexe":"M","departement":"78","annee_naissance":2006,"nombre_occurences":7},{"prenom":"ANATOLE","sexe":"M","departement":"78","annee_naissance":2006,"nombre_occurences":9},{"prenom":"ANDREA","sexe":"F","departement":"78","annee_naissance":2006,"nombre_occurences":17},{"prenom":"ANDREA","sexe":"M","departement":"78","annee_naissance":2006,"nombre_occurences":7},{"prenom":"ANDREAS","sexe":"M","departement":"78","annee_naissance":2006,"nombre_occurences":3},{"prenom":"ANES","sexe":"M","departement":"78","annee_naissance":2006,"nombre_occurences":4},{"prenom":"ANGELE","sexe":"F","departement":"78","annee_naissance":2006,"nombre_occurences":11},{"prenom":"ANGELINA","sexe":"F","departement":"78","annee_naissance":2006,"nombre_occurences":15},{"prenom":"ANGELINE","sexe":"F","departement":"78","annee_naissance":2006,"nombre_occurences":10},{"prenom":"ANGELIQUE","sexe":"F","departement":"78","annee_naissance":2006,"nombre_occurences":6},{"prenom":"ANGELO","sexe":"M","departement":"78","annee_naissance":2006,"nombre_occurences":5},{"prenom":"ANIS","sexe":"M","departement":"78","annee_naissance":2006,"nombre_occurences":8},{"prenom":"ANISSA","sexe":"F","departement":"78","annee_naissance":2006,"nombre_occurences":15},{"prenom":"ANNA","sexe":"F","departement":"78","annee_naissance":2006,"nombre_occurences":30},{"prenom":"ANNAELLE","sexe":"F","departement":"78","annee_naissance":2006,"nombre_occurences":3},{"prenom":"ANOUK","sexe":"F","departement":"78","annee_naissance":2006,"nombre_occurences":10},{"prenom":"ANTHONY","sexe":"M","departement":"78","annee_naissance":2006,"nombre_occurences":25},{"prenom":"ANTOINE","sexe":"M","departement":"78","annee_naissance":2006,"nombre_occurences":100},{"prenom":"ANTON","sexe":"M","departement":"78","annee_naissance":2006,"nombre_occurences":4},{"prenom":"ANTONIN","sexe":"M","departement":"78","annee_naissance":2006,"nombre_occurences":20},{"prenom":"ANTONY","sexe":"M","departement":"78","annee_naissance":2006,"nombre_occurences":3},{"prenom":"APOLINE","sexe":"F","departement":"78","annee_naissance":2006,"nombre_occurences":3},{"prenom":"APOLLINE","sexe":"F","departement":"78","annee_naissance":2006,"nombre_occurences":23},{"prenom":"ARIANE","sexe":"F","departement":"78","annee_naissance":2006,"nombre_occurences":3},{"prenom":"ARMAND","sexe":"M","departement":"78","annee_naissance":2006,"nombre_occurences":14},{"prenom":"ARMELLE","sexe":"F","departement":"78","annee_naissance":2006,"nombre_occurences":5},{"prenom":"ARNAUD","sexe":"M","departement":"78","annee_naissance":2006,"nombre_occurences":13},{"prenom":"ARON","sexe":"M","departement":"78","annee_naissance":2006,"nombre_occurences":3},{"prenom":"ARSENE","sexe":"M","departement":"78","annee_naissance":2006,"nombre_occurences":10},{"prenom":"ARTHUR","sexe":"M","departement":"78","annee_naissance":2006,"nombre_occurences":78},{"prenom":"ARWEN","sexe":"F","departement":"78","annee_naissance":2006,"nombre_occurences":3},{"prenom":"ASMA","sexe":"F","departement":"78","annee_naissance":2006,"nombre_occurences":9},{"prenom":"ASSA","sexe":"F","departement":"78","annee_naissance":2006,"nombre_occurences":3},{"prenom":"ASSIA","sexe":"F","departement":"78","annee_naissance":2006,"nombre_occurences":16},{"prenom":"ASTRID","sexe":"F","departement":"78","annee_naissance":2006,"nombre_occurences":4},{"prenom":"ATHENAIS","sexe":"F","departement":"78","annee_naissance":2006,"nombre_occurences":7},{"prenom":"AUDE","sexe":"F","departement":"78","annee_naissance":2006,"nombre_occurences":3},{"prenom":"AUDREY","sexe":"F","departement":"78","annee_naissance":2006,"nombre_occurences":12},{"prenom":"AUGUSTIN","sexe":"M","departement":"78","annee_naissance":2006,"nombre_occurences":18},{"prenom":"AURELE","sexe":"M","departement":"78","annee_naissance":2006,"nombre_occurences":4},{"prenom":"AURELIA","sexe":"F","departement":"78","annee_naissance":2006,"nombre_occurences":3},{"prenom":"AURELIE","sexe":"F","departement":"78","annee_naissance":2006,"nombre_occurences":7},{"prenom":"AURELIEN","sexe":"M","departement":"78","annee_naissance":2006,"nombre_occurences":22},{"prenom":"AURIANE","sexe":"F","departement":"78","annee_naissance":2006,"nombre_occurences":6},{"prenom":"AURORE","sexe":"F","departement":"78","annee_naissance":2006,"nombre_occurences":11},{"prenom":"AVA","sexe":"F","departement":"78","annee_naissance":2006,"nombre_occurences":4},{"prenom":"AVRIL","sexe":"F","departement":"78","annee_naissance":2006,"nombre_occurences":3},{"prenom":"AWA","sexe":"F","departement":"78","annee_naissance":2006,"nombre_occurences":6},{"prenom":"AXEL","sexe":"M","departement":"78","annee_naissance":2006,"nombre_occurences":56},{"prenom":"AXELLE","sexe":"F","departement":"78","annee_naissance":2006,"nombre_occurences":9},{"prenom":"AYA","sexe":"F","departement":"78","annee_naissance":2006,"nombre_occurences":22},{"prenom":"AYLAN","sexe":"M","departement":"78","annee_naissance":2006,"nombre_occurences":3},{"prenom":"AYMAN","sexe":"M","departement":"78","annee_naissance":2006,"nombre_occurences":6},{"prenom":"AYMANE","sexe":"M","departement":"78","annee_naissance":2006,"nombre_occurences":4},{"prenom":"AYMEN","sexe":"M","departement":"78","annee_naissance":2006,"nombre_occurences":3},{"prenom":"AYMERIC","sexe":"M","departement":"78","annee_naissance":2006,"nombre_occurences":15},{"prenom":"AYOUB","sexe":"M","departement":"78","annee_naissance":2006,"nombre_occurences":16},{"prenom":"BAKARY","sexe":"M","departement":"78","annee_naissance":2006,"nombre_occurences":4},{"prenom":"BALTHAZAR","sexe":"M","departement":"78","annee_naissance":2006,"nombre_occurences":3},{"prenom":"BAPTISTE","sexe":"M","departement":"78","annee_naissance":2006,"nombre_occurences":76},{"prenom":"BARBARA","sexe":"F","departement":"78","annee_naissance":2006,"nombre_occurences":3},{"prenom":"BASILE","sexe":"M","departement":"78","annee_naissance":2006,"nombre_occurences":12},{"prenom":"BASMA","sexe":"F","departement":"78","annee_naissance":2006,"nombre_occurences":3},{"prenom":"BASTIEN","sexe":"M","departement":"78","annee_naissance":2006,"nombre_occurences":25},{"prenom":"BAUDOUIN","sexe":"M","departement":"78","annee_naissance":2006,"nombre_occurences":3},{"prenom":"BENJAMIN","sexe":"M","departement":"78","annee_naissance":2006,"nombre_occurences":50},{"prenom":"BENOIT","sexe":"M","departement":"78","annee_naissance":2006,"nombre_occurences":13},{"prenom":"BERENICE","sexe":"F","departement":"78","annee_naissance":2006,"nombre_occurences":5},{"prenom":"BERTILLE","sexe":"F","departement":"78","annee_naissance":2006,"nombre_occurences":7},{"prenom":"BILAL","sexe":"M","departement":"78","annee_naissance":2006,"nombre_occurences":12},{"prenom":"BILEL","sexe":"M","departement":"78","annee_naissance":2006,"nombre_occurences":3},{"prenom":"BILLAL","sexe":"M","departement":"78","annee_naissance":2006,"nombre_occurences":9},{"prenom":"BILLEL","sexe":"M","departement":"78","annee_naissance":2006,"nombre_occurences":3},{"prenom":"BLANCHE","sexe":"F","departement":"78","annee_naissance":2006,"nombre_occurences":10},{"prenom":"BLANDINE","sexe":"F","departement":"78","annee_naissance":2006,"nombre_occurences":4},{"prenom":"BRAYAN","sexe":"M","departement":"78","annee_naissance":2006,"nombre_occurences":3},{"prenom":"BRIAC","sexe":"M","departement":"78","annee_naissance":2006,"nombre_occurences":4},{"prenom":"BRIAN","sexe":"M","departement":"78","annee_naissance":2006,"nombre_occurences":5},{"prenom":"BRIEUC","sexe":"M","departement":"78","annee_naissance":2006,"nombre_occurences":4},{"prenom":"BRUNE","sexe":"F","departement":"78","annee_naissance":2006,"nombre_occurences":3},{"prenom":"BRYAN","sexe":"M","departement":"78","annee_naissance":2006,"nombre_occurences":10},{"prenom":"CALISTA","sexe":"F","departement":"78","annee_naissance":2006,"nombre_occurences":3},{"prenom":"CAMELIA","sexe":"F","departement":"78","annee_naissance":2006,"nombre_occurences":7},{"prenom":"CAMIL","sexe":"M","departement":"78","annee_naissance":2006,"nombre_occurences":3},{"prenom":"CAMILLE","sexe":"F","departement":"78","annee_naissance":2006,"nombre_occurences":130},{"prenom":"CAMILLE","sexe":"M","departement":"78","annee_naissance":2006,"nombre_occurences":12},{"prenom":"CANDICE","sexe":"F","departement":"78","annee_naissance":2006,"nombre_occurences":20},{"prenom":"CEDRIC","sexe":"M","departement":"78","annee_naissance":2006,"nombre_occurences":5},{"prenom":"CELESTIN","sexe":"M","departement":"78","annee_naissance":2006,"nombre_occurences":4},{"prenom":"CELIAN","sexe":"M","departement":"78","annee_naissance":2006,"nombre_occurences":8},{"prenom":"CHARLES","sexe":"M","departement":"78","annee_naissance":2006,"nombre_occurences":26},{"prenom":"CHARLIE","sexe":"M","departement":"78","annee_naissance":2006,"nombre_occurences":4},{"prenom":"CHARLY","sexe":"M","departement":"78","annee_naissance":2006,"nombre_occurences":5},{"prenom":"CHRIS","sexe":"M","departement":"78","annee_naissance":2006,"nombre_occurences":3},{"prenom":"CHRISTOPHER","sexe":"M","departement":"78","annee_naissance":2006,"nombre_occurences":3},{"prenom":"CLARENCE","sexe":"M","departement":"78","annee_naissance":2006,"nombre_occurences":3},{"prenom":"CLEMENT","sexe":"M","departement":"78","annee_naissance":2006,"nombre_occurences":109},{"prenom":"CLOVIS","sexe":"M","departement":"78","annee_naissance":2006,"nombre_occurences":4},{"prenom":"COME","sexe":"M","departement":"78","annee_naissance":2006,"nombre_occurences":15},{"prenom":"CONSTANT","sexe":"M","departement":"78","annee_naissance":2006,"nombre_occurences":3},{"prenom":"CORENTIN","sexe":"M","departement":"78","annee_naissance":2006,"nombre_occurences":32},{"prenom":"CRISTIANO","sexe":"M","departement":"78","annee_naissance":2006,"nombre_occurences":4},{"prenom":"CYPRIEN","sexe":"M","departement":"78","annee_naissance":2006,"nombre_occurences":11},{"prenom":"CYRIL","sexe":"M","departement":"78","annee_naissance":2006,"nombre_occurences":3},{"prenom":"DALIL","sexe":"M","departement":"78","annee_naissance":2006,"nombre_occurences":5},{"prenom":"DAMIEN","sexe":"M","departement":"78","annee_naissance":2006,"nombre_occurences":17},{"prenom":"DAN","sexe":"M","departement":"78","annee_naissance":2006,"nombre_occurences":3},{"prenom":"DANI","sexe":"M","departement":"78","annee_naissance":2006,"nombre_occurences":3},{"prenom":"DANIEL","sexe":"M","departement":"78","annee_naissance":2006,"nombre_occurences":6},{"prenom":"DAOUD","sexe":"M","departement":"78","annee_naissance":2006,"nombre_occurences":3},{"prenom":"DAOUDA","sexe":"M","departement":"78","annee_naissance":2006,"nombre_occurences":3},{"prenom":"DAVID","sexe":"M","departement":"78","annee_naissance":2006,"nombre_occurences":14},{"prenom":"DIEGO","sexe":"M","departement":"78","annee_naissance":2006,"nombre_occurences":15},{"prenom":"DIMITRI","sexe":"M","departement":"78","annee_naissance":2006,"nombre_occurences":7},{"prenom":"DJIBRIL","sexe":"M","departement":"78","annee_naissance":2006,"nombre_occurences":15},{"prenom":"DORIAN","sexe":"M","departement":"78","annee_naissance":2006,"nombre_occurences":18},{"prenom":"DORYAN","sexe":"M","departement":"78","annee_naissance":2006,"nombre_occurences":3},{"prenom":"DRISS","sexe":"M","departement":"78","annee_naissance":2006,"nombre_occurences":4},{"prenom":"DYLAN","sexe":"M","departement":"78","annee_naissance":2006,"nombre_occurences":21},{"prenom":"EDEN","sexe":"M","departement":"78","annee_naissance":2006,"nombre_occurences":3},{"prenom":"EDGAR","sexe":"M","departement":"78","annee_naissance":2006,"nombre_occurences":7},{"prenom":"EDOUARD","sexe":"M","departement":"78","annee_naissance":2006,"nombre_occurences":12},{"prenom":"EFFLAM","sexe":"M","departement":"78","annee_naissance":2006,"nombre_occurences":3},{"prenom":"EL","sexe":"M","departement":"78","annee_naissance":2006,"nombre_occurences":6},{"prenom":"ELIAN","sexe":"M","departement":"78","annee_naissance":2006,"nombre_occurences":3},{"prenom":"ELIAS","sexe":"M","departement":"78","annee_naissance":2006,"nombre_occurences":20},{"prenom":"ELIE","sexe":"M","departement":"78","annee_naissance":2006,"nombre_occurences":3},{"prenom":"ELIO","sexe":"M","departement":"78","annee_naissance":2006,"nombre_occurences":3},{"prenom":"ELIOT","sexe":"M","departement":"78","annee_naissance":2006,"nombre_occurences":11},{"prenom":"ELIOTT","sexe":"M","departement":"78","annee_naissance":2006,"nombre_occurences":24},{"prenom":"ELLIOT","sexe":"M","departement":"78","annee_naissance":2006,"nombre_occurences":4},{"prenom":"ELLIOTT","sexe":"M","departement":"78","annee_naissance":2006,"nombre_occurences":3},{"prenom":"ELOI","sexe":"M","departement":"78","annee_naissance":2006,"nombre_occurences":8},{"prenom":"ELOUAN","sexe":"M","departement":"78","annee_naissance":2006,"nombre_occurences":12},{"prenom":"ELYAS","sexe":"M","departement":"78","annee_naissance":2006,"nombre_occurences":3},{"prenom":"ELYES","sexe":"M","departement":"78","annee_naissance":2006,"nombre_occurences":5},{"prenom":"EMERIC","sexe":"M","departement":"78","annee_naissance":2006,"nombre_occurences":6},{"prenom":"EMILE","sexe":"M","departement":"78","annee_naissance":2006,"nombre_occurences":5},{"prenom":"EMILIEN","sexe":"M","departement":"78","annee_naissance":2006,"nombre_occurences":5},{"prenom":"EMILY","sexe":"F","departement":"78","annee_naissance":2006,"nombre_occurences":4},{"prenom":"EMIN","sexe":"M","departement":"78","annee_naissance":2006,"nombre_occurences":3},{"prenom":"EMMA","sexe":"F","departement":"78","annee_naissance":2006,"nombre_occurences":153},{"prenom":"EMMANUEL","sexe":"M","departement":"78","annee_naissance":2006,"nombre_occurences":10},{"prenom":"EMMANUELLE","sexe":"F","departement":"78","annee_naissance":2006,"nombre_occurences":4},{"prenom":"EMMIE","sexe":"F","departement":"78","annee_naissance":2006,"nombre_occurences":6},{"prenom":"EMMY","sexe":"F","departement":"78","annee_naissance":2006,"nombre_occurences":7},{"prenom":"EMRE","sexe":"M","departement":"78","annee_naissance":2006,"nombre_occurences":3},{"prenom":"EMY","sexe":"F","departement":"78","annee_naissance":2006,"nombre_occurences":5},{"prenom":"ENES","sexe":"M","departement":"78","annee_naissance":2006,"nombre_occurences":4},{"prenom":"ENKI","sexe":"M","departement":"78","annee_naissance":2006,"nombre_occurences":3},{"prenom":"ENNIO","sexe":"M","departement":"78","annee_naissance":2006,"nombre_occurences":3},{"prenom":"ENOLA","sexe":"F","departement":"78","annee_naissance":2006,"nombre_occurences":4},{"prenom":"ENORA","sexe":"F","departement":"78","annee_naissance":2006,"nombre_occurences":19},{"prenom":"ENZO","sexe":"M","departement":"78","annee_naissance":2006,"nombre_occurences":157},{"prenom":"ERIC","sexe":"M","departement":"78","annee_naissance":2006,"nombre_occurences":8},{"prenom":"ERIN","sexe":"F","departement":"78","annee_naissance":2006,"nombre_occurences":8},{"prenom":"ERNEST","sexe":"M","departement":"78","annee_naissance":2006,"nombre_occurences":3},{"prenom":"ERWAN","sexe":"M","departement":"78","annee_naissance":2006,"nombre_occurences":34},{"prenom":"ERWANN","sexe":"M","departement":"78","annee_naissance":2006,"nombre_occurences":6},{"prenom":"ESRA","sexe":"F","departement":"78","annee_naissance":2006,"nombre_occurences":3},{"prenom":"ESTEBAN","sexe":"M","departement":"78","annee_naissance":2006,"nombre_occurences":27},{"prenom":"ESTELLE","sexe":"F","departement":"78","annee_naissance":2006,"nombre_occurences":10},{"prenom":"ESTHER","sexe":"F","departement":"78","annee_naissance":2006,"nombre_occurences":5},{"prenom":"ETHAN","sexe":"M","departement":"78","annee_naissance":2006,"nombre_occurences":79},{"prenom":"ETIENNE","sexe":"M","departement":"78","annee_naissance":2006,"nombre_occurences":17},{"prenom":"EUGENIE","sexe":"F","departement":"78","annee_naissance":2006,"nombre_occurences":16},{"prenom":"EVA","sexe":"F","departement":"78","annee_naissance":2006,"nombre_occurences":74},{"prenom":"EVAN","sexe":"M","departement":"78","annee_naissance":2006,"nombre_occurences":56},{"prenom":"EVE","sexe":"F","departement":"78","annee_naissance":2006,"nombre_occurences":9},{"prenom":"EWAN","sexe":"M","departement":"78","annee_naissance":2006,"nombre_occurences":12},{"prenom":"EWANN","sexe":"M","departement":"78","annee_naissance":2006,"nombre_occurences":3},{"prenom":"EWEN","sexe":"M","departement":"78","annee_naissance":2006,"nombre_occurences":12},{"prenom":"FABIEN","sexe":"M","departement":"78","annee_naissance":2006,"nombre_occurences":7},{"prenom":"FABIO","sexe":"M","departement":"78","annee_naissance":2006,"nombre_occurences":6},{"prenom":"FANNY","sexe":"F","departement":"78","annee_naissance":2006,"nombre_occurences":19},{"prenom":"FANTA","sexe":"F","departement":"78","annee_naissance":2006,"nombre_occurences":3},{"prenom":"FARAH","sexe":"F","departement":"78","annee_naissance":2006,"nombre_occurences":11},{"prenom":"FATIMA","sexe":"F","departement":"78","annee_naissance":2006,"nombre_occurences":5},{"prenom":"FATIMATA","sexe":"F","departement":"78","annee_naissance":2006,"nombre_occurences":7},{"prenom":"FATOU","sexe":"F","departement":"78","annee_naissance":2006,"nombre_occurences":3},{"prenom":"FATOUMATA","sexe":"F","departement":"78","annee_naissance":2006,"nombre_occurences":12},{"prenom":"FAUSTINE","sexe":"F","departement":"78","annee_naissance":2006,"nombre_occurences":13},{"prenom":"FELIX","sexe":"M","departement":"78","annee_naissance":2006,"nombre_occurences":7},{"prenom":"FERDINAND","sexe":"M","departement":"78","annee_naissance":2006,"nombre_occurences":3},{"prenom":"FIONA","sexe":"F","departement":"78","annee_naissance":2006,"nombre_occurences":4},{"prenom":"FLAVIE","sexe":"F","departement":"78","annee_naissance":2006,"nombre_occurences":11},{"prenom":"FLAVIEN","sexe":"M","departement":"78","annee_naissance":2006,"nombre_occurences":7},{"prenom":"FLAVIO","sexe":"M","departement":"78","annee_naissance":2006,"nombre_occurences":4},{"prenom":"FLEUR","sexe":"F","departement":"78","annee_naissance":2006,"nombre_occurences":5},{"prenom":"FLORA","sexe":"F","departement":"78","annee_naissance":2006,"nombre_occurences":9},{"prenom":"FLORENT","sexe":"M","departement":"78","annee_naissance":2006,"nombre_occurences":10},{"prenom":"FLORENTIN","sexe":"M","departement":"78","annee_naissance":2006,"nombre_occurences":3},{"prenom":"FLORIAN","sexe":"M","departement":"78","annee_naissance":2006,"nombre_occurences":39},{"prenom":"FLORIANE","sexe":"F","departement":"78","annee_naissance":2006,"nombre_occurences":8},{"prenom":"FLORINE","sexe":"F","departement":"78","annee_naissance":2006,"nombre_occurences":5},{"prenom":"FRANCOIS","sexe":"M","departement":"78","annee_naissance":2006,"nombre_occurences":6},{"prenom":"GABIN","sexe":"M","departement":"78","annee_naissance":2006,"nombre_occurences":14},{"prenom":"GABRIEL","sexe":"M","departement":"78","annee_naissance":2006,"nombre_occurences":98},{"prenom":"GABRIELLA","sexe":"F","departement":"78","annee_naissance":2006,"nombre_occurences":4},{"prenom":"GABRIELLE","sexe":"F","departement":"78","annee_naissance":2006,"nombre_occurences":21},{"prenom":"GAEL","sexe":"M","departement":"78","annee_naissance":2006,"nombre_occurences":5},{"prenom":"GAELLE","sexe":"F","departement":"78","annee_naissance":2006,"nombre_occurences":3},{"prenom":"GAETAN","sexe":"M","departement":"78","annee_naissance":2006,"nombre_occurences":13},{"prenom":"GARANCE","sexe":"F","departement":"78","annee_naissance":2006,"nombre_occurences":12},{"prenom":"GASPARD","sexe":"M","departement":"78","annee_naissance":2006,"nombre_occurences":19},{"prenom":"GATIEN","sexe":"M","departement":"78","annee_naissance":2006,"nombre_occurences":3},{"prenom":"GAUTHIER","sexe":"M","departement":"78","annee_naissance":2006,"nombre_occurences":5},{"prenom":"GEORGES","sexe":"M","departement":"78","annee_naissance":2006,"nombre_occurences":3},{"prenom":"GIANNI","sexe":"M","departement":"78","annee_naissance":2006,"nombre_occurences":3},{"prenom":"GIOVANNI","sexe":"M","departement":"78","annee_naissance":2006,"nombre_occurences":4},{"prenom":"GRACE","sexe":"F","departement":"78","annee_naissance":2006,"nombre_occurences":3},{"prenom":"GREGOIRE","sexe":"M","departement":"78","annee_naissance":2006,"nombre_occurences":22},{"prenom":"GUILHEM","sexe":"M","departement":"78","annee_naissance":2006,"nombre_occurences":8},{"prenom":"GUILLAUME","sexe":"M","departement":"78","annee_naissance":2006,"nombre_occurences":32},{"prenom":"GUILLEMETTE","sexe":"F","departement":"78","annee_naissance":2006,"nombre_occurences":4},{"prenom":"GUSTAVE","sexe":"M","departement":"78","annee_naissance":2006,"nombre_occurences":3},{"prenom":"GWENAELLE","sexe":"F","departement":"78","annee_naissance":2006,"nombre_occurences":9},{"prenom":"GWENDOLINE","sexe":"F","departement":"78","annee_naissance":2006,"nombre_occurences":5},{"prenom":"HABIB","sexe":"M","departement":"78","annee_naissance":2006,"nombre_occurences":3},{"prenom":"HABY","sexe":"F","departement":"78","annee_naissance":2006,"nombre_occurences":3},{"prenom":"HAFSA","sexe":"F","departement":"78","annee_naissance":2006,"nombre_occurences":4},{"prenom":"HAJAR","sexe":"F","departement":"78","annee_naissance":2006,"nombre_occurences":6},{"prenom":"HAKIM","sexe":"M","departement":"78","annee_naissance":2006,"nombre_occurences":3},{"prenom":"HALIMA","sexe":"F","departement":"78","annee_naissance":2006,"nombre_occurences":3},{"prenom":"HAMZA","sexe":"M","departement":"78","annee_naissance":2006,"nombre_occurences":22},{"prenom":"HANA","sexe":"F","departement":"78","annee_naissance":2006,"nombre_occurences":3},{"prenom":"HANAA","sexe":"F","departement":"78","annee_naissance":2006,"nombre_occurences":3},{"prenom":"HANAE","sexe":"F","departement":"78","annee_naissance":2006,"nombre_occurences":5},{"prenom":"HANNAH","sexe":"F","departement":"78","annee_naissance":2006,"nombre_occurences":4},{"prenom":"HAROUNA","sexe":"M","departement":"78","annee_naissance":2006,"nombre_occurences":3},{"prenom":"HAWA","sexe":"F","departement":"78","annee_naissance":2006,"nombre_occurences":15},{"prenom":"HECTOR","sexe":"M","departement":"78","annee_naissance":2006,"nombre_occurences":3},{"prenom":"HELENA","sexe":"F","departement":"78","annee_naissance":2006,"nombre_occurences":12},{"prenom":"HELENE","sexe":"F","departement":"78","annee_naissance":2006,"nombre_occurences":5},{"prenom":"HELOISE","sexe":"F","departement":"78","annee_naissance":2006,"nombre_occurences":26},{"prenom":"HENRI","sexe":"M","departement":"78","annee_naissance":2006,"nombre_occurences":8},{"prenom":"HERMINE","sexe":"F","departement":"78","annee_naissance":2006,"nombre_occurences":5},{"prenom":"HICHAM","sexe":"M","departement":"78","annee_naissance":2006,"nombre_occurences":5},{"prenom":"HIND","sexe":"F","departement":"78","annee_naissance":2006,"nombre_occurences":3},{"prenom":"HIPPOLYTE","sexe":"M","departement":"78","annee_naissance":2006,"nombre_occurences":7},{"prenom":"HONORINE","sexe":"F","departement":"78","annee_naissance":2006,"nombre_occurences":4},{"prenom":"HORTENSE","sexe":"F","departement":"78","annee_naissance":2006,"nombre_occurences":12},{"prenom":"HOUDA","sexe":"F","departement":"78","annee_naissance":2006,"nombre_occurences":3},{"prenom":"HUGO","sexe":"M","departement":"78","annee_naissance":2006,"nombre_occurences":113},{"prenom":"HUGUES","sexe":"M","departement":"78","annee_naissance":2006,"nombre_occurences":3},{"prenom":"IBRAHIM","sexe":"M","departement":"78","annee_naissance":2006,"nombre_occurences":16},{"prenom":"IDRISS","sexe":"M","departement":"78","annee_naissance":2006,"nombre_occurences":7},{"prenom":"IKRAM","sexe":"F","departement":"78","annee_naissance":2006,"nombre_occurences":5},{"prenom":"ILAN","sexe":"M","departement":"78","annee_naissance":2006,"nombre_occurences":13},{"prenom":"ILAYDA","sexe":"F","departement":"78","annee_naissance":2006,"nombre_occurences":4},{"prenom":"ILHAN","sexe":"M","departement":"78","annee_naissance":2006,"nombre_occurences":8},{"prenom":"ILIAN","sexe":"M","departement":"78","annee_naissance":2006,"nombre_occurences":5},{"prenom":"ILIANE","sexe":"M","departement":"78","annee_naissance":2006,"nombre_occurences":5},{"prenom":"ILIAS","sexe":"M","departement":"78","annee_naissance":2006,"nombre_occurences":10},{"prenom":"ILIES","sexe":"M","departement":"78","annee_naissance":2006,"nombre_occurences":6},{"prenom":"ILONA","sexe":"F","departement":"78","annee_naissance":2006,"nombre_occurences":10},{"prenom":"ILYAN","sexe":"M","departement":"78","annee_naissance":2006,"nombre_occurences":5},{"prenom":"ILYAS","sexe":"M","departement":"78","annee_naissance":2006,"nombre_occurences":6},{"prenom":"ILYES","sexe":"M","departement":"78","annee_naissance":2006,"nombre_occurences":25},{"prenom":"IMAN","sexe":"F","departement":"78","annee_naissance":2006,"nombre_occurences":5},{"prenom":"IMANE","sexe":"F","departement":"78","annee_naissance":2006,"nombre_occurences":14},{"prenom":"IMANOL","sexe":"M","departement":"78","annee_naissance":2006,"nombre_occurences":3},{"prenom":"IMENE","sexe":"F","departement":"78","annee_naissance":2006,"nombre_occurences":15},{"prenom":"IMRANE","sexe":"M","departement":"78","annee_naissance":2006,"nombre_occurences":4},{"prenom":"INES","sexe":"F","departement":"78","annee_naissance":2006,"nombre_occurences":116},{"prenom":"IRIS","sexe":"F","departement":"78","annee_naissance":2006,"nombre_occurences":6},{"prenom":"ISAAC","sexe":"M","departement":"78","annee_naissance":2006,"nombre_occurences":11},{"prenom":"ISAURE","sexe":"F","departement":"78","annee_naissance":2006,"nombre_occurences":5},{"prenom":"ISMAEL","sexe":"M","departement":"78","annee_naissance":2006,"nombre_occurences":18},{"prenom":"ISMAIL","sexe":"M","departement":"78","annee_naissance":2006,"nombre_occurences":10},{"prenom":"ISSAM","sexe":"M","departement":"78","annee_naissance":2006,"nombre_occurences":8},{"prenom":"IVAN","sexe":"M","departement":"78","annee_naissance":2006,"nombre_occurences":4},{"prenom":"JACQUES","sexe":"M","departement":"78","annee_naissance":2006,"nombre_occurences":3},{"prenom":"JAD","sexe":"M","departement":"78","annee_naissance":2006,"nombre_occurences":4},{"prenom":"JADE","sexe":"F","departement":"78","annee_naissance":2006,"nombre_occurences":78},{"prenom":"JAMES","sexe":"M","departement":"78","annee_naissance":2006,"nombre_occurences":3},{"prenom":"JANE","sexe":"F","departement":"78","annee_naissance":2006,"nombre_occurences":3},{"prenom":"JANIS","sexe":"M","departement":"78","annee_naissance":2006,"nombre_occurences":3},{"prenom":"JASMINE","sexe":"F","departement":"78","annee_naissance":2006,"nombre_occurences":6},{"prenom":"JASON","sexe":"M","departement":"78","annee_naissance":2006,"nombre_occurences":6},{"prenom":"JAYSON","sexe":"M","departement":"78","annee_naissance":2006,"nombre_occurences":3},{"prenom":"JEAN","sexe":"M","departement":"78","annee_naissance":2006,"nombre_occurences":13},{"prenom":"JEAN-BAPTISTE","sexe":"M","departement":"78","annee_naissance":2006,"nombre_occurences":6},{"prenom":"JEANNE","sexe":"F","departement":"78","annee_naissance":2006,"nombre_occurences":41},{"prenom":"JEFF","sexe":"M","departement":"78","annee_naissance":2006,"nombre_occurences":3},{"prenom":"JEHANNE","sexe":"F","departement":"78","annee_naissance":2006,"nombre_occurences":3},{"prenom":"JENNIFER","sexe":"F","departement":"78","annee_naissance":2006,"nombre_occurences":3},{"prenom":"JEREMIE","sexe":"M","departement":"78","annee_naissance":2006,"nombre_occurences":8},{"prenom":"JEREMY","sexe":"M","departement":"78","annee_naissance":2006,"nombre_occurences":23},{"prenom":"JEROME","sexe":"M","departement":"78","annee_naissance":2006,"nombre_occurences":3},{"prenom":"JESSICA","sexe":"F","departement":"78","annee_naissance":2006,"nombre_occurences":15},{"prenom":"JESSY","sexe":"M","departement":"78","annee_naissance":2006,"nombre_occurences":3},{"prenom":"JIBRIL","sexe":"M","departement":"78","annee_naissance":2006,"nombre_occurences":6},{"prenom":"JIHANE","sexe":"F","departement":"78","annee_naissance":2006,"nombre_occurences":5},{"prenom":"JOAN","sexe":"M","departement":"78","annee_naissance":2006,"nombre_occurences":5},{"prenom":"JOHAN","sexe":"M","departement":"78","annee_naissance":2006,"nombre_occurences":8},{"prenom":"JOHANN","sexe":"M","departement":"78","annee_naissance":2006,"nombre_occurences":3},{"prenom":"JOHANNA","sexe":"F","departement":"78","annee_naissance":2006,"nombre_occurences":5},{"prenom":"JOHN","sexe":"M","departement":"78","annee_naissance":2006,"nombre_occurences":3},{"prenom":"JOLAN","sexe":"M","departement":"78","annee_naissance":2006,"nombre_occurences":3},{"prenom":"JONAS","sexe":"M","departement":"78","annee_naissance":2006,"nombre_occurences":5},{"prenom":"JONATHAN","sexe":"M","departement":"78","annee_naissance":2006,"nombre_occurences":10},{"prenom":"JORDAN","sexe":"M","departement":"78","annee_naissance":2006,"nombre_occurences":12},{"prenom":"JORIS","sexe":"M","departement":"78","annee_naissance":2006,"nombre_occurences":5},{"prenom":"JOSEPH","sexe":"M","departement":"78","annee_naissance":2006,"nombre_occurences":14},{"prenom":"JOSEPHINE","sexe":"F","departement":"78","annee_naissance":2006,"nombre_occurences":10},{"prenom":"JOSHUA","sexe":"M","departement":"78","annee_naissance":2006,"nombre_occurences":9},{"prenom":"JULES","sexe":"M","departement":"78","annee_naissance":2006,"nombre_occurences":65},{"prenom":"JULIA","sexe":"F","departement":"78","annee_naissance":2006,"nombre_occurences":31},{"prenom":"JULIAN","sexe":"M","departement":"78","annee_naissance":2006,"nombre_occurences":13},{"prenom":"JULIANA","sexe":"F","departement":"78","annee_naissance":2006,"nombre_occurences":3},{"prenom":"JULIANE","sexe":"F","departement":"78","annee_naissance":2006,"nombre_occurences":3},{"prenom":"JULIE","sexe":"F","departement":"78","annee_naissance":2006,"nombre_occurences":75},{"prenom":"JULIEN","sexe":"M","departement":"78","annee_naissance":2006,"nombre_occurences":57},{"prenom":"JULIETTE","sexe":"F","departement":"78","annee_naissance":2006,"nombre_occurences":65},{"prenom":"JULINE","sexe":"F","departement":"78","annee_naissance":2006,"nombre_occurences":4},{"prenom":"JUSTIN","sexe":"M","departement":"78","annee_naissance":2006,"nombre_occurences":7},{"prenom":"JUSTINE","sexe":"F","departement":"78","annee_naissance":2006,"nombre_occurences":33},{"prenom":"KAHINA","sexe":"F","departement":"78","annee_naissance":2006,"nombre_occurences":5},{"prenom":"KAINA","sexe":"F","departement":"78","annee_naissance":2006,"nombre_occurences":4},{"prenom":"KAIS","sexe":"M","departement":"78","annee_naissance":2006,"nombre_occurences":6},{"prenom":"KAMILA","sexe":"F","departement":"78","annee_naissance":2006,"nombre_occurences":4},{"prenom":"KAREN","sexe":"F","departement":"78","annee_naissance":2006,"nombre_occurences":4},{"prenom":"KARIM","sexe":"M","departement":"78","annee_naissance":2006,"nombre_occurences":6},{"prenom":"KARL","sexe":"M","departement":"78","annee_naissance":2006,"nombre_occurences":10},{"prenom":"KAWTAR","sexe":"F","departement":"78","annee_naissance":2006,"nombre_occurences":3},{"prenom":"KEIRA","sexe":"F","departement":"78","annee_naissance":2006,"nombre_occurences":3},{"prenom":"KELIA","sexe":"F","departement":"78","annee_naissance":2006,"nombre_occurences":3},{"prenom":"KELLY","sexe":"F","departement":"78","annee_naissance":2006,"nombre_occurences":9},{"prenom":"KELLYA","sexe":"F","departement":"78","annee_naissance":2006,"nombre_occurences":3},{"prenom":"KELYA","sexe":"F","departement":"78","annee_naissance":2006,"nombre_occurences":3},{"prenom":"KELYAN","sexe":"M","departement":"78","annee_naissance":2006,"nombre_occurences":7},{"prenom":"KENAN","sexe":"M","departement":"78","annee_naissance":2006,"nombre_occurences":5},{"prenom":"KENNY","sexe":"M","departement":"78","annee_naissance":2006,"nombre_occurences":4},{"prenom":"KENTIN","sexe":"M","departement":"78","annee_naissance":2006,"nombre_occurences":3},{"prenom":"KENZA","sexe":"F","departement":"78","annee_naissance":2006,"nombre_occurences":15},{"prenom":"KENZO","sexe":"M","departement":"78","annee_naissance":2006,"nombre_occurences":8},{"prenom":"KENZY","sexe":"M","departement":"78","annee_naissance":2006,"nombre_occurences":3},{"prenom":"KERIAN","sexe":"M","departement":"78","annee_naissance":2006,"nombre_occurences":3},{"prenom":"KEVIN","sexe":"M","departement":"78","annee_naissance":2006,"nombre_occurences":24},{"prenom":"KEYLIA","sexe":"F","departement":"78","annee_naissance":2006,"nombre_occurences":3},{"prenom":"KHADIJA","sexe":"F","departement":"78","annee_naissance":2006,"nombre_occurences":11},{"prenom":"KHALIL","sexe":"M","departement":"78","annee_naissance":2006,"nombre_occurences":3},{"prenom":"KIARA","sexe":"F","departement":"78","annee_naissance":2006,"nombre_occurences":4},{"prenom":"KILIAN","sexe":"M","departement":"78","annee_naissance":2006,"nombre_occurences":9},{"prenom":"KILLIAN","sexe":"M","departement":"78","annee_naissance":2006,"nombre_occurences":17},{"prenom":"KYLIAN","sexe":"M","departement":"78","annee_naissance":2006,"nombre_occurences":35},{"prenom":"KYLLIAN","sexe":"M","departement":"78","annee_naissance":2006,"nombre_occurences":15},{"prenom":"LAETICIA","sexe":"F","departement":"78","annee_naissance":2006,"nombre_occurences":3},{"prenom":"LAETITIA","sexe":"F","departement":"78","annee_naissance":2006,"nombre_occurences":14},{"prenom":"LAHNA","sexe":"F","departement":"78","annee_naissance":2006,"nombre_occurences":3},{"prenom":"LALIE","sexe":"F","departement":"78","annee_naissance":2006,"nombre_occurences":9},{"prenom":"LAMINE","sexe":"M","departement":"78","annee_naissance":2006,"nombre_occurences":3},{"prenom":"LANA","sexe":"F","departement":"78","annee_naissance":2006,"nombre_occurences":31},{"prenom":"LARA","sexe":"F","departement":"78","annee_naissance":2006,"nombre_occurences":4},{"prenom":"LASSANA","sexe":"M","departement":"78","annee_naissance":2006,"nombre_occurences":3},{"prenom":"LAURA","sexe":"F","departement":"78","annee_naissance":2006,"nombre_occurences":60},{"prenom":"LAURE","sexe":"F","departement":"78","annee_naissance":2006,"nombre_occurences":15},{"prenom":"LAURENA","sexe":"F","departement":"78","annee_naissance":2006,"nombre_occurences":4},{"prenom":"LAURENE","sexe":"F","departement":"78","annee_naissance":2006,"nombre_occurences":5},{"prenom":"LAURIANE","sexe":"F","departement":"78","annee_naissance":2006,"nombre_occurences":5},{"prenom":"LAURINE","sexe":"F","departement":"78","annee_naissance":2006,"nombre_occurences":12},{"prenom":"LAURYNE","sexe":"F","departement":"78","annee_naissance":2006,"nombre_occurences":3},{"prenom":"LEA","sexe":"F","departement":"78","annee_naissance":2006,"nombre_occurences":115},{"prenom":"LEANA","sexe":"F","departement":"78","annee_naissance":2006,"nombre_occurences":15},{"prenom":"LEANDRE","sexe":"M","departement":"78","annee_naissance":2006,"nombre_occurences":10},{"prenom":"LEANE","sexe":"F","departement":"78","annee_naissance":2006,"nombre_occurences":30},{"prenom":"LEANNE","sexe":"F","departement":"78","annee_naissance":2006,"nombre_occurences":4},{"prenom":"LEHANE","sexe":"F","departement":"78","annee_naissance":2006,"nombre_occurences":3},{"prenom":"LEIA","sexe":"F","departement":"78","annee_naissance":2006,"nombre_occurences":4},{"prenom":"LEILA","sexe":"F","departement":"78","annee_naissance":2006,"nombre_occurences":6},{"prenom":"LEINA","sexe":"F","departement":"78","annee_naissance":2006,"nombre_occurences":3},{"prenom":"LENA","sexe":"F","departement":"78","annee_naissance":2006,"nombre_occurences":47},{"prenom":"LENI","sexe":"M","departement":"78","annee_naissance":2006,"nombre_occurences":3},{"prenom":"LENNY","sexe":"M","departement":"78","annee_naissance":2006,"nombre_occurences":19},{"prenom":"LENY","sexe":"M","departement":"78","annee_naissance":2006,"nombre_occurences":3},{"prenom":"LEO","sexe":"M","departement":"78","annee_naissance":2006,"nombre_occurences":56},{"prenom":"LEONARD","sexe":"M","departement":"78","annee_naissance":2006,"nombre_occurences":6},{"prenom":"LEONARDO","sexe":"M","departement":"78","annee_naissance":2006,"nombre_occurences":5},{"prenom":"LEONIE","sexe":"F","departement":"78","annee_naissance":2006,"nombre_occurences":18},{"prenom":"LEONORE","sexe":"F","departement":"78","annee_naissance":2006,"nombre_occurences":5},{"prenom":"LEOPOLD","sexe":"M","departement":"78","annee_naissance":2006,"nombre_occurences":3},{"prenom":"LEOPOLDINE","sexe":"F","departement":"78","annee_naissance":2006,"nombre_occurences":3},{"prenom":"LIA","sexe":"F","departement":"78","annee_naissance":2006,"nombre_occurences":3},{"prenom":"LIAM","sexe":"M","departement":"78","annee_naissance":2006,"nombre_occurences":14},{"prenom":"LIANA","sexe":"F","departement":"78","annee_naissance":2006,"nombre_occurences":3},{"prenom":"LILA","sexe":"F","departement":"78","annee_naissance":2006,"nombre_occurences":12},{"prenom":"LILAS","sexe":"F","departement":"78","annee_naissance":2006,"nombre_occurences":3},{"prenom":"LILI","sexe":"F","departement":"78","annee_naissance":2006,"nombre_occurences":5},{"prenom":"LILIA","sexe":"F","departement":"78","annee_naissance":2006,"nombre_occurences":6},{"prenom":"LILIAN","sexe":"M","departement":"78","annee_naissance":2006,"nombre_occurences":28},{"prenom":"LILIANA","sexe":"F","departement":"78","annee_naissance":2006,"nombre_occurences":3},{"prenom":"LILIE","sexe":"F","departement":"78","annee_naissance":2006,"nombre_occurences":3},{"prenom":"LILOU","sexe":"F","departement":"78","annee_naissance":2006,"nombre_occurences":42},{"prenom":"LILY","sexe":"F","departement":"78","annee_naissance":2006,"nombre_occurences":12},{"prenom":"LILY-ROSE","sexe":"F","departement":"78","annee_naissance":2006,"nombre_occurences":7},{"prenom":"LILYA","sexe":"F","departement":"78","annee_naissance":2006,"nombre_occurences":7},{"prenom":"LINA","sexe":"F","departement":"78","annee_naissance":2006,"nombre_occurences":66},{"prenom":"LINDA","sexe":"F","departement":"78","annee_naissance":2006,"nombre_occurences":7},{"prenom":"LINE","sexe":"F","departement":"78","annee_naissance":2006,"nombre_occurences":5},{"prenom":"LINO","sexe":"M","departement":"78","annee_naissance":2006,"nombre_occurences":4},{"prenom":"LISA","sexe":"F","departement":"78","annee_naissance":2006,"nombre_occurences":57},{"prenom":"LISE","sexe":"F","departement":"78","annee_naissance":2006,"nombre_occurences":11},{"prenom":"LISEA","sexe":"F","departement":"78","annee_naissance":2006,"nombre_occurences":3},{"prenom":"LISON","sexe":"F","departement":"78","annee_naissance":2006,"nombre_occurences":9},{"prenom":"LIVIO","sexe":"M","departement":"78","annee_naissance":2006,"nombre_occurences":3},{"prenom":"LIZ","sexe":"F","departement":"78","annee_naissance":2006,"nombre_occurences":3},{"prenom":"LOAN","sexe":"F","departement":"78","annee_naissance":2006,"nombre_occurences":6},{"prenom":"LOAN","sexe":"M","departement":"78","annee_naissance":2006,"nombre_occurences":8},{"prenom":"LOANE","sexe":"F","departement":"78","annee_naissance":2006,"nombre_occurences":12},{"prenom":"LOANN","sexe":"F","departement":"78","annee_naissance":2006,"nombre_occurences":4},{"prenom":"LOANNE","sexe":"F","departement":"78","annee_naissance":2006,"nombre_occurences":4},{"prenom":"LOHAN","sexe":"M","departement":"78","annee_naissance":2006,"nombre_occurences":4},{"prenom":"LOIC","sexe":"M","departement":"78","annee_naissance":2006,"nombre_occurences":22},{"prenom":"LOICK","sexe":"M","departement":"78","annee_naissance":2006,"nombre_occurences":3},{"prenom":"LOIS","sexe":"F","departement":"78","annee_naissance":2006,"nombre_occurences":3},{"prenom":"LOISE","sexe":"F","departement":"78","annee_naissance":2006,"nombre_occurences":3},{"prenom":"LOLA","sexe":"F","departement":"78","annee_naissance":2006,"nombre_occurences":54},{"prenom":"LORENE","sexe":"F","departement":"78","annee_naissance":2006,"nombre_occurences":3},{"prenom":"LORENZO","sexe":"M","departement":"78","annee_naissance":2006,"nombre_occurences":16},{"prenom":"LORETTE","sexe":"F","departement":"78","annee_naissance":2006,"nombre_occurences":3},{"prenom":"LORIANE","sexe":"F","departement":"78","annee_naissance":2006,"nombre_occurences":5},{"prenom":"LORIK","sexe":"M","departement":"78","annee_naissance":2006,"nombre_occurences":3},{"prenom":"LORINE","sexe":"F","departement":"78","annee_naissance":2006,"nombre_occurences":3},{"prenom":"LORIS","sexe":"M","departement":"78","annee_naissance":2006,"nombre_occurences":5},{"prenom":"LOU","sexe":"F","departement":"78","annee_naissance":2006,"nombre_occurences":37},{"prenom":"LOU","sexe":"M","departement":"78","annee_naissance":2006,"nombre_occurences":4},{"prenom":"LOU-ANN","sexe":"F","departement":"78","annee_naissance":2006,"nombre_occurences":19},{"prenom":"LOU-ANNE","sexe":"F","departement":"78","annee_naissance":2006,"nombre_occurences":13},{"prenom":"LOUANE","sexe":"F","departement":"78","annee_naissance":2006,"nombre_occurences":19},{"prenom":"LOUANNE","sexe":"F","departement":"78","annee_naissance":2006,"nombre_occurences":6},{"prenom":"LOUBNA","sexe":"F","departement":"78","annee_naissance":2006,"nombre_occurences":3},{"prenom":"LOUIS","sexe":"M","departement":"78","annee_naissance":2006,"nombre_occurences":84},{"prenom":"LOUISA","sexe":"F","departement":"78","annee_naissance":2006,"nombre_occurences":4},{"prenom":"LOUISE","sexe":"F","departement":"78","annee_naissance":2006,"nombre_occurences":55},{"prenom":"LOUISON","sexe":"F","departement":"78","annee_naissance":2006,"nombre_occurences":3},{"prenom":"LOUKA","sexe":"M","departement":"78","annee_naissance":2006,"nombre_occurences":10},{"prenom":"LOUNA","sexe":"F","departement":"78","annee_naissance":2006,"nombre_occurences":22},{"prenom":"LUBIN","sexe":"M","departement":"78","annee_naissance":2006,"nombre_occurences":7},{"prenom":"LUC","sexe":"M","departement":"78","annee_naissance":2006,"nombre_occurences":5},{"prenom":"LUCA","sexe":"M","departement":"78","annee_naissance":2006,"nombre_occurences":18},{"prenom":"LUCAS","sexe":"M","departement":"78","annee_naissance":2006,"nombre_occurences":138},{"prenom":"LUCIE","sexe":"F","departement":"78","annee_naissance":2006,"nombre_occurences":80},{"prenom":"LUCIEN","sexe":"M","departement":"78","annee_naissance":2006,"nombre_occurences":7},{"prenom":"LUCILE","sexe":"F","departement":"78","annee_naissance":2006,"nombre_occurences":12},{"prenom":"LUCILLE","sexe":"F","departement":"78","annee_naissance":2006,"nombre_occurences":4},{"prenom":"LUCK","sexe":"M","departement":"78","annee_naissance":2006,"nombre_occurences":3},{"prenom":"LUCY","sexe":"F","departement":"78","annee_naissance":2006,"nombre_occurences":3},{"prenom":"LUDIVINE","sexe":"F","departement":"78","annee_naissance":2006,"nombre_occurences":11},{"prenom":"LUDOVIC","sexe":"M","departement":"78","annee_naissance":2006,"nombre_occurences":5},{"prenom":"LUKA","sexe":"M","departement":"78","annee_naissance":2006,"nombre_occurences":8},{"prenom":"LUKAS","sexe":"M","departement":"78","annee_naissance":2006,"nombre_occurences":17},{"prenom":"LUNA","sexe":"F","departement":"78","annee_naissance":2006,"nombre_occurences":17},{"prenom":"LYA","sexe":"F","departement":"78","annee_naissance":2006,"nombre_occurences":5},{"prenom":"LYDIA","sexe":"F","departement":"78","annee_naissance":2006,"nombre_occurences":3},{"prenom":"LYDIE","sexe":"F","departement":"78","annee_naissance":2006,"nombre_occurences":5},{"prenom":"LYES","sexe":"M","departement":"78","annee_naissance":2006,"nombre_occurences":3},{"prenom":"LYLOU","sexe":"F","departement":"78","annee_naissance":2006,"nombre_occurences":7},{"prenom":"LYNA","sexe":"F","departement":"78","annee_naissance":2006,"nombre_occurences":18},{"prenom":"MADELEINE","sexe":"F","departement":"78","annee_naissance":2006,"nombre_occurences":8},{"prenom":"MADY","sexe":"M","departement":"78","annee_naissance":2006,"nombre_occurences":3},{"prenom":"MAE","sexe":"F","departement":"78","annee_naissance":2006,"nombre_occurences":3},{"prenom":"MAEL","sexe":"M","departement":"78","annee_naissance":2006,"nombre_occurences":35},{"prenom":"MAELIA","sexe":"F","departement":"78","annee_naissance":2006,"nombre_occurences":3},{"prenom":"MAELIE","sexe":"F","departement":"78","annee_naissance":2006,"nombre_occurences":4},{"prenom":"MAELINE","sexe":"F","departement":"78","annee_naissance":2006,"nombre_occurences":4},{"prenom":"MAELIS","sexe":"F","departement":"78","annee_naissance":2006,"nombre_occurences":5},{"prenom":"MAELISS","sexe":"F","departement":"78","annee_naissance":2006,"nombre_occurences":3},{"prenom":"MAELLE","sexe":"F","departement":"78","annee_naissance":2006,"nombre_occurences":40},{"prenom":"MAELYS","sexe":"F","departement":"78","annee_naissance":2006,"nombre_occurences":50},{"prenom":"MAENA","sexe":"F","departement":"78","annee_naissance":2006,"nombre_occurences":5},{"prenom":"MAEVA","sexe":"F","departement":"78","annee_naissance":2006,"nombre_occurences":32},{"prenom":"MAEWENN","sexe":"F","departement":"78","annee_naissance":2006,"nombre_occurences":4},{"prenom":"MAHAMADOU","sexe":"M","departement":"78","annee_naissance":2006,"nombre_occurences":3},{"prenom":"MAHAUT","sexe":"F","departement":"78","annee_naissance":2006,"nombre_occurences":3},{"prenom":"MAHE","sexe":"M","departement":"78","annee_naissance":2006,"nombre_occurences":7},{"prenom":"MAIA","sexe":"F","departement":"78","annee_naissance":2006,"nombre_occurences":7},{"prenom":"MAILI","sexe":"F","departement":"78","annee_naissance":2006,"nombre_occurences":4},{"prenom":"MAILYS","sexe":"F","departement":"78","annee_naissance":2006,"nombre_occurences":13},{"prenom":"MAIMOUNA","sexe":"F","departement":"78","annee_naissance":2006,"nombre_occurences":3},{"prenom":"MAISSA","sexe":"F","departement":"78","annee_naissance":2006,"nombre_occurences":8},{"prenom":"MAISSANE","sexe":"F","departement":"78","annee_naissance":2006,"nombre_occurences":5},{"prenom":"MAIWEN","sexe":"F","departement":"78","annee_naissance":2006,"nombre_occurences":4},{"prenom":"MAIWENN","sexe":"F","departement":"78","annee_naissance":2006,"nombre_occurences":6},{"prenom":"MALAK","sexe":"F","departement":"78","annee_naissance":2006,"nombre_occurences":3},{"prenom":"MALICK","sexe":"M","departement":"78","annee_naissance":2006,"nombre_occurences":3},{"prenom":"MALIK","sexe":"M","departement":"78","annee_naissance":2006,"nombre_occurences":4},{"prenom":"MALIKA","sexe":"F","departement":"78","annee_naissance":2006,"nombre_occurences":3},{"prenom":"MALO","sexe":"M","departement":"78","annee_naissance":2006,"nombre_occurences":13},{"prenom":"MAMADOU","sexe":"M","departement":"78","annee_naissance":2006,"nombre_occurences":9},{"prenom":"MANAL","sexe":"F","departement":"78","annee_naissance":2006,"nombre_occurences":3},{"prenom":"MANEL","sexe":"F","departement":"78","annee_naissance":2006,"nombre_occurences":17},{"prenom":"MANELLE","sexe":"F","departement":"78","annee_naissance":2006,"nombre_occurences":5},{"prenom":"MANON","sexe":"F","departement":"78","annee_naissance":2006,"nombre_occurences":115},{"prenom":"MARC","sexe":"M","departement":"78","annee_naissance":2006,"nombre_occurences":6},{"prenom":"MARCEAU","sexe":"M","departement":"78","annee_naissance":2006,"nombre_occurences":7},{"prenom":"MARCO","sexe":"M","departement":"78","annee_naissance":2006,"nombre_occurences":3},{"prenom":"MARGAUX","sexe":"F","departement":"78","annee_naissance":2006,"nombre_occurences":29},{"prenom":"MARGOT","sexe":"F","departement":"78","annee_naissance":2006,"nombre_occurences":27},{"prenom":"MARGUERITE","sexe":"F","departement":"78","annee_naissance":2006,"nombre_occurences":6},{"prenom":"MARIA","sexe":"F","departement":"78","annee_naissance":2006,"nombre_occurences":4},{"prenom":"MARIAM","sexe":"F","departement":"78","annee_naissance":2006,"nombre_occurences":16},{"prenom":"MARIANA","sexe":"F","departement":"78","annee_naissance":2006,"nombre_occurences":3},{"prenom":"MARIE","sexe":"F","departement":"78","annee_naissance":2006,"nombre_occurences":72},{"prenom":"MARIE-LOU","sexe":"F","departement":"78","annee_naissance":2006,"nombre_occurences":3},{"prenom":"MARIE-LYS","sexe":"F","departement":"78","annee_naissance":2006,"nombre_occurences":3},{"prenom":"MARILOU","sexe":"F","departement":"78","annee_naissance":2006,"nombre_occurences":6},{"prenom":"MARIN","sexe":"M","departement":"78","annee_naissance":2006,"nombre_occurences":9},{"prenom":"MARINA","sexe":"F","departement":"78","annee_naissance":2006,"nombre_occurences":4},{"prenom":"MARINE","sexe":"F","departement":"78","annee_naissance":2006,"nombre_occurences":26},{"prenom":"MARIO","sexe":"M","departement":"78","annee_naissance":2006,"nombre_occurences":3},{"prenom":"MARION","sexe":"F","departement":"78","annee_naissance":2006,"nombre_occurences":29},{"prenom":"MARIUS","sexe":"M","departement":"78","annee_naissance":2006,"nombre_occurences":15},{"prenom":"MARLENE","sexe":"F","departement":"78","annee_naissance":2006,"nombre_occurences":4},{"prenom":"MAROUANE","sexe":"M","departement":"78","annee_naissance":2006,"nombre_occurences":7},{"prenom":"MARTIN","sexe":"M","departement":"78","annee_naissance":2006,"nombre_occurences":41},{"prenom":"MARWA","sexe":"F","departement":"78","annee_naissance":2006,"nombre_occurences":8},{"prenom":"MARWAN","sexe":"M","departement":"78","annee_naissance":2006,"nombre_occurences":19},{"prenom":"MARWANE","sexe":"M","departement":"78","annee_naissance":2006,"nombre_occurences":6},{"prenom":"MARYAM","sexe":"F","departement":"78","annee_naissance":2006,"nombre_occurences":14},{"prenom":"MARYLOU","sexe":"F","departement":"78","annee_naissance":2006,"nombre_occurences":5},{"prenom":"MATEO","sexe":"M","departement":"78","annee_naissance":2006,"nombre_occurences":31},{"prenom":"MATHEO","sexe":"M","departement":"78","annee_naissance":2006,"nombre_occurences":55},{"prenom":"MATHIAS","sexe":"M","departement":"78","annee_naissance":2006,"nombre_occurences":22},{"prenom":"MATHIEU","sexe":"M","departement":"78","annee_naissance":2006,"nombre_occurences":35},{"prenom":"MATHILDA","sexe":"F","departement":"78","annee_naissance":2006,"nombre_occurences":4},{"prenom":"MATHILDE","sexe":"F","departement":"78","annee_naissance":2006,"nombre_occurences":75},{"prenom":"MATHIS","sexe":"M","departement":"78","annee_naissance":2006,"nombre_occurences":122},{"prenom":"MATHYS","sexe":"M","departement":"78","annee_naissance":2006,"nombre_occurences":28},{"prenom":"MATIS","sexe":"M","departement":"78","annee_naissance":2006,"nombre_occurences":10},{"prenom":"MATISSE","sexe":"M","departement":"78","annee_naissance":2006,"nombre_occurences":3},{"prenom":"MATTEO","sexe":"M","departement":"78","annee_naissance":2006,"nombre_occurences":60},{"prenom":"MATTHEO","sexe":"M","departement":"78","annee_naissance":2006,"nombre_occurences":3},{"prenom":"MATTHEW","sexe":"M","departement":"78","annee_naissance":2006,"nombre_occurences":4},{"prenom":"MATTHIAS","sexe":"M","departement":"78","annee_naissance":2006,"nombre_occurences":5},{"prenom":"MATTHIEU","sexe":"M","departement":"78","annee_naissance":2006,"nombre_occurences":32},{"prenom":"MATTHIS","sexe":"M","departement":"78","annee_naissance":2006,"nombre_occurences":3},{"prenom":"MATTIS","sexe":"M","departement":"78","annee_naissance":2006,"nombre_occurences":3},{"prenom":"MATYS","sexe":"M","departement":"78","annee_naissance":2006,"nombre_occurences":8},{"prenom":"MAUD","sexe":"F","departement":"78","annee_naissance":2006,"nombre_occurences":16},{"prenom":"MAUDE","sexe":"F","departement":"78","annee_naissance":2006,"nombre_occurences":3},{"prenom":"MAX","sexe":"M","departement":"78","annee_naissance":2006,"nombre_occurences":3},{"prenom":"MAXENCE","sexe":"M","departement":"78","annee_naissance":2006,"nombre_occurences":71},{"prenom":"MAXENS","sexe":"M","departement":"78","annee_naissance":2006,"nombre_occurences":3},{"prenom":"MAXIM","sexe":"M","departement":"78","annee_naissance":2006,"nombre_occurences":4},{"prenom":"MAXIME","sexe":"M","departement":"78","annee_naissance":2006,"nombre_occurences":107},{"prenom":"MAXIMILIEN","sexe":"M","departement":"78","annee_naissance":2006,"nombre_occurences":8},{"prenom":"MAYA","sexe":"F","departement":"78","annee_naissance":2006,"nombre_occurences":16},{"prenom":"MAYEUL","sexe":"M","departement":"78","annee_naissance":2006,"nombre_occurences":7},{"prenom":"MAYLEEN","sexe":"F","departement":"78","annee_naissance":2006,"nombre_occurences":3},{"prenom":"MAYLIS","sexe":"F","departement":"78","annee_naissance":2006,"nombre_occurences":7},{"prenom":"MAYSSA","sexe":"F","departement":"78","annee_naissance":2006,"nombre_occurences":6},{"prenom":"MEHDI","sexe":"M","departement":"78","annee_naissance":2006,"nombre_occurences":19},{"prenom":"MEISSA","sexe":"F","departement":"78","annee_naissance":2006,"nombre_occurences":4},{"prenom":"MELANIE","sexe":"F","departement":"78","annee_naissance":2006,"nombre_occurences":12},{"prenom":"MELCHIOR","sexe":"M","departement":"78","annee_naissance":2006,"nombre_occurences":4},{"prenom":"MELIA","sexe":"F","departement":"78","annee_naissance":2006,"nombre_occurences":3},{"prenom":"MELINA","sexe":"F","departement":"78","annee_naissance":2006,"nombre_occurences":18},{"prenom":"MELINDA","sexe":"F","departement":"78","annee_naissance":2006,"nombre_occurences":5},{"prenom":"MELINE","sexe":"F","departement":"78","annee_naissance":2006,"nombre_occurences":14},{"prenom":"MELISSA","sexe":"F","departement":"78","annee_naissance":2006,"nombre_occurences":27},{"prenom":"MELISSANDE","sexe":"F","departement":"78","annee_naissance":2006,"nombre_occurences":3},{"prenom":"MELODY","sexe":"F","departement":"78","annee_naissance":2006,"nombre_occurences":3},{"prenom":"MELVIN","sexe":"M","departement":"78","annee_naissance":2006,"nombre_occurences":9},{"prenom":"MELVYN","sexe":"M","departement":"78","annee_naissance":2006,"nombre_occurences":9},{"prenom":"MELYSSA","sexe":"F","departement":"78","annee_naissance":2006,"nombre_occurences":3},{"prenom":"MERIEM","sexe":"F","departement":"78","annee_naissance":2006,"nombre_occurences":5},{"prenom":"MERWAN","sexe":"M","departement":"78","annee_naissance":2006,"nombre_occurences":4},{"prenom":"MICKAEL","sexe":"M","departement":"78","annee_naissance":2006,"nombre_occurences":13},{"prenom":"MIGUEL","sexe":"M","departement":"78","annee_naissance":2006,"nombre_occurences":5},{"prenom":"MILA","sexe":"F","departement":"78","annee_naissance":2006,"nombre_occurences":11},{"prenom":"MILAN","sexe":"M","departement":"78","annee_naissance":2006,"nombre_occurences":7},{"prenom":"MILLA","sexe":"F","departement":"78","annee_naissance":2006,"nombre_occurences":5},{"prenom":"MILO","sexe":"M","departement":"78","annee_naissance":2006,"nombre_occurences":5},{"prenom":"MINA","sexe":"F","departement":"78","annee_naissance":2006,"nombre_occurences":5},{"prenom":"MOHAMED","sexe":"M","departement":"78","annee_naissance":2006,"nombre_occurences":47},{"prenom":"MOHAMED-AMIN","sexe":"M","departement":"78","annee_naissance":2006,"nombre_occurences":3},{"prenom":"MOHAMED-AMINE","sexe":"M","departement":"78","annee_naissance":2006,"nombre_occurences":6},{"prenom":"MOHAMMED","sexe":"M","departement":"78","annee_naissance":2006,"nombre_occurences":6},{"prenom":"MONA","sexe":"F","departement":"78","annee_naissance":2006,"nombre_occurences":6},{"prenom":"MORGAN","sexe":"M","departement":"78","annee_naissance":2006,"nombre_occurences":6},{"prenom":"MORGANE","sexe":"F","departement":"78","annee_naissance":2006,"nombre_occurences":32},{"prenom":"MOUSSA","sexe":"M","departement":"78","annee_naissance":2006,"nombre_occurences":14},{"prenom":"MUHAMMED","sexe":"M","departement":"78","annee_naissance":2006,"nombre_occurences":3},{"prenom":"MUSTAPHA","sexe":"M","departement":"78","annee_naissance":2006,"nombre_occurences":3},{"prenom":"MYLAN","sexe":"M","departement":"78","annee_naissance":2006,"nombre_occurences":3},{"prenom":"MYRIAM","sexe":"F","departement":"78","annee_naissance":2006,"nombre_occurences":19},{"prenom":"NABIL","sexe":"M","departement":"78","annee_naissance":2006,"nombre_occurences":5},{"prenom":"NADA","sexe":"F","departement":"78","annee_naissance":2006,"nombre_occurences":3},{"prenom":"NADIA","sexe":"F","departement":"78","annee_naissance":2006,"nombre_occurences":5},{"prenom":"NADIR","sexe":"M","departement":"78","annee_naissance":2006,"nombre_occurences":3},{"prenom":"NAEL","sexe":"M","departement":"78","annee_naissance":2006,"nombre_occurences":13},{"prenom":"NAILA","sexe":"F","departement":"78","annee_naissance":2006,"nombre_occurences":6},{"prenom":"NAIM","sexe":"M","departement":"78","annee_naissance":2006,"nombre_occurences":10},{"prenom":"NANCY","sexe":"F","departement":"78","annee_naissance":2006,"nombre_occurences":3},{"prenom":"NAOMI","sexe":"F","departement":"78","annee_naissance":2006,"nombre_occurences":3},{"prenom":"NAOMIE","sexe":"F","departement":"78","annee_naissance":2006,"nombre_occurences":5},{"prenom":"NAOUFEL","sexe":"M","departement":"78","annee_naissance":2006,"nombre_occurences":5},{"prenom":"NASSIM","sexe":"M","departement":"78","annee_naissance":2006,"nombre_occurences":24},{"prenom":"NASSIMA","sexe":"F","departement":"78","annee_naissance":2006,"nombre_occurences":4},{"prenom":"NATACHA","sexe":"F","departement":"78","annee_naissance":2006,"nombre_occurences":3},{"prenom":"NATAN","sexe":"M","departement":"78","annee_naissance":2006,"nombre_occurences":6},{"prenom":"NATHALIE","sexe":"F","departement":"78","annee_naissance":2006,"nombre_occurences":4},{"prenom":"NATHAN","sexe":"M","departement":"78","annee_naissance":2006,"nombre_occurences":125},{"prenom":"NATHANAEL","sexe":"M","departement":"78","annee_naissance":2006,"nombre_occurences":11},{"prenom":"NAWAL","sexe":"F","departement":"78","annee_naissance":2006,"nombre_occurences":4},{"prenom":"NAWEL","sexe":"F","departement":"78","annee_naissance":2006,"nombre_occurences":9},{"prenom":"NAWFEL","sexe":"M","departement":"78","annee_naissance":2006,"nombre_occurences":4},{"prenom":"NEILA","sexe":"F","departement":"78","annee_naissance":2006,"nombre_occurences":3},{"prenom":"NELIA","sexe":"F","departement":"78","annee_naissance":2006,"nombre_occurences":3},{"prenom":"NELL","sexe":"F","departement":"78","annee_naissance":2006,"nombre_occurences":5},{"prenom":"NELSON","sexe":"M","departement":"78","annee_naissance":2006,"nombre_occurences":4},{"prenom":"NEO","sexe":"M","departement":"78","annee_naissance":2006,"nombre_occurences":4},{"prenom":"NESRINE","sexe":"F","departement":"78","annee_naissance":2006,"nombre_occurences":6},{"prenom":"NESSA","sexe":"F","departement":"78","annee_naissance":2006,"nombre_occurences":3},{"prenom":"NICOLAS","sexe":"M","departement":"78","annee_naissance":2006,"nombre_occurences":55},{"prenom":"NIELS","sexe":"M","departement":"78","annee_naissance":2006,"nombre_occurences":5},{"prenom":"NILS","sexe":"M","departement":"78","annee_naissance":2006,"nombre_occurences":13},{"prenom":"NINA","sexe":"F","departement":"78","annee_naissance":2006,"nombre_occurences":28},{"prenom":"NINO","sexe":"M","departement":"78","annee_naissance":2006,"nombre_occurences":5},{"prenom":"NINON","sexe":"F","departement":"78","annee_naissance":2006,"nombre_occurences":15},{"prenom":"NISRINE","sexe":"F","departement":"78","annee_naissance":2006,"nombre_occurences":3},{"prenom":"NOA","sexe":"F","departement":"78","annee_naissance":2006,"nombre_occurences":7},{"prenom":"NOA","sexe":"M","departement":"78","annee_naissance":2006,"nombre_occurences":34},{"prenom":"NOAH","sexe":"M","departement":"78","annee_naissance":2006,"nombre_occurences":48},{"prenom":"NOAM","sexe":"M","departement":"78","annee_naissance":2006,"nombre_occurences":13},{"prenom":"NOAN","sexe":"M","departement":"78","annee_naissance":2006,"nombre_occurences":4},{"prenom":"NOE","sexe":"M","departement":"78","annee_naissance":2006,"nombre_occurences":27},{"prenom":"NOELINE","sexe":"F","departement":"78","annee_naissance":2006,"nombre_occurences":6},{"prenom":"NOEMIE","sexe":"F","departement":"78","annee_naissance":2006,"nombre_occurences":49},{"prenom":"NOHA","sexe":"M","departement":"78","annee_naissance":2006,"nombre_occurences":4},{"prenom":"NOHAM","sexe":"M","departement":"78","annee_naissance":2006,"nombre_occurences":4},{"prenom":"NOLA","sexe":"F","departement":"78","annee_naissance":2006,"nombre_occurences":3},{"prenom":"NOLAN","sexe":"M","departement":"78","annee_naissance":2006,"nombre_occurences":22},{"prenom":"NOLANN","sexe":"M","departement":"78","annee_naissance":2006,"nombre_occurences":13},{"prenom":"NOLHAN","sexe":"M","departement":"78","annee_naissance":2006,"nombre_occurences":5},{"prenom":"NOLWENN","sexe":"F","departement":"78","annee_naissance":2006,"nombre_occurences":5},{"prenom":"NORA","sexe":"F","departement":"78","annee_naissance":2006,"nombre_occurences":7},{"prenom":"NOUHAILA","sexe":"F","departement":"78","annee_naissance":2006,"nombre_occurences":4},{"prenom":"NOUR","sexe":"F","departement":"78","annee_naissance":2006,"nombre_occurences":6},{"prenom":"OCEANE","sexe":"F","departement":"78","annee_naissance":2006,"nombre_occurences":48},{"prenom":"OCTAVE","sexe":"M","departement":"78","annee_naissance":2006,"nombre_occurences":5},{"prenom":"OLIVIA","sexe":"F","departement":"78","annee_naissance":2006,"nombre_occurences":14},{"prenom":"OLIVIER","sexe":"M","departement":"78","annee_naissance":2006,"nombre_occurences":4},{"prenom":"OLYMPE","sexe":"F","departement":"78","annee_naissance":2006,"nombre_occurences":3},{"prenom":"OMAR","sexe":"M","departement":"78","annee_naissance":2006,"nombre_occurences":8},{"prenom":"OMBELINE","sexe":"F","departement":"78","annee_naissance":2006,"nombre_occurences":9},{"prenom":"ORIANE","sexe":"F","departement":"78","annee_naissance":2006,"nombre_occurences":4},{"prenom":"ORLANE","sexe":"F","departement":"78","annee_naissance":2006,"nombre_occurences":4},{"prenom":"OSCAR","sexe":"M","departement":"78","annee_naissance":2006,"nombre_occurences":20},{"prenom":"OUMAR","sexe":"M","departement":"78","annee_naissance":2006,"nombre_occurences":9},{"prenom":"OUMOU","sexe":"F","departement":"78","annee_naissance":2006,"nombre_occurences":7},{"prenom":"OUSMANE","sexe":"M","departement":"78","annee_naissance":2006,"nombre_occurences":10},{"prenom":"OUSSAMA","sexe":"M","departement":"78","annee_naissance":2006,"nombre_occurences":6},{"prenom":"OWEN","sexe":"M","departement":"78","annee_naissance":2006,"nombre_occurences":13},{"prenom":"PABLO","sexe":"M","departement":"78","annee_naissance":2006,"nombre_occurences":7},{"prenom":"PACOME","sexe":"M","departement":"78","annee_naissance":2006,"nombre_occurences":4},{"prenom":"PALOMA","sexe":"F","departement":"78","annee_naissance":2006,"nombre_occurences":6},{"prenom":"PAOLA","sexe":"F","departement":"78","annee_naissance":2006,"nombre_occurences":4},{"prenom":"PAUL","sexe":"M","departement":"78","annee_naissance":2006,"nombre_occurences":90},{"prenom":"PAULINE","sexe":"F","departement":"78","annee_naissance":2006,"nombre_occurences":62},{"prenom":"PENELOPE","sexe":"F","departement":"78","annee_naissance":2006,"nombre_occurences":5},{"prenom":"PERRINE","sexe":"F","departement":"78","annee_naissance":2006,"nombre_occurences":8},{"prenom":"PHILIPPE","sexe":"M","departement":"78","annee_naissance":2006,"nombre_occurences":9},{"prenom":"PHILIPPINE","sexe":"F","departement":"78","annee_naissance":2006,"nombre_occurences":7},{"prenom":"PHILOMENE","sexe":"F","departement":"78","annee_naissance":2006,"nombre_occurences":3},{"prenom":"PIERRE","sexe":"M","departement":"78","annee_naissance":2006,"nombre_occurences":43},{"prenom":"PIERRE-LOUIS","sexe":"M","departement":"78","annee_naissance":2006,"nombre_occurences":6},{"prenom":"PIERRICK","sexe":"M","departement":"78","annee_naissance":2006,"nombre_occurences":5},{"prenom":"PRISCILLE","sexe":"F","departement":"78","annee_naissance":2006,"nombre_occurences":4},{"prenom":"PRUNE","sexe":"F","departement":"78","annee_naissance":2006,"nombre_occurences":5},{"prenom":"QUENTIN","sexe":"M","departement":"78","annee_naissance":2006,"nombre_occurences":63},{"prenom":"QUITTERIE","sexe":"F","departement":"78","annee_naissance":2006,"nombre_occurences":5},{"prenom":"RACHEL","sexe":"F","departement":"78","annee_naissance":2006,"nombre_occurences":14},{"prenom":"RAFAEL","sexe":"M","departement":"78","annee_naissance":2006,"nombre_occurences":24},{"prenom":"RAHMA","sexe":"F","departement":"78","annee_naissance":2006,"nombre_occurences":3},{"prenom":"RAMATA","sexe":"F","departement":"78","annee_naissance":2006,"nombre_occurences":3},{"prenom":"RANIA","sexe":"F","departement":"78","annee_naissance":2006,"nombre_occurences":12},{"prenom":"RANYA","sexe":"F","departement":"78","annee_naissance":2006,"nombre_occurences":4},{"prenom":"RAPHAEL","sexe":"M","departement":"78","annee_naissance":2006,"nombre_occurences":142},{"prenom":"RAPHAELLE","sexe":"F","departement":"78","annee_naissance":2006,"nombre_occurences":14},{"prenom":"RAYAN","sexe":"M","departement":"78","annee_naissance":2006,"nombre_occurences":53},{"prenom":"RAYANE","sexe":"M","departement":"78","annee_naissance":2006,"nombre_occurences":25},{"prenom":"REBECCA","sexe":"F","departement":"78","annee_naissance":2006,"nombre_occurences":7},{"prenom":"REDA","sexe":"M","departement":"78","annee_naissance":2006,"nombre_occurences":4},{"prenom":"REMI","sexe":"M","departement":"78","annee_naissance":2006,"nombre_occurences":21},{"prenom":"REMY","sexe":"M","departement":"78","annee_naissance":2006,"nombre_occurences":9},{"prenom":"RITA","sexe":"F","departement":"78","annee_naissance":2006,"nombre_occurences":4},{"prenom":"RIYAD","sexe":"M","departement":"78","annee_naissance":2006,"nombre_occurences":4},{"prenom":"ROBIN","sexe":"M","departement":"78","annee_naissance":2006,"nombre_occurences":32},{"prenom":"RODRIGUE","sexe":"M","departement":"78","annee_naissance":2006,"nombre_occurences":3},{"prenom":"ROMAIN","sexe":"M","departement":"78","annee_naissance":2006,"nombre_occurences":49},{"prenom":"ROMANE","sexe":"F","departement":"78","annee_naissance":2006,"nombre_occurences":57},{"prenom":"ROMEO","sexe":"M","departement":"78","annee_naissance":2006,"nombre_occurences":7},{"prenom":"RONAN","sexe":"M","departement":"78","annee_naissance":2006,"nombre_occurences":8},{"prenom":"ROSE","sexe":"F","departement":"78","annee_naissance":2006,"nombre_occurences":17},{"prenom":"ROXANE","sexe":"F","departement":"78","annee_naissance":2006,"nombre_occurences":10},{"prenom":"RUBEN","sexe":"M","departement":"78","annee_naissance":2006,"nombre_occurences":17},{"prenom":"RUBENS","sexe":"M","departement":"78","annee_naissance":2006,"nombre_occurences":3},{"prenom":"RUDY","sexe":"M","departement":"78","annee_naissance":2006,"nombre_occurences":5},{"prenom":"RYAD","sexe":"M","departement":"78","annee_naissance":2006,"nombre_occurences":7},{"prenom":"RYAN","sexe":"M","departement":"78","annee_naissance":2006,"nombre_occurences":15},{"prenom":"SABRI","sexe":"M","departement":"78","annee_naissance":2006,"nombre_occurences":4},{"prenom":"SABRINA","sexe":"F","departement":"78","annee_naissance":2006,"nombre_occurences":11},{"prenom":"SACHA","sexe":"F","departement":"78","annee_naissance":2006,"nombre_occurences":5},{"prenom":"SACHA","sexe":"M","departement":"78","annee_naissance":2006,"nombre_occurences":43},{"prenom":"SAFA","sexe":"F","departement":"78","annee_naissance":2006,"nombre_occurences":4},{"prenom":"SAFAA","sexe":"F","departement":"78","annee_naissance":2006,"nombre_occurences":3},{"prenom":"SAID","sexe":"M","departement":"78","annee_naissance":2006,"nombre_occurences":4},{"prenom":"SAKINA","sexe":"F","departement":"78","annee_naissance":2006,"nombre_occurences":3},{"prenom":"SALAH","sexe":"M","departement":"78","annee_naissance":2006,"nombre_occurences":3},{"prenom":"SALIM","sexe":"M","departement":"78","annee_naissance":2006,"nombre_occurences":12},{"prenom":"SALIMATA","sexe":"F","departement":"78","annee_naissance":2006,"nombre_occurences":5},{"prenom":"SALMA","sexe":"F","departement":"78","annee_naissance":2006,"nombre_occurences":18},{"prenom":"SALOME","sexe":"F","departement":"78","annee_naissance":2006,"nombre_occurences":19},{"prenom":"SAM","sexe":"M","departement":"78","annee_naissance":2006,"nombre_occurences":5},{"prenom":"SAMBA","sexe":"M","departement":"78","annee_naissance":2006,"nombre_occurences":4},{"prenom":"SAMI","sexe":"M","departement":"78","annee_naissance":2006,"nombre_occurences":8},{"prenom":"SAMIA","sexe":"F","departement":"78","annee_naissance":2006,"nombre_occurences":3},{"prenom":"SAMIR","sexe":"M","departement":"78","annee_naissance":2006,"nombre_occurences":4},{"prenom":"SAMUEL","sexe":"M","departement":"78","annee_naissance":2006,"nombre_occurences":36},{"prenom":"SAMY","sexe":"M","departement":"78","annee_naissance":2006,"nombre_occurences":18},{"prenom":"SANA","sexe":"F","departement":"78","annee_naissance":2006,"nombre_occurences":7},{"prenom":"SANDRA","sexe":"F","departement":"78","annee_naissance":2006,"nombre_occurences":5},{"prenom":"SARA","sexe":"F","departement":"78","annee_naissance":2006,"nombre_occurences":32},{"prenom":"SARAH","sexe":"F","departement":"78","annee_naissance":2006,"nombre_occurences":99},{"prenom":"SASHA","sexe":"F","departement":"78","annee_naissance":2006,"nombre_occurences":7},{"prenom":"SASHA","sexe":"M","departement":"78","annee_naissance":2006,"nombre_occurences":8},{"prenom":"SATINE","sexe":"F","departement":"78","annee_naissance":2006,"nombre_occurences":3},{"prenom":"SEBASTIEN","sexe":"M","departement":"78","annee_naissance":2006,"nombre_occurences":6},{"prenom":"SELEN","sexe":"F","departement":"78","annee_naissance":2006,"nombre_occurences":4},{"prenom":"SELENA","sexe":"F","departement":"78","annee_naissance":2006,"nombre_occurences":5},{"prenom":"SELENE","sexe":"F","departement":"78","annee_naissance":2006,"nombre_occurences":4},{"prenom":"SELIM","sexe":"M","departement":"78","annee_naissance":2006,"nombre_occurences":10},{"prenom":"SELIN","sexe":"F","departement":"78","annee_naissance":2006,"nombre_occurences":5},{"prenom":"SELMA","sexe":"F","departement":"78","annee_naissance":2006,"nombre_occurences":19},{"prenom":"SEPHORA","sexe":"F","departement":"78","annee_naissance":2006,"nombre_occurences":4},{"prenom":"SHAIMA","sexe":"F","departement":"78","annee_naissance":2006,"nombre_occurences":3},{"prenom":"SHAINA","sexe":"F","departement":"78","annee_naissance":2006,"nombre_occurences":6},{"prenom":"SHAINEZ","sexe":"F","departement":"78","annee_naissance":2006,"nombre_occurences":4},{"prenom":"SHANA","sexe":"F","departement":"78","annee_naissance":2006,"nombre_occurences":6},{"prenom":"SHANICE","sexe":"F","departement":"78","annee_naissance":2006,"nombre_occurences":4},{"prenom":"SHANNA","sexe":"F","departement":"78","annee_naissance":2006,"nombre_occurences":4},{"prenom":"SHAYMA","sexe":"F","departement":"78","annee_naissance":2006,"nombre_occurences":7},{"prenom":"SHEIMA","sexe":"F","departement":"78","annee_naissance":2006,"nombre_occurences":3},{"prenom":"SIBYLLE","sexe":"F","departement":"78","annee_naissance":2006,"nombre_occurences":6},{"prenom":"SILA","sexe":"F","departement":"78","annee_naissance":2006,"nombre_occurences":3},{"prenom":"SIMEON","sexe":"M","departement":"78","annee_naissance":2006,"nombre_occurences":3},{"prenom":"SIMON","sexe":"M","departement":"78","annee_naissance":2006,"nombre_occurences":25},{"prenom":"SIRINE","sexe":"F","departement":"78","annee_naissance":2006,"nombre_occurences":10},{"prenom":"SIXTINE","sexe":"F","departement":"78","annee_naissance":2006,"nombre_occurences":10},{"prenom":"SOFIA","sexe":"F","departement":"78","annee_naissance":2006,"nombre_occurences":20},{"prenom":"SOFIANE","sexe":"M","departement":"78","annee_naissance":2006,"nombre_occurences":26},{"prenom":"SOHANE","sexe":"F","departement":"78","annee_naissance":2006,"nombre_occurences":7},{"prenom":"SOLANGE","sexe":"F","departement":"78","annee_naissance":2006,"nombre_occurences":3},{"prenom":"SOLENE","sexe":"F","departement":"78","annee_naissance":2006,"nombre_occurences":28},{"prenom":"SOLENN","sexe":"F","departement":"78","annee_naissance":2006,"nombre_occurences":7},{"prenom":"SOLENNE","sexe":"F","departement":"78","annee_naissance":2006,"nombre_occurences":3},{"prenom":"SOLINE","sexe":"F","departement":"78","annee_naissance":2006,"nombre_occurences":5},{"prenom":"SONIA","sexe":"F","departement":"78","annee_naissance":2006,"nombre_occurences":9},{"prenom":"SOPHIA","sexe":"F","departement":"78","annee_naissance":2006,"nombre_occurences":9},{"prenom":"SOPHIE","sexe":"F","departement":"78","annee_naissance":2006,"nombre_occurences":16},{"prenom":"SORAYA","sexe":"F","departement":"78","annee_naissance":2006,"nombre_occurences":6},{"prenom":"SOREN","sexe":"M","departement":"78","annee_naissance":2006,"nombre_occurences":6},{"prenom":"SOULEYMAN","sexe":"M","departement":"78","annee_naissance":2006,"nombre_occurences":3},{"prenom":"SOUMAYA","sexe":"F","departement":"78","annee_naissance":2006,"nombre_occurences":5},{"prenom":"STACY","sexe":"F","departement":"78","annee_naissance":2006,"nombre_occurences":3},{"prenom":"STAN","sexe":"M","departement":"78","annee_naissance":2006,"nombre_occurences":4},{"prenom":"STANISLAS","sexe":"M","departement":"78","annee_naissance":2006,"nombre_occurences":10},{"prenom":"STELLA","sexe":"F","departement":"78","annee_naissance":2006,"nombre_occurences":8},{"prenom":"STEPHANE","sexe":"M","departement":"78","annee_naissance":2006,"nombre_occurences":5},{"prenom":"STEPHANIE","sexe":"F","departement":"78","annee_naissance":2006,"nombre_occurences":4},{"prenom":"STEVEN","sexe":"M","departement":"78","annee_naissance":2006,"nombre_occurences":11},{"prenom":"SUZANNE","sexe":"F","departement":"78","annee_naissance":2006,"nombre_occurences":8},{"prenom":"SWANN","sexe":"M","departement":"78","annee_naissance":2006,"nombre_occurences":6},{"prenom":"SYLVAIN","sexe":"M","departement":"78","annee_naissance":2006,"nombre_occurences":5},{"prenom":"SYRINE","sexe":"F","departement":"78","annee_naissance":2006,"nombre_occurences":4},{"prenom":"TAHA","sexe":"M","departement":"78","annee_naissance":2006,"nombre_occurences":3},{"prenom":"TALIA","sexe":"F","departement":"78","annee_naissance":2006,"nombre_occurences":3},{"prenom":"TANGUY","sexe":"M","departement":"78","annee_naissance":2006,"nombre_occurences":4},{"prenom":"TANIA","sexe":"F","departement":"78","annee_naissance":2006,"nombre_occurences":4},{"prenom":"TANYA","sexe":"F","departement":"78","annee_naissance":2006,"nombre_occurences":4},{"prenom":"TAO","sexe":"M","departement":"78","annee_naissance":2006,"nombre_occurences":4},{"prenom":"TARA","sexe":"F","departement":"78","annee_naissance":2006,"nombre_occurences":4},{"prenom":"TATIANA","sexe":"F","departement":"78","annee_naissance":2006,"nombre_occurences":5},{"prenom":"TAYMIYA","sexe":"F","departement":"78","annee_naissance":2006,"nombre_occurences":3},{"prenom":"TEDDY","sexe":"M","departement":"78","annee_naissance":2006,"nombre_occurences":3},{"prenom":"TEO","sexe":"M","departement":"78","annee_naissance":2006,"nombre_occurences":3},{"prenom":"TERENCE","sexe":"M","departement":"78","annee_naissance":2006,"nombre_occurences":4},{"prenom":"TESS","sexe":"F","departement":"78","annee_naissance":2006,"nombre_occurences":5},{"prenom":"TESSA","sexe":"F","departement":"78","annee_naissance":2006,"nombre_occurences":8},{"prenom":"THAIS","sexe":"F","departement":"78","annee_naissance":2006,"nombre_occurences":6},{"prenom":"THALIA","sexe":"F","departement":"78","annee_naissance":2006,"nombre_occurences":3},{"prenom":"THEA","sexe":"F","departement":"78","annee_naissance":2006,"nombre_occurences":7},{"prenom":"THEO","sexe":"M","departement":"78","annee_naissance":2006,"nombre_occurences":83},{"prenom":"THEODORE","sexe":"M","departement":"78","annee_naissance":2006,"nombre_occurences":5},{"prenom":"THEOPHILE","sexe":"M","departement":"78","annee_naissance":2006,"nombre_occurences":4},{"prenom":"THIBAUD","sexe":"M","departement":"78","annee_naissance":2006,"nombre_occurences":9},{"prenom":"THIBAULT","sexe":"M","departement":"78","annee_naissance":2006,"nombre_occurences":33},{"prenom":"THIBAUT","sexe":"M","departement":"78","annee_naissance":2006,"nombre_occurences":9},{"prenom":"THOMAS","sexe":"M","departement":"78","annee_naissance":2006,"nombre_occurences":137},{"prenom":"TIAGO","sexe":"M","departement":"78","annee_naissance":2006,"nombre_occurences":25},{"prenom":"TIDJANE","sexe":"M","departement":"78","annee_naissance":2006,"nombre_occurences":3},{"prenom":"TIFAINE","sexe":"F","departement":"78","annee_naissance":2006,"nombre_occurences":4},{"prenom":"TIFFANY","sexe":"F","departement":"78","annee_naissance":2006,"nombre_occurences":3},{"prenom":"TIM","sexe":"M","departement":"78","annee_naissance":2006,"nombre_occurences":4},{"prenom":"TIMEO","sexe":"M","departement":"78","annee_naissance":2006,"nombre_occurences":29},{"prenom":"TIMOTE","sexe":"M","departement":"78","annee_naissance":2006,"nombre_occurences":3},{"prenom":"TIMOTHE","sexe":"M","departement":"78","annee_naissance":2006,"nombre_occurences":14},{"prenom":"TIMOTHEE","sexe":"M","departement":"78","annee_naissance":2006,"nombre_occurences":31},{"prenom":"TINA","sexe":"F","departement":"78","annee_naissance":2006,"nombre_occurences":5},{"prenom":"TIPHAINE","sexe":"F","departement":"78","annee_naissance":2006,"nombre_occurences":10},{"prenom":"TITOUAN","sexe":"M","departement":"78","annee_naissance":2006,"nombre_occurences":35},{"prenom":"TOM","sexe":"M","departement":"78","annee_naissance":2006,"nombre_occurences":69},{"prenom":"TOMAS","sexe":"M","departement":"78","annee_naissance":2006,"nombre_occurences":3},{"prenom":"TONY","sexe":"M","departement":"78","annee_naissance":2006,"nombre_occurences":11},{"prenom":"TOSCANE","sexe":"F","departement":"78","annee_naissance":2006,"nombre_occurences":4},{"prenom":"TRISTAN","sexe":"M","departement":"78","annee_naissance":2006,"nombre_occurences":40},{"prenom":"UGO","sexe":"M","departement":"78","annee_naissance":2006,"nombre_occurences":14},{"prenom":"ULYSSE","sexe":"M","departement":"78","annee_naissance":2006,"nombre_occurences":6},{"prenom":"VADIM","sexe":"M","departement":"78","annee_naissance":2006,"nombre_occurences":3},{"prenom":"VALENTIN","sexe":"M","departement":"78","annee_naissance":2006,"nombre_occurences":52},{"prenom":"VALENTINE","sexe":"F","departement":"78","annee_naissance":2006,"nombre_occurences":35},{"prenom":"VANESSA","sexe":"F","departement":"78","annee_naissance":2006,"nombre_occurences":5},{"prenom":"VIANNEY","sexe":"M","departement":"78","annee_naissance":2006,"nombre_occurences":5},{"prenom":"VICTOIRE","sexe":"F","departement":"78","annee_naissance":2006,"nombre_occurences":24},{"prenom":"VICTOR","sexe":"M","departement":"78","annee_naissance":2006,"nombre_occurences":53},{"prenom":"VICTORIA","sexe":"F","departement":"78","annee_naissance":2006,"nombre_occurences":22},{"prenom":"VINCENT","sexe":"M","departement":"78","annee_naissance":2006,"nombre_occurences":31},{"prenom":"VIOLETTE","sexe":"F","departement":"78","annee_naissance":2006,"nombre_occurences":9},{"prenom":"VIRGIL","sexe":"M","departement":"78","annee_naissance":2006,"nombre_occurences":5},{"prenom":"VIRGILE","sexe":"M","departement":"78","annee_naissance":2006,"nombre_occurences":7},{"prenom":"VIVIEN","sexe":"M","departement":"78","annee_naissance":2006,"nombre_occurences":4},{"prenom":"WAEL","sexe":"M","departement":"78","annee_naissance":2006,"nombre_occurences":7},{"prenom":"WAHIB","sexe":"M","departement":"78","annee_naissance":2006,"nombre_occurences":3},{"prenom":"WALID","sexe":"M","departement":"78","annee_naissance":2006,"nombre_occurences":15},{"prenom":"WANDRILLE","sexe":"M","departement":"78","annee_naissance":2006,"nombre_occurences":4},{"prenom":"WARREN","sexe":"M","departement":"78","annee_naissance":2006,"nombre_occurences":4},{"prenom":"WASSILA","sexe":"F","departement":"78","annee_naissance":2006,"nombre_occurences":3},{"prenom":"WASSIM","sexe":"M","departement":"78","annee_naissance":2006,"nombre_occurences":13},{"prenom":"WENDY","sexe":"F","departement":"78","annee_naissance":2006,"nombre_occurences":4},{"prenom":"WESLEY","sexe":"M","departement":"78","annee_naissance":2006,"nombre_occurences":4},{"prenom":"WILFRIED","sexe":"M","departement":"78","annee_naissance":2006,"nombre_occurences":3},{"prenom":"WILLIAM","sexe":"M","departement":"78","annee_naissance":2006,"nombre_occurences":29},{"prenom":"WILSON","sexe":"M","departement":"78","annee_naissance":2006,"nombre_occurences":4},{"prenom":"WISSAM","sexe":"M","departement":"78","annee_naissance":2006,"nombre_occurences":3},{"prenom":"XAVIER","sexe":"M","departement":"78","annee_naissance":2006,"nombre_occurences":9},{"prenom":"YACINE","sexe":"M","departement":"78","annee_naissance":2006,"nombre_occurences":15},{"prenom":"YAELLE","sexe":"F","departement":"78","annee_naissance":2006,"nombre_occurences":3},{"prenom":"YAMINA","sexe":"F","departement":"78","annee_naissance":2006,"nombre_occurences":3},{"prenom":"YANIS","sexe":"M","departement":"78","annee_naissance":2006,"nombre_occurences":74},{"prenom":"YANISS","sexe":"M","departement":"78","annee_naissance":2006,"nombre_occurences":5},{"prenom":"YANN","sexe":"M","departement":"78","annee_naissance":2006,"nombre_occurences":18},{"prenom":"YANNIS","sexe":"M","departement":"78","annee_naissance":2006,"nombre_occurences":10},{"prenom":"YASMINA","sexe":"F","departement":"78","annee_naissance":2006,"nombre_occurences":3},{"prenom":"YASMINE","sexe":"F","departement":"78","annee_naissance":2006,"nombre_occurences":39},{"prenom":"YASSINE","sexe":"M","departement":"78","annee_naissance":2006,"nombre_occurences":23},{"prenom":"YLAN","sexe":"M","departement":"78","annee_naissance":2006,"nombre_occurences":6},{"prenom":"YLANN","sexe":"M","departement":"78","annee_naissance":2006,"nombre_occurences":3},{"prenom":"YLIES","sexe":"M","departement":"78","annee_naissance":2006,"nombre_occurences":4},{"prenom":"YOAN","sexe":"M","departement":"78","annee_naissance":2006,"nombre_occurences":14},{"prenom":"YOANN","sexe":"M","departement":"78","annee_naissance":2006,"nombre_occurences":12},{"prenom":"YOHAN","sexe":"M","departement":"78","annee_naissance":2006,"nombre_occurences":8},{"prenom":"YOHANN","sexe":"M","departement":"78","annee_naissance":2006,"nombre_occurences":5},{"prenom":"YONI","sexe":"M","departement":"78","annee_naissance":2006,"nombre_occurences":6},{"prenom":"YOUMNA","sexe":"F","departement":"78","annee_naissance":2006,"nombre_occurences":3},{"prenom":"YOUNES","sexe":"M","departement":"78","annee_naissance":2006,"nombre_occurences":7},{"prenom":"YOUSRA","sexe":"F","departement":"78","annee_naissance":2006,"nombre_occurences":3},{"prenom":"YOUSSEF","sexe":"M","departement":"78","annee_naissance":2006,"nombre_occurences":7},{"prenom":"YOUSSOUF","sexe":"M","departement":"78","annee_naissance":2006,"nombre_occurences":5},{"prenom":"YUNA","sexe":"F","departement":"78","annee_naissance":2006,"nombre_occurences":3},{"prenom":"YUSUF","sexe":"M","departement":"78","annee_naissance":2006,"nombre_occurences":3},{"prenom":"ZAHRA","sexe":"F","departement":"78","annee_naissance":2006,"nombre_occurences":4},{"prenom":"ZAKARIA","sexe":"M","departement":"78","annee_naissance":2006,"nombre_occurences":17},{"prenom":"ZAKARIYA","sexe":"M","departement":"78","annee_naissance":2006,"nombre_occurences":4},{"prenom":"ZAKARY","sexe":"M","departement":"78","annee_naissance":2006,"nombre_occurences":3},{"prenom":"ZELIE","sexe":"F","departement":"78","annee_naissance":2006,"nombre_occurences":5},{"prenom":"ZIYAD","sexe":"M","departement":"78","annee_naissance":2006,"nombre_occurences":4},{"prenom":"ZOE","sexe":"F","departement":"78","annee_naissance":2006,"nombre_occurences":51}]