[{"nom":"LES SAVEURS DE PIERRE DEMOURS","adresse":"13, Rue Pierre Demours","cp":75017,"ville":"Paris","departement":" Paris","localisation":"48.880505,2.292836","latitude":48.880505,"longitude":2.292836,"adresse_concat":"13, Rue Pierre Demours","result_score":0.95},{"nom":"LE CASTEL BLANGEOIS","adresse":"162, Avenue Ledru-Rollin","cp":75011,"ville":"Paris","departement":" Paris","localisation":"48.856276,2.379198","latitude":48.856276,"longitude":2.379198,"adresse_concat":"162, Avenue Ledru-Rollin","result_score":0.95},{"nom":"LA MAISON KERCK","adresse":"76, Rue Saint-Maur","cp":75011,"ville":"Paris","departement":" Paris","localisation":"48.864064,2.3785600000000002","latitude":48.864064,"longitude":2.37856,"adresse_concat":"76, Rue Saint-Maur","result_score":0.95},{"nom":"LEPOT JEAN-CHRISTOPHE","adresse":"23, Rue Daval","cp":75011,"ville":"Paris","departement":" Paris","localisation":"48.854516,2.371288","latitude":48.854516,"longitude":2.371288,"adresse_concat":"23, Rue Daval","result_score":0.94},{"nom":"AU DELICE BRIARD","adresse":"Rue de la P\u00eacherie","cp":77120,"ville":"Coulommiers","departement":" Seine-et-Marne","localisation":"48.812471,3.083324","latitude":48.812471,"longitude":3.083324,"adresse_concat":"Rue de la P\u00eacherie","result_score":0.79},{"nom":"MAISON SHAIMI","adresse":"11, Rue Auguste Blanche","cp":92800,"ville":"Puteaux","departement":" Hauts-de-Seine","localisation":"48.879284,2.240352","latitude":48.879284,"longitude":2.240352,"adresse_concat":"11, Rue Auguste Blanche","result_score":0.93},{"nom":"BOULANGERIE DE LA GARE","adresse":"4, Place de la Gare","cp":94140,"ville":"Alfortville","departement":" Val-de-Marne","localisation":"48.801686,2.426148","latitude":48.801686,"longitude":2.426148,"adresse_concat":"4, Place de la Gare","result_score":0.87},{"nom":"LES DELICES DE LA VILLETTE","adresse":"224, Boulevard de la Villette","cp":75019,"ville":"Paris","departement":" Paris","localisation":"48.884436,2.366764","latitude":48.884436,"longitude":2.366764,"adresse_concat":"224, Boulevard de la Villette","result_score":0.75},{"nom":"EVA","adresse":"3, Place du 25 Ao\u00fbt 1944","cp":75014,"ville":"Paris","departement":" Paris","localisation":"48.822478,2.325846","latitude":48.822478,"longitude":2.325846,"adresse_concat":"3, Place du 25 Ao\u00fbt 1944","result_score":0.91},{"nom":"CHEZ MADELEINE","adresse":"12, Avenue d'Argenteuil","cp":92600,"ville":"Asni\u00e8res-sur-Seine","departement":" Hauts-de-Seine","localisation":"48.910373,2.286009","latitude":48.910373,"longitude":2.286009,"adresse_concat":"12, Avenue d'Argenteuil","result_score":0.93},{"nom":"LA BOULANGERIE DE JEANNE","adresse":"109, Avenue Ledru-Rollin","cp":75011,"ville":"Paris","departement":" Paris","localisation":"48.852819,2.376844","latitude":48.852819,"longitude":2.376844,"adresse_concat":"109, Avenue Ledru-Rollin","result_score":0.77},{"nom":"L ATELIER D AULNAY","adresse":"12 Bis, Route de Bondy","cp":93600,"ville":"Aulnay-sous-Bois","departement":" Seine-Saint-Denis","localisation":"48.931007,2.493556","latitude":48.931007,"longitude":2.493556,"adresse_concat":"12 BIS, Route de Bondy","result_score":0.81},{"nom":"AU GOUT DU TEMPS","adresse":"104, Rue Bobillot","cp":75013,"ville":"Paris","departement":" Paris","localisation":"48.822684,2.347014","latitude":48.822684,"longitude":2.347014,"adresse_concat":"104, Rue Bobillot","result_score":0.95},{"nom":"LES DOUCEURS DE MARIE","adresse":"12, Rue Ren\u00e9 Brulay","cp":78500,"ville":"Sartrouville","departement":" Yvelines","localisation":"48.93575,2.16361","latitude":48.93575,"longitude":2.16361,"adresse_concat":"12, Rue Ren\u00e9 Brulay","result_score":0.93},{"nom":"AU FOURNIL DE GWEN","adresse":"17, Rue des Ormessons","cp":77000,"ville":"Vaux-le-P\u00e9nil","departement":" Seine-et-Marne","localisation":"48.526047,2.681711","latitude":48.526047,"longitude":2.681711,"adresse_concat":"17, Rue des Ormessons","result_score":0.91},{"nom":"JACQUES SEBASTIEN","adresse":"209, Avenue Charles de Gaulle","cp":92200,"ville":"Neuilly-sur-Seine","departement":" Hauts-de-Seine","localisation":"48.884836,2.259067","latitude":48.884836,"longitude":2.259067,"adresse_concat":"209, Avenue Charles de Gaulle","result_score":0.93},{"nom":"LES SAVEURS D ASNIERES","adresse":"24, Boulevard Voltaire","cp":92600,"ville":"Asni\u00e8res-sur-Seine","departement":" Hauts-de-Seine","localisation":"48.912362,2.296415","latitude":48.912362,"longitude":2.296415,"adresse_concat":"24, Boulevard Voltaire","result_score":0.93},{"nom":"MAISON LAMBERT","adresse":"13, Rue de la Gare","cp":91800,"ville":"Brunoy","departement":" Essonne","localisation":"48.69826,2.505134","latitude":48.69826,"longitude":2.505134,"adresse_concat":"13, Rue de la Gare","result_score":0.92},{"nom":"LA COMTESSE DE TREVISE","adresse":"7 Ter, Avenue Ardouin","cp":94420,"ville":"Le Plessis-Tr\u00e9vise","departement":" Val-de-Marne","localisation":"48.810028,2.572834","latitude":48.810028,"longitude":2.572834,"adresse_concat":"7 TER, Avenue Ardouin","result_score":0.92},{"nom":"BYGDADE","adresse":"18, Rue de Cherbourg","cp":94360,"ville":"Bry-sur-Marne","departement":" Val-de-Marne","localisation":"48.843167,2.524094","latitude":48.843167,"longitude":2.524094,"adresse_concat":"18, Rue de Cherbourg","result_score":0.78},{"nom":"BOULANGERIE MUM S","adresse":"1, Rue du G\u00e9n\u00e9ral de Gaulle","cp":95220,"ville":"Herblay-sur-Seine","departement":" Val-d'Oise","localisation":"48.990747,2.167401","latitude":48.990747,"longitude":2.167401,"adresse_concat":"1, Rue du G\u00e9n\u00e9ral de Gaulle","result_score":0.74},{"nom":"LA PETITE MARGOT","adresse":"28, Avenue Gabriel P\u00e9ri","cp":93160,"ville":"Noisy-le-Grand","departement":" Seine-Saint-Denis","localisation":"48.832065,2.566657","latitude":48.832065,"longitude":2.566657,"adresse_concat":"28, Avenue Gabriel P\u00e9ri","result_score":0.93},{"nom":"BOULANGERIE DE LA PLACE","adresse":"32, Place Notre-Dame","cp":95300,"ville":"Pontoise","departement":" Val-d'Oise","localisation":"49.049796,2.091745","latitude":49.049796,"longitude":2.091745,"adresse_concat":"32, Place Notre-Dame","result_score":0.94},{"nom":"LES DELICES DU PARADIS","adresse":"8, Rue de la Ferme du Paradis","cp":78250,"ville":"Meulan-en-Yvelines","departement":" Yvelines","localisation":"49.012534,1.918513","latitude":49.012534,"longitude":1.918513,"adresse_concat":"8, Rue de la Ferme du Paradis","result_score":0.77},{"nom":"BOUJDI - BOULANGERIE DU PARC","adresse":"5, Place de la R\u00e9publique Fran\u00e7ois Mitterrand","cp":92110,"ville":"Clichy","departement":" Hauts-de-Seine","localisation":"48.902873,2.312773","latitude":48.902873,"longitude":2.312773,"adresse_concat":"5, Place de la R\u00e9publique Fran\u00e7ois Mitterrand","result_score":0.65},{"nom":"LES DOUCEURS DE ROISSY","adresse":"8, Rue Dorval","cp":95700,"ville":"Roissy-en-France","departement":" Val-d'Oise","localisation":"49.00394,2.516899","latitude":49.00394,"longitude":2.516899,"adresse_concat":"8, Rue Dorval","result_score":0.91},{"nom":"MAISON CHAILLOU","adresse":"16, Rue Berthie Albrecht","cp":95210,"ville":"Saint-Gratien","departement":" Val-d'Oise","localisation":"48.968108,2.284718","latitude":48.968108,"longitude":2.284718,"adresse_concat":"16, Rue Berthie Albrecht","result_score":0.93},{"nom":"MAISON GAUTHIER","adresse":"147, Chauss\u00e9e Jules C\u00e9sar","cp":95250,"ville":"Beauchamp","departement":" Val-d'Oise","localisation":"49.009451,2.197083","latitude":49.009451,"longitude":2.197083,"adresse_concat":"147, Chauss\u00e9e Jules C\u00e9sar","result_score":0.93},{"nom":"ATELIER DU PAIN","adresse":"96, Avenue du G\u00e9n\u00e9ral Leclerc","cp":78220,"ville":"Viroflay","departement":" Yvelines","localisation":"48.804089,2.173019","latitude":48.804089,"longitude":2.173019,"adresse_concat":"96, Avenue du G\u00e9n\u00e9ral Leclerc","result_score":0.78},{"nom":"EZZAHRA","adresse":"31, Rue du Pont de Cr\u00e9teil","cp":94100,"ville":"Saint-Maur-des-Foss\u00e9s","departement":" Val-de-Marne","localisation":"48.807471,2.471372","latitude":48.807471,"longitude":2.471372,"adresse_concat":"31, Rue du Pont de Cr\u00e9teil","result_score":0.93},{"nom":"PAIN D OR","adresse":"29, Boulevard Stalingrad","cp":92240,"ville":"Malakoff","departement":" Hauts-de-Seine","localisation":"48.814569,2.286854","latitude":48.814569,"longitude":2.286854,"adresse_concat":"29, Boulevard Stalingrad","result_score":0.86},{"nom":"BOULANGERIE DE LA MAIRIE","adresse":"36, Avenue de la R\u00e9publique","cp":92130,"ville":"Issy-les-Moulineaux","departement":" Hauts-de-Seine","localisation":"48.824308,2.272864","latitude":48.824308,"longitude":2.272864,"adresse_concat":"36, Avenue de la R\u00e9publique","result_score":0.93},{"nom":"SCHAEFER SERGE","adresse":"20, Rue des Batignolles","cp":75017,"ville":"Paris","departement":" Paris","localisation":"48.884622,2.32154","latitude":48.884622,"longitude":2.32154,"adresse_concat":"20, Rue des Batignolles","result_score":0.77},{"nom":"LES 3 BAGUETTES","adresse":"All\u00e9e Jean Louis Barrault","cp":77100,"ville":"Meaux","departement":" Seine-et-Marne","localisation":"48.952291,2.912699","latitude":48.952291,"longitude":2.912699,"adresse_concat":"All\u00e9e Jean Louis Barrault","result_score":0.86},{"nom":"LEGENDRE TOLBIAC","adresse":"79, Rue de Tolbiac","cp":75013,"ville":"Paris","departement":" Paris","localisation":"48.827102,2.367915","latitude":48.827102,"longitude":2.367915,"adresse_concat":"79, Rue de Tolbiac","result_score":0.95},{"nom":"BOULANGERIE NADAL","adresse":"69, Avenue de la Princesse","cp":78110,"ville":"Le V\u00e9sinet","departement":" Yvelines","localisation":"48.883237,2.131393","latitude":48.883237,"longitude":2.131393,"adresse_concat":"69, Avenue de la Princesse","result_score":0.93},{"nom":"LE GRILLON","adresse":"20, Rue du Poteau","cp":75018,"ville":"Paris","departement":" Paris","localisation":"48.893589,2.342509","latitude":48.893589,"longitude":2.342509,"adresse_concat":"20, Rue du Poteau","result_score":0.95},{"nom":"PAINS ET GOURMANDISES","adresse":"107, Rue du G\u00e9n\u00e9ral Leclerc","cp":94000,"ville":"Cr\u00e9teil","departement":" Val-de-Marne","localisation":"48.789476,2.466386","latitude":48.789476,"longitude":2.466386,"adresse_concat":"107, Rue du G\u00e9n\u00e9ral Leclerc","result_score":0.94},{"nom":"ARLETTE ET COLETTE","adresse":"4, Rue de la Jonqui\u00e8re","cp":75017,"ville":"Paris","departement":" Paris","localisation":"48.89322,2.326955","latitude":48.89322,"longitude":2.326955,"adresse_concat":"4, Rue de la Jonqui\u00e8re","result_score":0.95},{"nom":"AUX DEUX ANGES","adresse":"23, Rue Daval","cp":75011,"ville":"Paris","departement":" Paris","localisation":"48.854516,2.371288","latitude":48.854516,"longitude":2.371288,"adresse_concat":"23, Rue Daval","result_score":0.94},{"nom":"MILLE ET UN PETITS PAINS (mpd)","adresse":"10, Place d'Italie","cp":75013,"ville":"Paris","departement":" Paris","localisation":"48.831467,2.354216","latitude":48.831467,"longitude":2.354216,"adresse_concat":"10, Place d'Italie","result_score":0.94},{"nom":"LE MOULIN DE FEUCHEROLLES","adresse":"48, Grande Rue","cp":78810,"ville":"Feucherolles","departement":" Yvelines","localisation":"48.873842,1.973754","latitude":48.873842,"longitude":1.973754,"adresse_concat":"48, Grande Rue","result_score":0.91},{"nom":"AUX PETITS DELICES","adresse":"1, Rue L\u00e9on Pelouse","cp":95480,"ville":"Pierrelaye","departement":" Val-d'Oise","localisation":"49.023377,2.154279","latitude":49.023377,"longitude":2.154279,"adresse_concat":"1, Rue L\u00e9on Pelouse","result_score":0.91},{"nom":"BOULANGERIE JEAN ROGER","adresse":"63, Rue du Mar\u00e9chal Foch","cp":94360,"ville":"Bry-sur-Marne","departement":" Val-de-Marne","localisation":"48.842691,2.516997","latitude":48.842691,"longitude":2.516997,"adresse_concat":"63, Rue du Mar\u00e9chal Foch","result_score":0.93},{"nom":"BOULANGERIE SAINT JUSTIN","adresse":"49, Rue Rivay","cp":92300,"ville":"Levallois-Perret","departement":" Hauts-de-Seine","localisation":"48.89431,2.2894259999999997","latitude":48.89431,"longitude":2.289426,"adresse_concat":"49, Rue Rivay","result_score":0.93},{"nom":"LES SAVEURS DE WAGRAM","adresse":"169, Avenue de Wagram","cp":75017,"ville":"Paris","departement":" Paris","localisation":"48.886655,2.304165","latitude":48.886655,"longitude":2.304165,"adresse_concat":"169, Avenue de Wagram","result_score":0.95},{"nom":"AU BLE D OR","adresse":"28, Rue de l'Ouest","cp":78200,"ville":"Magnanville","departement":" Yvelines","localisation":"48.978655,1.68822","latitude":48.978655,"longitude":1.68822,"adresse_concat":"28, Rue de l'Ouest","result_score":0.91},{"nom":"ALISSON","adresse":"21, Rue du G\u00e9n\u00e9ral de Gaulle","cp":95880,"ville":"Enghien-les-Bains","departement":" Val-d'Oise","localisation":"48.971442,2.308206","latitude":48.971442,"longitude":2.308206,"adresse_concat":"21, Rue du G\u00e9n\u00e9ral de Gaulle","result_score":0.93},{"nom":"MAISON BOURGOGNE","adresse":"22, Grand-Rue Rue","cp":78550,"ville":"Houdan","departement":" Yvelines","localisation":"48.790805,1.600812","latitude":48.790805,"longitude":1.600812,"adresse_concat":"22, Grand-Rue Rue","result_score":0.77},{"nom":"AUX DELICES DE ROSNY","adresse":"17, Rue du G\u00e9n\u00e9ral Gallieni","cp":93110,"ville":"Rosny-sous-Bois","departement":" Seine-Saint-Denis","localisation":"48.872948,2.484371","latitude":48.872948,"longitude":2.484371,"adresse_concat":"17, Rue du G\u00e9n\u00e9ral Gallieni","result_score":0.93},{"nom":"BOULANGERIE NOLITA","adresse":"10, Rue du G\u00e9n\u00e9ral Leclerc","cp":78360,"ville":"Montesson","departement":" Yvelines","localisation":"48.907998,2.150033","latitude":48.907998,"longitude":2.150033,"adresse_concat":"10, Rue du G\u00e9n\u00e9ral Leclerc","result_score":0.92},{"nom":"LES DELICES D ARNOUVILLE","adresse":"34, Avenue de la R\u00e9publique","cp":95400,"ville":"Arnouville","departement":" Val-d'Oise","localisation":"48.979633,2.423266","latitude":48.979633,"longitude":2.423266,"adresse_concat":"34, Avenue de la R\u00e9publique","result_score":0.68},{"nom":"CHOUX CHOUX","adresse":"16, Avenue Joseph Froment","cp":92250,"ville":"La Garenne-Colombes","departement":" Hauts-de-Seine","localisation":"48.912211,2.256199","latitude":48.912211,"longitude":2.256199,"adresse_concat":"16, Avenue Joseph Froment","result_score":0.93},{"nom":"LE FOURNIL DES MUREAUX","adresse":"99, Avenue du Mar\u00e9chal Foch","cp":78130,"ville":"Les Mureaux","departement":" Yvelines","localisation":"48.992786,1.9036520000000001","latitude":48.992786,"longitude":1.903652,"adresse_concat":"99, Avenue du Mar\u00e9chal Foch","result_score":0.92},{"nom":"LAD","adresse":"48, Boulevard Chilp\u00e9ric","cp":77500,"ville":"Chelles","departement":" Seine-et-Marne","localisation":"48.87485,2.584059","latitude":48.87485,"longitude":2.584059,"adresse_concat":"48, Boulevard Chilp\u00e9ric","result_score":0.7},{"nom":"BOULANGERIE LAURENT","adresse":"59, Boulevard de Vaugirard","cp":75015,"ville":"Paris","departement":" Paris","localisation":"48.84064,2.316289","latitude":48.84064,"longitude":2.316289,"adresse_concat":"59, Boulevard de Vaugirard","result_score":0.87},{"nom":"BOULANGERIE LEA ET GILLES","adresse":"155, Rue d'Alesia","cp":75014,"ville":"Paris","departement":" Paris","localisation":"48.830348,2.319425","latitude":48.830348,"longitude":2.319425,"adresse_concat":"155, Rue d'Alesia","result_score":0.95},{"nom":"LA FABRIQUE A PAIN","adresse":"2, Boulevard Clemenceau","cp":95240,"ville":"Cormeilles-en-Parisis","departement":" Val-d'Oise","localisation":"48.9699,2.194429","latitude":48.9699,"longitude":2.194429,"adresse_concat":"2, Boulevard Clemenceau","result_score":0.75},{"nom":"LEGENDRE GUYANCOURT","adresse":"7, Place Charlotte Perriand","cp":78280,"ville":"Guyancourt","departement":" Yvelines","localisation":"48.766278,2.078343","latitude":48.766278,"longitude":2.078343,"adresse_concat":"7, Place Charlotte Perriand","result_score":0.92},{"nom":"MAISON VAUVILLIER","adresse":"9, Rue de l'Aubette","cp":95450,"ville":"Seraincourt","departement":" Val-d'Oise","localisation":"49.034886,1.867125","latitude":49.034886,"longitude":1.867125,"adresse_concat":"9, Rue de l'Aubette","result_score":0.91},{"nom":"BOULANGERIE PAPOU","adresse":"19, Rue de la Grosse Pierre","cp":78540,"ville":"Vernouillet","departement":" Yvelines","localisation":"48.975627,1.995383","latitude":48.975627,"longitude":1.995383,"adresse_concat":"19, Rue de la Grosse Pierre","result_score":0.91},{"nom":"LES DELICES DU LUXEMBOURG","adresse":"5, Rue Vavin","cp":75006,"ville":"Paris","departement":" Paris","localisation":"48.844525,2.331871","latitude":48.844525,"longitude":2.331871,"adresse_concat":"5, Rue Vavin","result_score":0.94},{"nom":"LES GOURMANDISES DE SAINT LAZARE","adresse":"71, Rue Saint-Lazare","cp":75009,"ville":"Paris","departement":" Paris","localisation":"48.876697,2.332451","latitude":48.876697,"longitude":2.332451,"adresse_concat":"71, Rue Saint-Lazare","result_score":0.95},{"nom":"LA BOITE A CHOUX","adresse":"31, Rue Charles de Gaulle","cp":91530,"ville":"Saint-Ch\u00e9ron","departement":" Essonne","localisation":"48.553374,2.122944","latitude":48.553374,"longitude":2.122944,"adresse_concat":"31, Rue Charles de Gaulle","result_score":0.52},{"nom":"BDEC","adresse":"8, Avenue de la Gare","cp":95150,"ville":"Taverny","departement":" Val-d'Oise","localisation":"49.027047,2.223259","latitude":49.027047,"longitude":2.223259,"adresse_concat":"8, Avenue de la Gare","result_score":0.93},{"nom":"LE FLOHIC","adresse":"14, Rue de l'Abb\u00e9 Derry","cp":92130,"ville":"Issy-les-Moulineaux","departement":" Hauts-de-Seine","localisation":"48.822548,2.279849","latitude":48.822548,"longitude":2.279849,"adresse_concat":"14, Rue de l'Abb\u00e9 Derry","result_score":0.93},{"nom":"TARBE","adresse":"11, Avenue Denis Papin","cp":95400,"ville":"Arnouville","departement":" Val-d'Oise","localisation":"48.993799,2.415207","latitude":48.993799,"longitude":2.415207,"adresse_concat":"11, Avenue Denis Papin","result_score":0.69},{"nom":"BOULANGERIE LE FLOUR","adresse":"26, Rue Henri Amodru","cp":91190,"ville":"Gif-sur-Yvette","departement":" Essonne","localisation":"48.702163,2.133557","latitude":48.702163,"longitude":2.133557,"adresse_concat":"26, Rue Henri Amodru","result_score":0.93},{"nom":"LES DELICES DE PARMENTIER","adresse":"50, Rue Parmentier","cp":93240,"ville":"Stains","departement":" Seine-Saint-Denis","localisation":"48.968378,2.374238","latitude":48.968378,"longitude":2.374238,"adresse_concat":"50, Rue Parmentier","result_score":0.93},{"nom":"MATHIEU et  CO","adresse":"71, Rue d'Alesia","cp":75014,"ville":"Paris","departement":" Paris","localisation":"48.82777,2.329049","latitude":48.82777,"longitude":2.329049,"adresse_concat":"71, Rue d'Alesia","result_score":0.95},{"nom":"CHEZ CELINE ET FRANCK","adresse":"1, Place Charles de Gaulle","cp":91790,"ville":"Boissy-sous-Saint-Yon","departement":" Essonne","localisation":"48.558746,2.209312","latitude":48.558746,"longitude":2.209312,"adresse_concat":"1, Place Charles de Gaulle","result_score":0.63},{"nom":"LES CINQ REINES","adresse":"4, Rue du G\u00e9n\u00e9ral Leclerc","cp":94220,"ville":"Charenton-le-Pont","departement":" Val-de-Marne","localisation":"48.822423,2.414372","latitude":48.822423,"longitude":2.414372,"adresse_concat":"4, Rue du G\u00e9n\u00e9ral Leclerc","result_score":0.75},{"nom":"MENIER TRADITION","adresse":"30, Boulevard Diderot","cp":75012,"ville":"Paris","departement":" Paris","localisation":"48.846006,2.376379","latitude":48.846006,"longitude":2.376379,"adresse_concat":"30, Boulevard Diderot","result_score":0.95},{"nom":"LA GOURMANDINE","adresse":"221, Rue de Tolbiac","cp":75013,"ville":"Paris","departement":" Paris","localisation":"48.825724,2.345948","latitude":48.825724,"longitude":2.345948,"adresse_concat":"221, Rue de Tolbiac","result_score":0.95},{"nom":"LA GOURMANDISE","adresse":"4, Rue Charpentier","cp":92340,"ville":"Bourg-la-Reine","departement":" Hauts-de-Seine","localisation":"48.776946,2.323504","latitude":48.776946,"longitude":2.323504,"adresse_concat":"4, Rue Charpentier","result_score":0.92},{"nom":"LJ 12 3 2018 - MAISON CARON S","adresse":"1, Rue L\u00e9on Pelouse","cp":95480,"ville":"Pierrelaye","departement":" Val-d'Oise","localisation":"49.023377,2.154279","latitude":49.023377,"longitude":2.154279,"adresse_concat":"1, Rue L\u00e9on Pelouse","result_score":0.91},{"nom":"CHLOE ET MATHIS","adresse":"57, Rue du Mar\u00e9chal Foch","cp":78250,"ville":"Meulan-en-Yvelines","departement":" Yvelines","localisation":"49.005379,1.907676","latitude":49.005379,"longitude":1.907676,"adresse_concat":"57, Rue du Mar\u00e9chal Foch","result_score":0.74},{"nom":"BOULANGERIE GIRAUD","adresse":"34, Avenue Marcel Hirbec","cp":78390,"ville":"Bois-d'Arcy","departement":" Yvelines","localisation":"48.803099,2.040551","latitude":48.803099,"longitude":2.040551,"adresse_concat":"34, Avenue Marcel Hirbec","result_score":0.92},{"nom":"BOULANGERIE PAGES","adresse":"4, Rue de Provins","cp":77560,"ville":"Villiers-Saint-Georges","departement":" Seine-et-Marne","localisation":"48.650047,3.406042","latitude":48.650047,"longitude":3.406042,"adresse_concat":"4, Rue de Provins","result_score":0.92},{"nom":"BABIN EDWIGE ET DAVID","adresse":"2 Bis, Avenue du G\u00e9n\u00e9ral Leclerc","cp":95230,"ville":"Soisy-sous-Montmorency","departement":" Val-d'Oise","localisation":"48.977631,2.306668","latitude":48.977631,"longitude":2.306668,"adresse_concat":"2 BIS, Avenue du G\u00e9n\u00e9ral Leclerc","result_score":0.93},{"nom":"LA MAISON GOURMANDE","adresse":"1, Rue L\u00e9on Pelouse","cp":95480,"ville":"Pierrelaye","departement":" Val-d'Oise","localisation":"49.023377,2.154279","latitude":49.023377,"longitude":2.154279,"adresse_concat":"1, Rue L\u00e9on Pelouse","result_score":0.91},{"nom":"BOULANGERIE SAINT HONORE","adresse":"11 Ter, Rue Jean Philippe Rameau","cp":93200,"ville":"Saint-Denis","departement":" Seine-Saint-Denis","localisation":"48.920967,2.354526","latitude":48.920967,"longitude":2.354526,"adresse_concat":"11 TER, Rue Jean Philippe Rameau","result_score":0.93},{"nom":"AUX PECHES NORMANDS","adresse":"9, Rue du Faubourg du Temple","cp":75010,"ville":"Paris","departement":" Paris","localisation":"48.868248,2.365484","latitude":48.868248,"longitude":2.365484,"adresse_concat":"9, Rue du Faubourg du Temple","result_score":0.95},{"nom":"LES DELICES ET DU PAIN","adresse":"6, Square Camille Pissarro","cp":78280,"ville":"Guyancourt","departement":" Yvelines","localisation":"48.783638,2.055395","latitude":48.783638,"longitude":2.055395,"adresse_concat":"6, Square Camille Pissarro","result_score":0.85},{"nom":"LES DOUCEURS DE LEA","adresse":"80, Boulevard Maximilien Robespierre","cp":78300,"ville":"Poissy","departement":" Yvelines","localisation":"48.933952,2.054062","latitude":48.933952,"longitude":2.054062,"adresse_concat":"80, Boulevard Maximilien Robespierre","result_score":0.54},{"nom":"MS ONE LEVALLOIS SAS","adresse":"143, Rue Aristide Briand","cp":92300,"ville":"Levallois-Perret","departement":" Hauts-de-Seine","localisation":"48.896459,2.297632","latitude":48.896459,"longitude":2.297632,"adresse_concat":"143, Rue Aristide Briand","result_score":0.93},{"nom":"NGUYEN FAMILY","adresse":"60, Avenue Fran\u00e7ois Mitterrand","cp":77144,"ville":"Mont\u00e9vrain","departement":" Seine-et-Marne","localisation":"48.866908,2.760159","latitude":48.866908,"longitude":2.760159,"adresse_concat":"60, Avenue Fran\u00e7ois Mitterrand","result_score":0.83},{"nom":"BOULANGERIE MORIEUX","adresse":"35, Rue d'Aguesseau","cp":92100,"ville":"Boulogne-Billancourt","departement":" Hauts-de-Seine","localisation":"48.843455,2.236635","latitude":48.843455,"longitude":2.236635,"adresse_concat":"35, Rue d'Aguesseau","result_score":0.9},{"nom":"MAT FLORE","adresse":"56, Rue d'Auteuil","cp":75016,"ville":"Paris","departement":" Paris","localisation":"48.848037,2.262325","latitude":48.848037,"longitude":2.262325,"adresse_concat":"56, Rue d'Auteuil","result_score":0.95},{"nom":"BOULANGERIE PETIT LAVAL","adresse":"6, Rue Cl\u00e9ment Vienot","cp":94300,"ville":"Vincennes","departement":" Val-de-Marne","localisation":"48.847595,2.451119","latitude":48.847595,"longitude":2.451119,"adresse_concat":"6, Rue Cl\u00e9ment Vienot","result_score":0.83},{"nom":"LA PTITE BASQUIE","adresse":"41, Rue des Bourguignons","cp":92270,"ville":"Bois-Colombes","departement":" Hauts-de-Seine","localisation":"48.913954,2.273681","latitude":48.913954,"longitude":2.273681,"adresse_concat":"41, Rue des Bourguignons","result_score":0.86},{"nom":"LPG91","adresse":"2, Rue Valentin Conrard","cp":91200,"ville":"Athis-Mons","departement":" Essonne","localisation":"48.708097,2.388388","latitude":48.708097,"longitude":2.388388,"adresse_concat":"2, Rue Valentin Conrard","result_score":0.83},{"nom":"ADG","adresse":"96, Rue de la Faisanderie","cp":75016,"ville":"Paris","departement":" Paris","localisation":"48.866283,2.274129","latitude":48.866283,"longitude":2.274129,"adresse_concat":"96, Rue de la Faisanderie","result_score":0.95},{"nom":"LE COEUR GOURMAND","adresse":"35, Rue de Paris","cp":95270,"ville":"Viarmes","departement":" Val-d'Oise","localisation":"49.126904,2.370109","latitude":49.126904,"longitude":2.370109,"adresse_concat":"35, Rue de Paris","result_score":0.93},{"nom":"AU COEUR DE MA PASSION","adresse":"50 Bis, Rue de Douai","cp":75009,"ville":"Paris","departement":" Paris","localisation":"48.88323,2.3308780000000002","latitude":48.88323,"longitude":2.330878,"adresse_concat":"50 BIS, Rue de Douai","result_score":0.95},{"nom":"TEJY","adresse":"10, Rue de Colombes","cp":92400,"ville":"Courbevoie","departement":" Hauts-de-Seine","localisation":"48.89736,2.256616","latitude":48.89736,"longitude":2.256616,"adresse_concat":"10, Rue de Colombes","result_score":0.93},{"nom":"HAKIM FRERES","adresse":"60, Rue de la Coutellerie","cp":95300,"ville":"Pontoise","departement":" Val-d'Oise","localisation":"49.049881,2.092314","latitude":49.049881,"longitude":2.092314,"adresse_concat":"60, Rue de la Coutellerie","result_score":0.94},{"nom":"TANGO","adresse":"2, Avenue de Verdun","cp":95150,"ville":"Taverny","departement":" Val-d'Oise","localisation":"49.016324,2.209137","latitude":49.016324,"longitude":2.209137,"adresse_concat":"2, Avenue de Verdun","result_score":0.92},{"nom":"AU PALAIS BONOIT","adresse":"92, Boulevard \u00c9douard Vaillant","cp":93300,"ville":"Aubervilliers","departement":" Seine-Saint-Denis","localisation":"48.918214,2.400371","latitude":48.918214,"longitude":2.400371,"adresse_concat":"92, Boulevard \u00c9douard Vaillant","result_score":0.93},{"nom":"CHEVRIEUX AU PERE PETRIN","adresse":"4 Bis, Boulevard Devaux","cp":78300,"ville":"Poissy","departement":" Yvelines","localisation":"48.929366,2.043903","latitude":48.929366,"longitude":2.043903,"adresse_concat":"4 BIS, Boulevard Devaux","result_score":0.84},{"nom":"LES COMPTOIRS DE LA TOUR","adresse":"15, Quai de la Tournelle","cp":75005,"ville":"Paris","departement":" Paris","localisation":"48.8499,2.355089","latitude":48.8499,"longitude":2.355089,"adresse_concat":"15, Quai de la Tournelle","result_score":0.94},{"nom":"TOP SUCRE","adresse":"38, Avenue Franklin Roosevelt","cp":94300,"ville":"Vincennes","departement":" Val-de-Marne","localisation":"48.843888,2.431561","latitude":48.843888,"longitude":2.431561,"adresse_concat":"38, Avenue Franklin Roosevelt","result_score":0.93},{"nom":"AUX MILLE DOUCEURS","adresse":"17, Boulevard de Verdun","cp":94120,"ville":"Fontenay-sous-Bois","departement":" Val-de-Marne","localisation":"48.851727,2.47312","latitude":48.851727,"longitude":2.47312,"adresse_concat":"17, Boulevard de Verdun","result_score":0.74},{"nom":"BARBEY","adresse":"3, Rue Louis Jacques Mezard","cp":91600,"ville":"Savigny-sur-Orge","departement":" Essonne","localisation":"48.676288,2.353119","latitude":48.676288,"longitude":2.353119,"adresse_concat":"3, Rue Louis Jacques Mezard","result_score":0.77}]