[{"Year":2008,"Month":"Total","Value":294,"NOM_COURT":"\u00celes \u00c5land","ISO_ETAT":"FI","ISO_CODE_NUM":"248"},{"Year":2007,"Month":"Total","Value":286,"NOM_COURT":"\u00celes \u00c5land","ISO_ETAT":"FI","ISO_CODE_NUM":"248"},{"Year":2006,"Month":"Total","Value":295,"NOM_COURT":"\u00celes \u00c5land","ISO_ETAT":"FI","ISO_CODE_NUM":"248"},{"Year":2010,"Month":"Total","Value":182,"NOM_COURT":"Anguilla","ISO_ETAT":"GB","ISO_CODE_NUM":"660"},{"Year":2009,"Month":"Total","Value":181,"NOM_COURT":"Anguilla","ISO_ETAT":"GB","ISO_CODE_NUM":"660"},{"Year":2008,"Month":"Total","Value":154,"NOM_COURT":"Anguilla","ISO_ETAT":"GB","ISO_CODE_NUM":"660"},{"Year":2007,"Month":"Total","Value":1239,"NOM_COURT":"Aruba","ISO_ETAT":"NL","ISO_CODE_NUM":"533"},{"Year":2006,"Month":"Total","Value":1227,"NOM_COURT":"Aruba","ISO_ETAT":"NL","ISO_CODE_NUM":"533"},{"Year":2005,"Month":"Total","Value":1263,"NOM_COURT":"Aruba","ISO_ETAT":"NL","ISO_CODE_NUM":"533"},{"Year":2004,"Month":"Total","Value":1193,"NOM_COURT":"Aruba","ISO_ETAT":"NL","ISO_CODE_NUM":"533"},{"Year":2003,"Month":"Total","Value":1244,"NOM_COURT":"Aruba","ISO_ETAT":"NL","ISO_CODE_NUM":"533"},{"Year":2002,"Month":"Total","Value":1228,"NOM_COURT":"Aruba","ISO_ETAT":"NL","ISO_CODE_NUM":"533"},{"Year":2009,"Month":"Total","Value":109263,"NOM_COURT":"Bi\u00e9lorussie","ISO_ETAT":"BY","ISO_CODE_NUM":"112"},{"Year":2008,"Month":"Total","Value":107876,"NOM_COURT":"Bi\u00e9lorussie","ISO_ETAT":"BY","ISO_CODE_NUM":"112"},{"Year":2007,"Month":"Total","Value":103626,"NOM_COURT":"Bi\u00e9lorussie","ISO_ETAT":"BY","ISO_CODE_NUM":"112"},{"Year":2004,"Month":"Total","Value":88943,"NOM_COURT":"Bi\u00e9lorussie","ISO_ETAT":"BY","ISO_CODE_NUM":"112"},{"Year":2010,"Month":"Total","Value":75513,"NOM_COURT":"Bulgarie","ISO_ETAT":"BG","ISO_CODE_NUM":"100"},{"Year":2009,"Month":"Total","Value":80956,"NOM_COURT":"Bulgarie","ISO_ETAT":"BG","ISO_CODE_NUM":"100"},{"Year":2008,"Month":"Total","Value":77712,"NOM_COURT":"Bulgarie","ISO_ETAT":"BG","ISO_CODE_NUM":"100"},{"Year":2007,"Month":"Total","Value":75349,"NOM_COURT":"Bulgarie","ISO_ETAT":"BG","ISO_CODE_NUM":"100"},{"Year":2003,"Month":"Total","Value":67359,"NOM_COURT":"Bulgarie","ISO_ETAT":"BG","ISO_CODE_NUM":"100"},{"Year":2002,"Month":"Total","Value":66499,"NOM_COURT":"Bulgarie","ISO_ETAT":"BG","ISO_CODE_NUM":"100"},{"Year":2001,"Month":"Total","Value":68180,"NOM_COURT":"Bulgarie","ISO_ETAT":"BG","ISO_CODE_NUM":"100"},{"Year":2000,"Month":"Total","Value":73679,"NOM_COURT":"Bulgarie","ISO_ETAT":"BG","ISO_CODE_NUM":"100"},{"Year":2009,"Month":"Total","Value":380863,"NOM_COURT":"Canada","ISO_ETAT":"CA","ISO_CODE_NUM":"124"},{"Year":2008,"Month":"Total","Value":377886,"NOM_COURT":"Canada","ISO_ETAT":"CA","ISO_CODE_NUM":"124"},{"Year":2007,"Month":"Total","Value":367864,"NOM_COURT":"Canada","ISO_ETAT":"CA","ISO_CODE_NUM":"124"},{"Year":2006,"Month":"Total","Value":354617,"NOM_COURT":"Canada","ISO_ETAT":"CA","ISO_CODE_NUM":"124"},{"Year":2005,"Month":"Total","Value":342176,"NOM_COURT":"Canada","ISO_ETAT":"CA","ISO_CODE_NUM":"124"},{"Year":2004,"Month":"Total","Value":337072,"NOM_COURT":"Canada","ISO_ETAT":"CA","ISO_CODE_NUM":"124"},{"Year":2003,"Month":"Total","Value":335202,"NOM_COURT":"Canada","ISO_ETAT":"CA","ISO_CODE_NUM":"124"},{"Year":2002,"Month":"Total","Value":328802,"NOM_COURT":"Canada","ISO_ETAT":"CA","ISO_CODE_NUM":"124"},{"Year":2001,"Month":"Total","Value":333744,"NOM_COURT":"Canada","ISO_ETAT":"CA","ISO_CODE_NUM":"124"},{"Year":2000,"Month":"Total","Value":327882,"NOM_COURT":"Canada","ISO_ETAT":"CA","ISO_CODE_NUM":"124"},{"Year":2009,"Month":"Total","Value":824,"NOM_COURT":"\u00celes Ca\u00efmans","ISO_ETAT":"GB","ISO_CODE_NUM":"136"},{"Year":2008,"Month":"Total","Value":793,"NOM_COURT":"\u00celes Ca\u00efmans","ISO_ETAT":"GB","ISO_CODE_NUM":"136"},{"Year":2007,"Month":"Total","Value":744,"NOM_COURT":"\u00celes Ca\u00efmans","ISO_ETAT":"GB","ISO_CODE_NUM":"136"},{"Year":2006,"Month":"Total","Value":710,"NOM_COURT":"\u00celes Ca\u00efmans","ISO_ETAT":"GB","ISO_CODE_NUM":"136"},{"Year":2010,"Month":"Total","Value":250643,"NOM_COURT":"Chili","ISO_ETAT":"CL","ISO_CODE_NUM":"152"},{"Year":2009,"Month":"Total","Value":252240,"NOM_COURT":"Chili","ISO_ETAT":"CL","ISO_CODE_NUM":"152"},{"Year":2008,"Month":"Total","Value":246581,"NOM_COURT":"Chili","ISO_ETAT":"CL","ISO_CODE_NUM":"152"},{"Year":2007,"Month":"Total","Value":240569,"NOM_COURT":"Chili","ISO_ETAT":"CL","ISO_CODE_NUM":"152"},{"Year":2006,"Month":"Total","Value":231383,"NOM_COURT":"Chili","ISO_ETAT":"CL","ISO_CODE_NUM":"152"},{"Year":2005,"Month":"Total","Value":230831,"NOM_COURT":"Chili","ISO_ETAT":"CL","ISO_CODE_NUM":"152"},{"Year":2004,"Month":"Total","Value":230352,"NOM_COURT":"Chili","ISO_ETAT":"CL","ISO_CODE_NUM":"152"},{"Year":2003,"Month":"Total","Value":234486,"NOM_COURT":"Chili","ISO_ETAT":"CL","ISO_CODE_NUM":"152"},{"Year":2002,"Month":"Total","Value":238981,"NOM_COURT":"Chili","ISO_ETAT":"CL","ISO_CODE_NUM":"152"},{"Year":2001,"Month":"Total","Value":246116,"NOM_COURT":"Chili","ISO_ETAT":"CL","ISO_CODE_NUM":"152"},{"Year":2000,"Month":"Total","Value":248893,"NOM_COURT":"Chili","ISO_ETAT":"CL","ISO_CODE_NUM":"152"},{"Year":2010,"Month":"Total","Value":88584,"NOM_COURT":"Hong Kong","ISO_ETAT":"CN","ISO_CODE_NUM":"344"},{"Year":2009,"Month":"Total","Value":82095,"NOM_COURT":"Hong Kong","ISO_ETAT":"CN","ISO_CODE_NUM":"344"},{"Year":2008,"Month":"Total","Value":78822,"NOM_COURT":"Hong Kong","ISO_ETAT":"CN","ISO_CODE_NUM":"344"},{"Year":2007,"Month":"Total","Value":70875,"NOM_COURT":"Hong Kong","ISO_ETAT":"CN","ISO_CODE_NUM":"344"},{"Year":2006,"Month":"Total","Value":65626,"NOM_COURT":"Hong Kong","ISO_ETAT":"CN","ISO_CODE_NUM":"344"},{"Year":2005,"Month":"Total","Value":57098,"NOM_COURT":"Hong Kong","ISO_ETAT":"CN","ISO_CODE_NUM":"344"},{"Year":2004,"Month":"Total","Value":49796,"NOM_COURT":"Hong Kong","ISO_ETAT":"CN","ISO_CODE_NUM":"344"},{"Year":2003,"Month":"Total","Value":46965,"NOM_COURT":"Hong Kong","ISO_ETAT":"CN","ISO_CODE_NUM":"344"},{"Year":2002,"Month":"Total","Value":48209,"NOM_COURT":"Hong Kong","ISO_ETAT":"CN","ISO_CODE_NUM":"344"},{"Year":2001,"Month":"Total","Value":48219,"NOM_COURT":"Hong Kong","ISO_ETAT":"CN","ISO_CODE_NUM":"344"},{"Year":2000,"Month":"Total","Value":54134,"NOM_COURT":"Hong Kong","ISO_ETAT":"CN","ISO_CODE_NUM":"344"},{"Year":2010,"Month":"Total","Value":5114,"NOM_COURT":"Macao","ISO_ETAT":"CN","ISO_CODE_NUM":"446"},{"Year":2009,"Month":"Total","Value":4764,"NOM_COURT":"Macao","ISO_ETAT":"CN","ISO_CODE_NUM":"446"},{"Year":2008,"Month":"Total","Value":4717,"NOM_COURT":"Macao","ISO_ETAT":"CN","ISO_CODE_NUM":"446"},{"Year":2007,"Month":"Total","Value":4537,"NOM_COURT":"Macao","ISO_ETAT":"CN","ISO_CODE_NUM":"446"},{"Year":2006,"Month":"Total","Value":4058,"NOM_COURT":"Macao","ISO_ETAT":"CN","ISO_CODE_NUM":"446"},{"Year":2005,"Month":"Total","Value":3671,"NOM_COURT":"Macao","ISO_ETAT":"CN","ISO_CODE_NUM":"446"},{"Year":2004,"Month":"Total","Value":3308,"NOM_COURT":"Macao","ISO_ETAT":"CN","ISO_CODE_NUM":"446"},{"Year":2003,"Month":"Total","Value":3212,"NOM_COURT":"Macao","ISO_ETAT":"CN","ISO_CODE_NUM":"446"},{"Year":2002,"Month":"Total","Value":3162,"NOM_COURT":"Macao","ISO_ETAT":"CN","ISO_CODE_NUM":"446"},{"Year":2001,"Month":"Total","Value":3241,"NOM_COURT":"Macao","ISO_ETAT":"CN","ISO_CODE_NUM":"446"},{"Year":2000,"Month":"Total","Value":3849,"NOM_COURT":"Macao","ISO_ETAT":"CN","ISO_CODE_NUM":"446"},{"Year":2009,"Month":"Total","Value":255,"NOM_COURT":"\u00celes Cook","ISO_ETAT":"CK","ISO_CODE_NUM":"184"},{"Year":2008,"Month":"Total","Value":261,"NOM_COURT":"\u00celes Cook","ISO_ETAT":"CK","ISO_CODE_NUM":"184"},{"Year":2007,"Month":"Total","Value":289,"NOM_COURT":"\u00celes Cook","ISO_ETAT":"CK","ISO_CODE_NUM":"184"},{"Year":2006,"Month":"Total","Value":278,"NOM_COURT":"\u00celes Cook","ISO_ETAT":"CK","ISO_CODE_NUM":"184"},{"Year":2010,"Month":"Total","Value":70922,"NOM_COURT":"Costa Rica","ISO_ETAT":"CR","ISO_CODE_NUM":"188"},{"Year":2009,"Month":"Total","Value":75000,"NOM_COURT":"Costa Rica","ISO_ETAT":"CR","ISO_CODE_NUM":"188"},{"Year":2008,"Month":"Total","Value":75187,"NOM_COURT":"Costa Rica","ISO_ETAT":"CR","ISO_CODE_NUM":"188"},{"Year":2007,"Month":"Total","Value":73144,"NOM_COURT":"Costa Rica","ISO_ETAT":"CR","ISO_CODE_NUM":"188"},{"Year":2006,"Month":"Total","Value":71291,"NOM_COURT":"Costa Rica","ISO_ETAT":"CR","ISO_CODE_NUM":"188"},{"Year":2005,"Month":"Total","Value":71548,"NOM_COURT":"Costa Rica","ISO_ETAT":"CR","ISO_CODE_NUM":"188"},{"Year":2004,"Month":"Total","Value":72247,"NOM_COURT":"Costa Rica","ISO_ETAT":"CR","ISO_CODE_NUM":"188"},{"Year":2003,"Month":"Total","Value":72938,"NOM_COURT":"Costa Rica","ISO_ETAT":"CR","ISO_CODE_NUM":"188"},{"Year":2010,"Month":"Total","Value":43361,"NOM_COURT":"Croatie","ISO_ETAT":"HR","ISO_CODE_NUM":"191"},{"Year":2009,"Month":"Total","Value":44577,"NOM_COURT":"Croatie","ISO_ETAT":"HR","ISO_CODE_NUM":"191"},{"Year":2008,"Month":"Total","Value":43753,"NOM_COURT":"Croatie","ISO_ETAT":"HR","ISO_CODE_NUM":"191"},{"Year":2007,"Month":"Total","Value":41910,"NOM_COURT":"Croatie","ISO_ETAT":"HR","ISO_CODE_NUM":"191"},{"Year":2004,"Month":"Total","Value":40307,"NOM_COURT":"Croatie","ISO_ETAT":"HR","ISO_CODE_NUM":"191"},{"Year":2003,"Month":"Total","Value":39668,"NOM_COURT":"Croatie","ISO_ETAT":"HR","ISO_CODE_NUM":"191"},{"Year":2002,"Month":"Total","Value":40094,"NOM_COURT":"Croatie","ISO_ETAT":"HR","ISO_CODE_NUM":"191"},{"Year":2001,"Month":"Total","Value":40993,"NOM_COURT":"Croatie","ISO_ETAT":"HR","ISO_CODE_NUM":"191"},{"Year":2000,"Month":"Total","Value":43746,"NOM_COURT":"Croatie","ISO_ETAT":"HR","ISO_CODE_NUM":"191"},{"Year":2010,"Month":"Total","Value":127746,"NOM_COURT":"Cuba","ISO_ETAT":"CU","ISO_CODE_NUM":"192"},{"Year":2009,"Month":"Total","Value":130036,"NOM_COURT":"Cuba","ISO_ETAT":"CU","ISO_CODE_NUM":"192"},{"Year":2008,"Month":"Total","Value":122569,"NOM_COURT":"Cuba","ISO_ETAT":"CU","ISO_CODE_NUM":"192"},{"Year":2007,"Month":"Total","Value":112472,"NOM_COURT":"Cuba","ISO_ETAT":"CU","ISO_CODE_NUM":"192"},{"Year":2006,"Month":"Total","Value":111323,"NOM_COURT":"Cuba","ISO_ETAT":"CU","ISO_CODE_NUM":"192"},{"Year":2005,"Month":"Total","Value":120716,"NOM_COURT":"Cuba","ISO_ETAT":"CU","ISO_CODE_NUM":"192"},{"Year":2004,"Month":"Total","Value":127192,"NOM_COURT":"Cuba","ISO_ETAT":"CU","ISO_CODE_NUM":"192"},{"Year":2003,"Month":"Total","Value":136795,"NOM_COURT":"Cuba","ISO_ETAT":"CU","ISO_CODE_NUM":"192"},{"Year":2002,"Month":"Total","Value":141276,"NOM_COURT":"Cuba","ISO_ETAT":"CU","ISO_CODE_NUM":"192"},{"Year":2001,"Month":"Total","Value":138718,"NOM_COURT":"Cuba","ISO_ETAT":"CU","ISO_CODE_NUM":"192"},{"Year":2000,"Month":"Total","Value":143528,"NOM_COURT":"Cuba","ISO_ETAT":"CU","ISO_CODE_NUM":"192"},{"Year":2010,"Month":"Total","Value":2032,"NOM_COURT":"Cura\u00e7ao","ISO_ETAT":"NL","ISO_CODE_NUM":"531"},{"Year":2009,"Month":"Total","Value":1898,"NOM_COURT":"Cura\u00e7ao","ISO_ETAT":"NL","ISO_CODE_NUM":"531"},{"Year":2010,"Month":"Total","Value":9801,"NOM_COURT":"Chypre","ISO_ETAT":"CY","ISO_CODE_NUM":"196"},{"Year":2009,"Month":"Total","Value":9608,"NOM_COURT":"Chypre","ISO_ETAT":"CY","ISO_CODE_NUM":"196"},{"Year":2008,"Month":"Total","Value":9205,"NOM_COURT":"Chypre","ISO_ETAT":"CY","ISO_CODE_NUM":"196"},{"Year":2007,"Month":"Total","Value":8575,"NOM_COURT":"Chypre","ISO_ETAT":"CY","ISO_CODE_NUM":"196"},{"Year":2006,"Month":"Total","Value":8731,"NOM_COURT":"Chypre","ISO_ETAT":"CY","ISO_CODE_NUM":"196"},{"Year":2005,"Month":"Total","Value":8243,"NOM_COURT":"Chypre","ISO_ETAT":"CY","ISO_CODE_NUM":"196"},{"Year":2004,"Month":"Total","Value":8309,"NOM_COURT":"Chypre","ISO_ETAT":"CY","ISO_CODE_NUM":"196"},{"Year":2003,"Month":"Total","Value":8088,"NOM_COURT":"Chypre","ISO_ETAT":"CY","ISO_CODE_NUM":"196"},{"Year":2002,"Month":"Total","Value":7883,"NOM_COURT":"Chypre","ISO_ETAT":"CY","ISO_CODE_NUM":"196"},{"Year":2001,"Month":"Total","Value":8167,"NOM_COURT":"Chypre","ISO_ETAT":"CY","ISO_CODE_NUM":"196"},{"Year":2000,"Month":"Total","Value":8447,"NOM_COURT":"Chypre","ISO_ETAT":"CY","ISO_CODE_NUM":"196"},{"Year":2010,"Month":"Total","Value":117153,"NOM_COURT":"Tch\u00e9quie","ISO_ETAT":"CZ","ISO_CODE_NUM":"203"},{"Year":2009,"Month":"Total","Value":118348,"NOM_COURT":"Tch\u00e9quie","ISO_ETAT":"CZ","ISO_CODE_NUM":"203"},{"Year":2008,"Month":"Total","Value":119570,"NOM_COURT":"Tch\u00e9quie","ISO_ETAT":"CZ","ISO_CODE_NUM":"203"},{"Year":2007,"Month":"Total","Value":114632,"NOM_COURT":"Tch\u00e9quie","ISO_ETAT":"CZ","ISO_CODE_NUM":"203"},{"Year":2004,"Month":"Total","Value":97664,"NOM_COURT":"Tch\u00e9quie","ISO_ETAT":"CZ","ISO_CODE_NUM":"203"},{"Year":2003,"Month":"Total","Value":93685,"NOM_COURT":"Tch\u00e9quie","ISO_ETAT":"CZ","ISO_CODE_NUM":"203"},{"Year":2002,"Month":"Total","Value":92786,"NOM_COURT":"Tch\u00e9quie","ISO_ETAT":"CZ","ISO_CODE_NUM":"203"},{"Year":2001,"Month":"Total","Value":90715,"NOM_COURT":"Tch\u00e9quie","ISO_ETAT":"CZ","ISO_CODE_NUM":"203"},{"Year":2000,"Month":"Total","Value":90910,"NOM_COURT":"Tch\u00e9quie","ISO_ETAT":"CZ","ISO_CODE_NUM":"203"},{"Year":2010,"Month":"Total","Value":63411,"NOM_COURT":"Danemark","ISO_ETAT":"DK","ISO_CODE_NUM":"208"},{"Year":2009,"Month":"Total","Value":62818,"NOM_COURT":"Danemark","ISO_ETAT":"DK","ISO_CODE_NUM":"208"},{"Year":2008,"Month":"Total","Value":65038,"NOM_COURT":"Danemark","ISO_ETAT":"DK","ISO_CODE_NUM":"208"},{"Year":2007,"Month":"Total","Value":64082,"NOM_COURT":"Danemark","ISO_ETAT":"DK","ISO_CODE_NUM":"208"},{"Year":2004,"Month":"Total","Value":64609,"NOM_COURT":"Danemark","ISO_ETAT":"DK","ISO_CODE_NUM":"208"},{"Year":2003,"Month":"Total","Value":64682,"NOM_COURT":"Danemark","ISO_ETAT":"DK","ISO_CODE_NUM":"208"},{"Year":2002,"Month":"Total","Value":64149,"NOM_COURT":"Danemark","ISO_ETAT":"DK","ISO_CODE_NUM":"208"},{"Year":2001,"Month":"Total","Value":65458,"NOM_COURT":"Danemark","ISO_ETAT":"DK","ISO_CODE_NUM":"208"},{"Year":2000,"Month":"Total","Value":67084,"NOM_COURT":"Danemark","ISO_ETAT":"DK","ISO_CODE_NUM":"208"},{"Year":2010,"Month":"Total","Value":2261409,"NOM_COURT":"\u00c9gypte","ISO_ETAT":"EG","ISO_CODE_NUM":"818"},{"Year":2009,"Month":"Total","Value":2217409,"NOM_COURT":"\u00c9gypte","ISO_ETAT":"EG","ISO_CODE_NUM":"818"},{"Year":2008,"Month":"Total","Value":2050704,"NOM_COURT":"\u00c9gypte","ISO_ETAT":"EG","ISO_CODE_NUM":"818"},{"Year":2007,"Month":"Total","Value":1949569,"NOM_COURT":"\u00c9gypte","ISO_ETAT":"EG","ISO_CODE_NUM":"818"},{"Year":2006,"Month":"Total","Value":1853746,"NOM_COURT":"\u00c9gypte","ISO_ETAT":"EG","ISO_CODE_NUM":"818"},{"Year":2005,"Month":"Total","Value":1800972,"NOM_COURT":"\u00c9gypte","ISO_ETAT":"EG","ISO_CODE_NUM":"818"},{"Year":2004,"Month":"Total","Value":1779500,"NOM_COURT":"\u00c9gypte","ISO_ETAT":"EG","ISO_CODE_NUM":"818"},{"Year":2003,"Month":"Total","Value":1777418,"NOM_COURT":"\u00c9gypte","ISO_ETAT":"EG","ISO_CODE_NUM":"818"},{"Year":2010,"Month":"Total","Value":104939,"NOM_COURT":"Salvador","ISO_ETAT":"SV","ISO_CODE_NUM":"222"},{"Year":2007,"Month":"Total","Value":106471,"NOM_COURT":"Salvador","ISO_ETAT":"SV","ISO_CODE_NUM":"222"},{"Year":2006,"Month":"Total","Value":107111,"NOM_COURT":"Salvador","ISO_ETAT":"SV","ISO_CODE_NUM":"222"},{"Year":2005,"Month":"Total","Value":112769,"NOM_COURT":"Salvador","ISO_ETAT":"SV","ISO_CODE_NUM":"222"},{"Year":2004,"Month":"Total","Value":119710,"NOM_COURT":"Salvador","ISO_ETAT":"SV","ISO_CODE_NUM":"222"},{"Year":2003,"Month":"Total","Value":124476,"NOM_COURT":"Salvador","ISO_ETAT":"SV","ISO_CODE_NUM":"222"},{"Year":2002,"Month":"Total","Value":129363,"NOM_COURT":"Salvador","ISO_ETAT":"SV","ISO_CODE_NUM":"222"},{"Year":2001,"Month":"Total","Value":138354,"NOM_COURT":"Salvador","ISO_ETAT":"SV","ISO_CODE_NUM":"222"},{"Year":2000,"Month":"Total","Value":150176,"NOM_COURT":"Salvador","ISO_ETAT":"SV","ISO_CODE_NUM":"222"},{"Year":2010,"Month":"Total","Value":15825,"NOM_COURT":"Estonie","ISO_ETAT":"EE","ISO_CODE_NUM":"233"},{"Year":2009,"Month":"Total","Value":15763,"NOM_COURT":"Estonie","ISO_ETAT":"EE","ISO_CODE_NUM":"233"},{"Year":2008,"Month":"Total","Value":16028,"NOM_COURT":"Estonie","ISO_ETAT":"EE","ISO_CODE_NUM":"233"},{"Year":2007,"Month":"Total","Value":15775,"NOM_COURT":"Estonie","ISO_ETAT":"EE","ISO_CODE_NUM":"233"},{"Year":2004,"Month":"Total","Value":14047,"NOM_COURT":"Estonie","ISO_ETAT":"EE","ISO_CODE_NUM":"233"},{"Year":2003,"Month":"Total","Value":13036,"NOM_COURT":"Estonie","ISO_ETAT":"EE","ISO_CODE_NUM":"233"},{"Year":2002,"Month":"Total","Value":13001,"NOM_COURT":"Estonie","ISO_ETAT":"EE","ISO_CODE_NUM":"233"},{"Year":2001,"Month":"Total","Value":12632,"NOM_COURT":"Estonie","ISO_ETAT":"EE","ISO_CODE_NUM":"233"},{"Year":2000,"Month":"Total","Value":13067,"NOM_COURT":"Estonie","ISO_ETAT":"EE","ISO_CODE_NUM":"233"},{"Year":2007,"Month":"Total","Value":674,"NOM_COURT":"\u00celes F\u00e9ro\u00e9","ISO_ETAT":"DK","ISO_CODE_NUM":"234"},{"Year":2006,"Month":"Total","Value":662,"NOM_COURT":"\u00celes F\u00e9ro\u00e9","ISO_ETAT":"DK","ISO_CODE_NUM":"234"},{"Year":2005,"Month":"Total","Value":712,"NOM_COURT":"\u00celes F\u00e9ro\u00e9","ISO_ETAT":"DK","ISO_CODE_NUM":"234"},{"Year":2004,"Month":"Total","Value":17189,"NOM_COURT":"Fidji","ISO_ETAT":"FJ","ISO_CODE_NUM":"242"},{"Year":2010,"Month":"Total","Value":60980,"NOM_COURT":"Finlande","ISO_ETAT":"FI","ISO_CODE_NUM":"246"},{"Year":2009,"Month":"Total","Value":60430,"NOM_COURT":"Finlande","ISO_ETAT":"FI","ISO_CODE_NUM":"246"},{"Year":2008,"Month":"Total","Value":59530,"NOM_COURT":"Finlande","ISO_ETAT":"FI","ISO_CODE_NUM":"246"},{"Year":2007,"Month":"Total","Value":58729,"NOM_COURT":"Finlande","ISO_ETAT":"FI","ISO_CODE_NUM":"246"},{"Year":2004,"Month":"Total","Value":57758,"NOM_COURT":"Finlande","ISO_ETAT":"FI","ISO_CODE_NUM":"246"},{"Year":2003,"Month":"Total","Value":56630,"NOM_COURT":"Finlande","ISO_ETAT":"FI","ISO_CODE_NUM":"246"},{"Year":2002,"Month":"Total","Value":55555,"NOM_COURT":"Finlande","ISO_ETAT":"FI","ISO_CODE_NUM":"246"},{"Year":2001,"Month":"Total","Value":56189,"NOM_COURT":"Finlande","ISO_ETAT":"FI","ISO_CODE_NUM":"246"},{"Year":2000,"Month":"Total","Value":56742,"NOM_COURT":"Finlande","ISO_ETAT":"FI","ISO_CODE_NUM":"246"},{"Year":2010,"Month":"Total","Value":797700,"NOM_COURT":"France","ISO_ETAT":"FR","ISO_CODE_NUM":"250"},{"Year":2009,"Month":"Total","Value":793420,"NOM_COURT":"France","ISO_ETAT":"FR","ISO_CODE_NUM":"250"},{"Year":2008,"Month":"Total","Value":796044,"NOM_COURT":"France","ISO_ETAT":"FR","ISO_CODE_NUM":"250"},{"Year":2007,"Month":"Total","Value":785985,"NOM_COURT":"France","ISO_ETAT":"FR","ISO_CODE_NUM":"250"},{"Year":2004,"Month":"Total","Value":767816,"NOM_COURT":"France","ISO_ETAT":"FR","ISO_CODE_NUM":"250"},{"Year":2003,"Month":"Total","Value":761464,"NOM_COURT":"France","ISO_ETAT":"FR","ISO_CODE_NUM":"250"},{"Year":2002,"Month":"Total","Value":761630,"NOM_COURT":"France","ISO_ETAT":"FR","ISO_CODE_NUM":"250"},{"Year":2001,"Month":"Total","Value":770945,"NOM_COURT":"France","ISO_ETAT":"FR","ISO_CODE_NUM":"250"},{"Year":2000,"Month":"Total","Value":774782,"NOM_COURT":"France","ISO_ETAT":"FR","ISO_CODE_NUM":"250"},{"Year":2007,"Month":"Total","Value":6386,"NOM_COURT":"Guyane fran\u00e7aise","ISO_ETAT":"FR","ISO_CODE_NUM":"254"},{"Year":2006,"Month":"Total","Value":6276,"NOM_COURT":"Guyane fran\u00e7aise","ISO_ETAT":"FR","ISO_CODE_NUM":"254"},{"Year":2005,"Month":"Total","Value":5998,"NOM_COURT":"Guyane fran\u00e7aise","ISO_ETAT":"FR","ISO_CODE_NUM":"254"},{"Year":2003,"Month":"Total","Value":5553,"NOM_COURT":"Guyane fran\u00e7aise","ISO_ETAT":"FR","ISO_CODE_NUM":"254"},{"Year":2002,"Month":"Total","Value":5249,"NOM_COURT":"Guyane fran\u00e7aise","ISO_ETAT":"FR","ISO_CODE_NUM":"254"},{"Year":2001,"Month":"Total","Value":5114,"NOM_COURT":"Guyane fran\u00e7aise","ISO_ETAT":"FR","ISO_CODE_NUM":"254"},{"Year":2000,"Month":"Total","Value":5116,"NOM_COURT":"Guyane fran\u00e7aise","ISO_ETAT":"FR","ISO_CODE_NUM":"254"},{"Year":2010,"Month":"Total","Value":62585,"NOM_COURT":"G\u00e9orgie","ISO_ETAT":"GE","ISO_CODE_NUM":"268"},{"Year":2008,"Month":"Total","Value":56565,"NOM_COURT":"G\u00e9orgie","ISO_ETAT":"GE","ISO_CODE_NUM":"268"},{"Year":2007,"Month":"Total","Value":49287,"NOM_COURT":"G\u00e9orgie","ISO_ETAT":"GE","ISO_CODE_NUM":"268"},{"Year":2003,"Month":"Total","Value":46194,"NOM_COURT":"G\u00e9orgie","ISO_ETAT":"GE","ISO_CODE_NUM":"268"},{"Year":2001,"Month":"Total","Value":40416,"NOM_COURT":"G\u00e9orgie","ISO_ETAT":"GE","ISO_CODE_NUM":"268"},{"Year":2000,"Month":"Total","Value":40392,"NOM_COURT":"G\u00e9orgie","ISO_ETAT":"GE","ISO_CODE_NUM":"268"},{"Year":2010,"Month":"Total","Value":677947,"NOM_COURT":"Allemagne","ISO_ETAT":"DE","ISO_CODE_NUM":"276"},{"Year":2009,"Month":"Total","Value":651330,"NOM_COURT":"Allemagne","ISO_ETAT":"DE","ISO_CODE_NUM":"276"},{"Year":2008,"Month":"Total","Value":682514,"NOM_COURT":"Allemagne","ISO_ETAT":"DE","ISO_CODE_NUM":"276"},{"Year":2007,"Month":"Total","Value":684862,"NOM_COURT":"Allemagne","ISO_ETAT":"DE","ISO_CODE_NUM":"276"},{"Year":2006,"Month":"Total","Value":672724,"NOM_COURT":"Allemagne","ISO_ETAT":"DE","ISO_CODE_NUM":"276"},{"Year":2005,"Month":"Total","Value":685795,"NOM_COURT":"Allemagne","ISO_ETAT":"DE","ISO_CODE_NUM":"276"},{"Year":2004,"Month":"Total","Value":705622,"NOM_COURT":"Allemagne","ISO_ETAT":"DE","ISO_CODE_NUM":"276"},{"Year":2002,"Month":"Total","Value":719250,"NOM_COURT":"Allemagne","ISO_ETAT":"DE","ISO_CODE_NUM":"276"},{"Year":2001,"Month":"Total","Value":734475,"NOM_COURT":"Allemagne","ISO_ETAT":"DE","ISO_CODE_NUM":"276"},{"Year":2001,"Month":"Total","Value":433117,"NOM_COURT":"Ghana","ISO_ETAT":"GH","ISO_CODE_NUM":"288"},{"Year":2008,"Month":"Total","Value":400,"NOM_COURT":"Gibraltar","ISO_ETAT":"GB","ISO_CODE_NUM":"292"},{"Year":2007,"Month":"Total","Value":400,"NOM_COURT":"Gibraltar","ISO_ETAT":"GB","ISO_CODE_NUM":"292"},{"Year":2006,"Month":"Total","Value":373,"NOM_COURT":"Gibraltar","ISO_ETAT":"GB","ISO_CODE_NUM":"292"},{"Year":2005,"Month":"Total","Value":418,"NOM_COURT":"Gibraltar","ISO_ETAT":"GB","ISO_CODE_NUM":"292"},{"Year":2004,"Month":"Total","Value":421,"NOM_COURT":"Gibraltar","ISO_ETAT":"GB","ISO_CODE_NUM":"292"},{"Year":2003,"Month":"Total","Value":372,"NOM_COURT":"Gibraltar","ISO_ETAT":"GB","ISO_CODE_NUM":"292"},{"Year":2002,"Month":"Total","Value":371,"NOM_COURT":"Gibraltar","ISO_ETAT":"GB","ISO_CODE_NUM":"292"},{"Year":2009,"Month":"Total","Value":117933,"NOM_COURT":"Gr\u00e8ce","ISO_ETAT":"GR","ISO_CODE_NUM":"300"},{"Year":2008,"Month":"Total","Value":118302,"NOM_COURT":"Gr\u00e8ce","ISO_ETAT":"GR","ISO_CODE_NUM":"300"},{"Year":2007,"Month":"Total","Value":111926,"NOM_COURT":"Gr\u00e8ce","ISO_ETAT":"GR","ISO_CODE_NUM":"300"},{"Year":2003,"Month":"Total","Value":104420,"NOM_COURT":"Gr\u00e8ce","ISO_ETAT":"GR","ISO_CODE_NUM":"300"},{"Year":2001,"Month":"Total","Value":102282,"NOM_COURT":"Gr\u00e8ce","ISO_ETAT":"GR","ISO_CODE_NUM":"300"},{"Year":2000,"Month":"Total","Value":103267,"NOM_COURT":"Gr\u00e8ce","ISO_ETAT":"GR","ISO_CODE_NUM":"300"},{"Year":2010,"Month":"Total","Value":869,"NOM_COURT":"Groenland","ISO_ETAT":"DK","ISO_CODE_NUM":"304"},{"Year":2009,"Month":"Total","Value":895,"NOM_COURT":"Groenland","ISO_ETAT":"DK","ISO_CODE_NUM":"304"},{"Year":2008,"Month":"Total","Value":834,"NOM_COURT":"Groenland","ISO_ETAT":"DK","ISO_CODE_NUM":"304"},{"Year":2007,"Month":"Total","Value":853,"NOM_COURT":"Groenland","ISO_ETAT":"DK","ISO_CODE_NUM":"304"},{"Year":2006,"Month":"Total","Value":842,"NOM_COURT":"Groenland","ISO_ETAT":"DK","ISO_CODE_NUM":"304"},{"Year":2005,"Month":"Total","Value":846,"NOM_COURT":"Groenland","ISO_ETAT":"DK","ISO_CODE_NUM":"304"},{"Year":2004,"Month":"Total","Value":893,"NOM_COURT":"Groenland","ISO_ETAT":"DK","ISO_CODE_NUM":"304"},{"Year":2003,"Month":"Total","Value":895,"NOM_COURT":"Groenland","ISO_ETAT":"DK","ISO_CODE_NUM":"304"},{"Year":2002,"Month":"Total","Value":940,"NOM_COURT":"Groenland","ISO_ETAT":"DK","ISO_CODE_NUM":"304"},{"Year":2001,"Month":"Total","Value":937,"NOM_COURT":"Groenland","ISO_ETAT":"DK","ISO_CODE_NUM":"304"},{"Year":2000,"Month":"Total","Value":885,"NOM_COURT":"Groenland","ISO_ETAT":"DK","ISO_CODE_NUM":"304"},{"Year":2003,"Month":"Total","Value":7047,"NOM_COURT":"Guadeloupe","ISO_ETAT":"FR","ISO_CODE_NUM":"312"},{"Year":2002,"Month":"Total","Value":6995,"NOM_COURT":"Guadeloupe","ISO_ETAT":"FR","ISO_CODE_NUM":"312"},{"Year":2001,"Month":"Total","Value":7503,"NOM_COURT":"Guadeloupe","ISO_ETAT":"FR","ISO_CODE_NUM":"312"},{"Year":2000,"Month":"Total","Value":7653,"NOM_COURT":"Guadeloupe","ISO_ETAT":"FR","ISO_CODE_NUM":"312"},{"Year":2004,"Month":"Total","Value":3427,"NOM_COURT":"Guam","ISO_ETAT":"US","ISO_CODE_NUM":"316"},{"Year":2010,"Month":"Total","Value":361906,"NOM_COURT":"Guat\u00e9mala","ISO_ETAT":"GT","ISO_CODE_NUM":"320"},{"Year":2006,"Month":"Total","Value":368399,"NOM_COURT":"Guat\u00e9mala","ISO_ETAT":"GT","ISO_CODE_NUM":"320"},{"Year":2005,"Month":"Total","Value":374066,"NOM_COURT":"Guat\u00e9mala","ISO_ETAT":"GT","ISO_CODE_NUM":"320"},{"Year":2004,"Month":"Total","Value":383704,"NOM_COURT":"Guat\u00e9mala","ISO_ETAT":"GT","ISO_CODE_NUM":"320"},{"Year":2010,"Month":"Total","Value":613,"NOM_COURT":"Guernesey","ISO_ETAT":"GB","ISO_CODE_NUM":"831"},{"Year":2000,"Month":"Total","Value":644,"NOM_COURT":"Guernesey","ISO_ETAT":"GB","ISO_CODE_NUM":"831"},{"Year":2010,"Month":"Total","Value":90335,"NOM_COURT":"Hongrie","ISO_ETAT":"HU","ISO_CODE_NUM":"348"},{"Year":2009,"Month":"Total","Value":96442,"NOM_COURT":"Hongrie","ISO_ETAT":"HU","ISO_CODE_NUM":"348"},{"Year":2008,"Month":"Total","Value":99149,"NOM_COURT":"Hongrie","ISO_ETAT":"HU","ISO_CODE_NUM":"348"},{"Year":2007,"Month":"Total","Value":97613,"NOM_COURT":"Hongrie","ISO_ETAT":"HU","ISO_CODE_NUM":"348"},{"Year":2004,"Month":"Total","Value":95137,"NOM_COURT":"Hongrie","ISO_ETAT":"HU","ISO_CODE_NUM":"348"},{"Year":2003,"Month":"Total","Value":94647,"NOM_COURT":"Hongrie","ISO_ETAT":"HU","ISO_CODE_NUM":"348"},{"Year":2002,"Month":"Total","Value":96804,"NOM_COURT":"Hongrie","ISO_ETAT":"HU","ISO_CODE_NUM":"348"},{"Year":2001,"Month":"Total","Value":97047,"NOM_COURT":"Hongrie","ISO_ETAT":"HU","ISO_CODE_NUM":"348"},{"Year":2000,"Month":"Total","Value":97597,"NOM_COURT":"Hongrie","ISO_ETAT":"HU","ISO_CODE_NUM":"348"},{"Year":2010,"Month":"Total","Value":4907,"NOM_COURT":"Islande","ISO_ETAT":"IS","ISO_CODE_NUM":"352"},{"Year":2009,"Month":"Total","Value":5027,"NOM_COURT":"Islande","ISO_ETAT":"IS","ISO_CODE_NUM":"352"},{"Year":2008,"Month":"Total","Value":4835,"NOM_COURT":"Islande","ISO_ETAT":"IS","ISO_CODE_NUM":"352"},{"Year":2007,"Month":"Total","Value":4560,"NOM_COURT":"Islande","ISO_ETAT":"IS","ISO_CODE_NUM":"352"},{"Year":2004,"Month":"Total","Value":4234,"NOM_COURT":"Islande","ISO_ETAT":"IS","ISO_CODE_NUM":"352"},{"Year":2003,"Month":"Total","Value":4143,"NOM_COURT":"Islande","ISO_ETAT":"IS","ISO_CODE_NUM":"352"},{"Year":2002,"Month":"Total","Value":4049,"NOM_COURT":"Islande","ISO_ETAT":"IS","ISO_CODE_NUM":"352"},{"Year":2001,"Month":"Total","Value":4091,"NOM_COURT":"Islande","ISO_ETAT":"IS","ISO_CODE_NUM":"352"},{"Year":2000,"Month":"Total","Value":4315,"NOM_COURT":"Islande","ISO_ETAT":"IS","ISO_CODE_NUM":"352"},{"Year":2004,"Month":"Total","Value":1158951,"NOM_COURT":"Iran","ISO_ETAT":"IR","ISO_CODE_NUM":"364"},{"Year":2003,"Month":"Total","Value":1155955,"NOM_COURT":"Iran","ISO_ETAT":"IR","ISO_CODE_NUM":"364"},{"Year":2002,"Month":"Total","Value":1128083,"NOM_COURT":"Iran","ISO_ETAT":"IR","ISO_CODE_NUM":"364"},{"Year":2001,"Month":"Total","Value":1101542,"NOM_COURT":"Iran","ISO_ETAT":"IR","ISO_CODE_NUM":"364"},{"Year":2000,"Month":"Total","Value":1098862,"NOM_COURT":"Iran","ISO_ETAT":"IR","ISO_CODE_NUM":"364"},{"Year":2010,"Month":"Total","Value":75174,"NOM_COURT":"Irlande","ISO_ETAT":"IE","ISO_CODE_NUM":"372"},{"Year":2009,"Month":"Total","Value":75554,"NOM_COURT":"Irlande","ISO_ETAT":"IE","ISO_CODE_NUM":"372"},{"Year":2008,"Month":"Total","Value":75173,"NOM_COURT":"Irlande","ISO_ETAT":"IE","ISO_CODE_NUM":"372"},{"Year":2007,"Month":"Total","Value":71389,"NOM_COURT":"Irlande","ISO_ETAT":"IE","ISO_CODE_NUM":"372"},{"Year":2003,"Month":"Total","Value":61517,"NOM_COURT":"Irlande","ISO_ETAT":"IE","ISO_CODE_NUM":"372"},{"Year":2002,"Month":"Total","Value":60521,"NOM_COURT":"Irlande","ISO_ETAT":"IE","ISO_CODE_NUM":"372"},{"Year":2001,"Month":"Total","Value":57854,"NOM_COURT":"Irlande","ISO_ETAT":"IE","ISO_CODE_NUM":"372"},{"Year":2000,"Month":"Total","Value":54789,"NOM_COURT":"Irlande","ISO_ETAT":"IE","ISO_CODE_NUM":"372"},{"Year":2010,"Month":"Total","Value":166255,"NOM_COURT":"Isra\u00ebl","ISO_ETAT":"IL","ISO_CODE_NUM":"376"},{"Year":2009,"Month":"Total","Value":161042,"NOM_COURT":"Isra\u00ebl","ISO_ETAT":"IL","ISO_CODE_NUM":"376"},{"Year":2008,"Month":"Total","Value":156923,"NOM_COURT":"Isra\u00ebl","ISO_ETAT":"IL","ISO_CODE_NUM":"376"},{"Year":2007,"Month":"Total","Value":151679,"NOM_COURT":"Isra\u00ebl","ISO_ETAT":"IL","ISO_CODE_NUM":"376"},{"Year":2006,"Month":"Total","Value":148170,"NOM_COURT":"Isra\u00ebl","ISO_ETAT":"IL","ISO_CODE_NUM":"376"},{"Year":2005,"Month":"Total","Value":143913,"NOM_COURT":"Isra\u00ebl","ISO_ETAT":"IL","ISO_CODE_NUM":"376"},{"Year":2004,"Month":"Total","Value":145207,"NOM_COURT":"Isra\u00ebl","ISO_ETAT":"IL","ISO_CODE_NUM":"376"},{"Year":2003,"Month":"Total","Value":144936,"NOM_COURT":"Isra\u00ebl","ISO_ETAT":"IL","ISO_CODE_NUM":"376"},{"Year":2002,"Month":"Total","Value":139535,"NOM_COURT":"Isra\u00ebl","ISO_ETAT":"IL","ISO_CODE_NUM":"376"},{"Year":2001,"Month":"Total","Value":136638,"NOM_COURT":"Isra\u00ebl","ISO_ETAT":"IL","ISO_CODE_NUM":"376"},{"Year":2000,"Month":"Total","Value":136390,"NOM_COURT":"Isra\u00ebl","ISO_ETAT":"IL","ISO_CODE_NUM":"376"},{"Year":2010,"Month":"Total","Value":561944,"NOM_COURT":"Italie","ISO_ETAT":"IT","ISO_CODE_NUM":"380"},{"Year":2009,"Month":"Total","Value":568857,"NOM_COURT":"Italie","ISO_ETAT":"IT","ISO_CODE_NUM":"380"},{"Year":2009,"Month":"Total","Value":568857,"NOM_COURT":"Italie","ISO_ETAT":"IT","ISO_CODE_NUM":"380"},{"Year":2008,"Month":"Total","Value":576659,"NOM_COURT":"Italie","ISO_ETAT":"IT","ISO_CODE_NUM":"380"},{"Year":2007,"Month":"Total","Value":563933,"NOM_COURT":"Italie","ISO_ETAT":"IT","ISO_CODE_NUM":"380"},{"Year":2004,"Month":"Total","Value":562599,"NOM_COURT":"Italie","ISO_ETAT":"IT","ISO_CODE_NUM":"380"},{"Year":2003,"Month":"Total","Value":539503,"NOM_COURT":"Italie","ISO_ETAT":"IT","ISO_CODE_NUM":"380"},{"Year":2002,"Month":"Total","Value":535538,"NOM_COURT":"Italie","ISO_ETAT":"IT","ISO_CODE_NUM":"380"},{"Year":2001,"Month":"Total","Value":535282,"NOM_COURT":"Italie","ISO_ETAT":"IT","ISO_CODE_NUM":"380"},{"Year":2000,"Month":"Total","Value":543039,"NOM_COURT":"Italie","ISO_ETAT":"IT","ISO_CODE_NUM":"380"},{"Year":2007,"Month":"Total","Value":41987,"NOM_COURT":"Jama\u00efque","ISO_ETAT":"JM","ISO_CODE_NUM":"388"},{"Year":2006,"Month":"Total","Value":42399,"NOM_COURT":"Jama\u00efque","ISO_ETAT":"JM","ISO_CODE_NUM":"388"},{"Year":2005,"Month":"Total","Value":45114,"NOM_COURT":"Jama\u00efque","ISO_ETAT":"JM","ISO_CODE_NUM":"388"},{"Year":2004,"Month":"Total","Value":42959,"NOM_COURT":"Jama\u00efque","ISO_ETAT":"JM","ISO_CODE_NUM":"388"},{"Year":2003,"Month":"Total","Value":43407,"NOM_COURT":"Jama\u00efque","ISO_ETAT":"JM","ISO_CODE_NUM":"388"},{"Year":2002,"Month":"Total","Value":44331,"NOM_COURT":"Jama\u00efque","ISO_ETAT":"JM","ISO_CODE_NUM":"388"},{"Year":2001,"Month":"Total","Value":48065,"NOM_COURT":"Jama\u00efque","ISO_ETAT":"JM","ISO_CODE_NUM":"388"},{"Year":2000,"Month":"Total","Value":48717,"NOM_COURT":"Jama\u00efque","ISO_ETAT":"JM","ISO_CODE_NUM":"388"},{"Year":2010,"Month":"Total","Value":1071304,"NOM_COURT":"Japon","ISO_ETAT":"JP","ISO_CODE_NUM":"392"},{"Year":2009,"Month":"Total","Value":1070035,"NOM_COURT":"Japon","ISO_ETAT":"JP","ISO_CODE_NUM":"392"},{"Year":2008,"Month":"Total","Value":1091156,"NOM_COURT":"Japon","ISO_ETAT":"JP","ISO_CODE_NUM":"392"},{"Year":2007,"Month":"Total","Value":1089818,"NOM_COURT":"Japon","ISO_ETAT":"JP","ISO_CODE_NUM":"392"},{"Year":2006,"Month":"Total","Value":1092674,"NOM_COURT":"Japon","ISO_ETAT":"JP","ISO_CODE_NUM":"392"},{"Year":2005,"Month":"Total","Value":1062530,"NOM_COURT":"Japon","ISO_ETAT":"JP","ISO_CODE_NUM":"392"},{"Year":2004,"Month":"Total","Value":1110721,"NOM_COURT":"Japon","ISO_ETAT":"JP","ISO_CODE_NUM":"392"},{"Year":2003,"Month":"Total","Value":1123610,"NOM_COURT":"Japon","ISO_ETAT":"JP","ISO_CODE_NUM":"392"},{"Year":2002,"Month":"Total","Value":1153855,"NOM_COURT":"Japon","ISO_ETAT":"JP","ISO_CODE_NUM":"392"},{"Year":2001,"Month":"Total","Value":1170662,"NOM_COURT":"Japon","ISO_ETAT":"JP","ISO_CODE_NUM":"392"},{"Year":2000,"Month":"Total","Value":1190547,"NOM_COURT":"Japon","ISO_ETAT":"JP","ISO_CODE_NUM":"392"},{"Year":2010,"Month":"Total","Value":367707,"NOM_COURT":"Kazakhstan","ISO_ETAT":"KZ","ISO_CODE_NUM":"398"},{"Year":2009,"Month":"Total","Value":356261,"NOM_COURT":"Kazakhstan","ISO_ETAT":"KZ","ISO_CODE_NUM":"398"},{"Year":2008,"Month":"Total","Value":356575,"NOM_COURT":"Kazakhstan","ISO_ETAT":"KZ","ISO_CODE_NUM":"398"},{"Year":2007,"Month":"Total","Value":321963,"NOM_COURT":"Kazakhstan","ISO_ETAT":"KZ","ISO_CODE_NUM":"398"},{"Year":2006,"Month":"Total","Value":301756,"NOM_COURT":"Kazakhstan","ISO_ETAT":"KZ","ISO_CODE_NUM":"398"},{"Year":2005,"Month":"Total","Value":278977,"NOM_COURT":"Kazakhstan","ISO_ETAT":"KZ","ISO_CODE_NUM":"398"},{"Year":2004,"Month":"Total","Value":273028,"NOM_COURT":"Kazakhstan","ISO_ETAT":"KZ","ISO_CODE_NUM":"398"},{"Year":2003,"Month":"Total","Value":247946,"NOM_COURT":"Kazakhstan","ISO_ETAT":"KZ","ISO_CODE_NUM":"398"},{"Year":2002,"Month":"Total","Value":227171,"NOM_COURT":"Kazakhstan","ISO_ETAT":"KZ","ISO_CODE_NUM":"398"},{"Year":2001,"Month":"Total","Value":221487,"NOM_COURT":"Kazakhstan","ISO_ETAT":"KZ","ISO_CODE_NUM":"398"},{"Year":2000,"Month":"Total","Value":222054,"NOM_COURT":"Kazakhstan","ISO_ETAT":"KZ","ISO_CODE_NUM":"398"},{"Year":2010,"Month":"Total","Value":57533,"NOM_COURT":"Kowe\u00eft","ISO_ETAT":"KW","ISO_CODE_NUM":"414"},{"Year":2009,"Month":"Total","Value":56503,"NOM_COURT":"Kowe\u00eft","ISO_ETAT":"KW","ISO_CODE_NUM":"414"},{"Year":2008,"Month":"Total","Value":54571,"NOM_COURT":"Kowe\u00eft","ISO_ETAT":"KW","ISO_CODE_NUM":"414"},{"Year":2007,"Month":"Total","Value":53587,"NOM_COURT":"Kowe\u00eft","ISO_ETAT":"KW","ISO_CODE_NUM":"414"},{"Year":2006,"Month":"Total","Value":52759,"NOM_COURT":"Kowe\u00eft","ISO_ETAT":"KW","ISO_CODE_NUM":"414"},{"Year":2005,"Month":"Total","Value":50941,"NOM_COURT":"Kowe\u00eft","ISO_ETAT":"KW","ISO_CODE_NUM":"414"},{"Year":2004,"Month":"Total","Value":47274,"NOM_COURT":"Kowe\u00eft","ISO_ETAT":"KW","ISO_CODE_NUM":"414"},{"Year":2003,"Month":"Total","Value":43982,"NOM_COURT":"Kowe\u00eft","ISO_ETAT":"KW","ISO_CODE_NUM":"414"},{"Year":2002,"Month":"Total","Value":43490,"NOM_COURT":"Kowe\u00eft","ISO_ETAT":"KW","ISO_CODE_NUM":"414"},{"Year":2001,"Month":"Total","Value":41342,"NOM_COURT":"Kowe\u00eft","ISO_ETAT":"KW","ISO_CODE_NUM":"414"},{"Year":2000,"Month":"Total","Value":41843,"NOM_COURT":"Kowe\u00eft","ISO_ETAT":"KW","ISO_CODE_NUM":"414"},{"Year":2010,"Month":"Total","Value":146123,"NOM_COURT":"Kirghizstan","ISO_ETAT":"KG","ISO_CODE_NUM":"417"},{"Year":2009,"Month":"Total","Value":135494,"NOM_COURT":"Kirghizstan","ISO_ETAT":"KG","ISO_CODE_NUM":"417"},{"Year":2008,"Month":"Total","Value":127332,"NOM_COURT":"Kirghizstan","ISO_ETAT":"KG","ISO_CODE_NUM":"417"},{"Year":2007,"Month":"Total","Value":123251,"NOM_COURT":"Kirghizstan","ISO_ETAT":"KG","ISO_CODE_NUM":"417"},{"Year":2006,"Month":"Total","Value":120737,"NOM_COURT":"Kirghizstan","ISO_ETAT":"KG","ISO_CODE_NUM":"417"},{"Year":2005,"Month":"Total","Value":109839,"NOM_COURT":"Kirghizstan","ISO_ETAT":"KG","ISO_CODE_NUM":"417"},{"Year":2004,"Month":"Total","Value":109939,"NOM_COURT":"Kirghizstan","ISO_ETAT":"KG","ISO_CODE_NUM":"417"},{"Year":2003,"Month":"Total","Value":105490,"NOM_COURT":"Kirghizstan","ISO_ETAT":"KG","ISO_CODE_NUM":"417"},{"Year":2002,"Month":"Total","Value":101012,"NOM_COURT":"Kirghizstan","ISO_ETAT":"KG","ISO_CODE_NUM":"417"},{"Year":2001,"Month":"Total","Value":98138,"NOM_COURT":"Kirghizstan","ISO_ETAT":"KG","ISO_CODE_NUM":"417"},{"Year":2000,"Month":"Total","Value":96770,"NOM_COURT":"Kirghizstan","ISO_ETAT":"KG","ISO_CODE_NUM":"417"},{"Year":2010,"Month":"Total","Value":19781,"NOM_COURT":"Lettonie","ISO_ETAT":"LV","ISO_CODE_NUM":"428"},{"Year":2009,"Month":"Total","Value":22044,"NOM_COURT":"Lettonie","ISO_ETAT":"LV","ISO_CODE_NUM":"428"},{"Year":2008,"Month":"Total","Value":24397,"NOM_COURT":"Lettonie","ISO_ETAT":"LV","ISO_CODE_NUM":"428"},{"Year":2007,"Month":"Total","Value":23958,"NOM_COURT":"Lettonie","ISO_ETAT":"LV","ISO_CODE_NUM":"428"},{"Year":2006,"Month":"Total","Value":22871,"NOM_COURT":"Lettonie","ISO_ETAT":"LV","ISO_CODE_NUM":"428"},{"Year":2005,"Month":"Total","Value":21879,"NOM_COURT":"Lettonie","ISO_ETAT":"LV","ISO_CODE_NUM":"428"},{"Year":2004,"Month":"Total","Value":20551,"NOM_COURT":"Lettonie","ISO_ETAT":"LV","ISO_CODE_NUM":"428"},{"Year":2003,"Month":"Total","Value":21151,"NOM_COURT":"Lettonie","ISO_ETAT":"LV","ISO_CODE_NUM":"428"},{"Year":2002,"Month":"Total","Value":20127,"NOM_COURT":"Lettonie","ISO_ETAT":"LV","ISO_CODE_NUM":"428"},{"Year":2001,"Month":"Total","Value":19726,"NOM_COURT":"Lettonie","ISO_ETAT":"LV","ISO_CODE_NUM":"428"},{"Year":2000,"Month":"Total","Value":20302,"NOM_COURT":"Lettonie","ISO_ETAT":"LV","ISO_CODE_NUM":"428"},{"Year":2010,"Month":"Total","Value":95218,"NOM_COURT":"Liban","ISO_ETAT":"LB","ISO_CODE_NUM":"422"},{"Year":2009,"Month":"Total","Value":90388,"NOM_COURT":"Liban","ISO_ETAT":"LB","ISO_CODE_NUM":"422"},{"Year":2008,"Month":"Total","Value":84823,"NOM_COURT":"Liban","ISO_ETAT":"LB","ISO_CODE_NUM":"422"},{"Year":2007,"Month":"Total","Value":80896,"NOM_COURT":"Liban","ISO_ETAT":"LB","ISO_CODE_NUM":"422"},{"Year":2006,"Month":"Total","Value":72790,"NOM_COURT":"Liban","ISO_ETAT":"LB","ISO_CODE_NUM":"422"},{"Year":2005,"Month":"Total","Value":73973,"NOM_COURT":"Liban","ISO_ETAT":"LB","ISO_CODE_NUM":"422"},{"Year":2004,"Month":"Total","Value":73900,"NOM_COURT":"Liban","ISO_ETAT":"LB","ISO_CODE_NUM":"422"},{"Year":2003,"Month":"Total","Value":71465,"NOM_COURT":"Liban","ISO_ETAT":"LB","ISO_CODE_NUM":"422"},{"Year":2000,"Month":"Total","Value":87795,"NOM_COURT":"Liban","ISO_ETAT":"LB","ISO_CODE_NUM":"422"},{"Year":2002,"Month":"Total","Value":111053,"NOM_COURT":"Libye","ISO_ETAT":"LY","ISO_CODE_NUM":"434"},{"Year":2000,"Month":"Total","Value":98752,"NOM_COURT":"Libye","ISO_ETAT":"LY","ISO_CODE_NUM":"434"},{"Year":2010,"Month":"Total","Value":329,"NOM_COURT":"Liechtenstein","ISO_ETAT":"LI","ISO_CODE_NUM":"438"},{"Year":2009,"Month":"Total","Value":406,"NOM_COURT":"Liechtenstein","ISO_ETAT":"LI","ISO_CODE_NUM":"438"},{"Year":2008,"Month":"Total","Value":350,"NOM_COURT":"Liechtenstein","ISO_ETAT":"LI","ISO_CODE_NUM":"438"},{"Year":2007,"Month":"Total","Value":351,"NOM_COURT":"Liechtenstein","ISO_ETAT":"LI","ISO_CODE_NUM":"438"},{"Year":2005,"Month":"Total","Value":381,"NOM_COURT":"Liechtenstein","ISO_ETAT":"LI","ISO_CODE_NUM":"438"},{"Year":2004,"Month":"Total","Value":372,"NOM_COURT":"Liechtenstein","ISO_ETAT":"LI","ISO_CODE_NUM":"438"},{"Year":2003,"Month":"Total","Value":347,"NOM_COURT":"Liechtenstein","ISO_ETAT":"LI","ISO_CODE_NUM":"438"},{"Year":2002,"Month":"Total","Value":395,"NOM_COURT":"Liechtenstein","ISO_ETAT":"LI","ISO_CODE_NUM":"438"},{"Year":2001,"Month":"Total","Value":401,"NOM_COURT":"Liechtenstein","ISO_ETAT":"LI","ISO_CODE_NUM":"438"},{"Year":2000,"Month":"Total","Value":420,"NOM_COURT":"Liechtenstein","ISO_ETAT":"LI","ISO_CODE_NUM":"438"},{"Year":2010,"Month":"Total","Value":30676,"NOM_COURT":"Lituanie","ISO_ETAT":"LT","ISO_CODE_NUM":"440"},{"Year":2009,"Month":"Total","Value":32165,"NOM_COURT":"Lituanie","ISO_ETAT":"LT","ISO_CODE_NUM":"440"},{"Year":2008,"Month":"Total","Value":31536,"NOM_COURT":"Lituanie","ISO_ETAT":"LT","ISO_CODE_NUM":"440"},{"Year":2007,"Month":"Total","Value":30020,"NOM_COURT":"Lituanie","ISO_ETAT":"LT","ISO_CODE_NUM":"440"},{"Year":2006,"Month":"Total","Value":29606,"NOM_COURT":"Lituanie","ISO_ETAT":"LT","ISO_CODE_NUM":"440"},{"Year":2005,"Month":"Total","Value":29510,"NOM_COURT":"Lituanie","ISO_ETAT":"LT","ISO_CODE_NUM":"440"},{"Year":2004,"Month":"Total","Value":29769,"NOM_COURT":"Lituanie","ISO_ETAT":"LT","ISO_CODE_NUM":"440"},{"Year":2003,"Month":"Total","Value":29977,"NOM_COURT":"Lituanie","ISO_ETAT":"LT","ISO_CODE_NUM":"440"},{"Year":2002,"Month":"Total","Value":29541,"NOM_COURT":"Lituanie","ISO_ETAT":"LT","ISO_CODE_NUM":"440"},{"Year":2001,"Month":"Total","Value":31185,"NOM_COURT":"Lituanie","ISO_ETAT":"LT","ISO_CODE_NUM":"440"},{"Year":2000,"Month":"Total","Value":34149,"NOM_COURT":"Lituanie","ISO_ETAT":"LT","ISO_CODE_NUM":"440"},{"Year":2010,"Month":"Total","Value":5874,"NOM_COURT":"Luxembourg","ISO_ETAT":"LU","ISO_CODE_NUM":"442"},{"Year":2009,"Month":"Total","Value":5638,"NOM_COURT":"Luxembourg","ISO_ETAT":"LU","ISO_CODE_NUM":"442"},{"Year":2008,"Month":"Total","Value":5596,"NOM_COURT":"Luxembourg","ISO_ETAT":"LU","ISO_CODE_NUM":"442"},{"Year":2007,"Month":"Total","Value":5477,"NOM_COURT":"Luxembourg","ISO_ETAT":"LU","ISO_CODE_NUM":"442"},{"Year":2006,"Month":"Total","Value":5514,"NOM_COURT":"Luxembourg","ISO_ETAT":"LU","ISO_CODE_NUM":"442"},{"Year":2005,"Month":"Total","Value":5371,"NOM_COURT":"Luxembourg","ISO_ETAT":"LU","ISO_CODE_NUM":"442"},{"Year":2004,"Month":"Total","Value":5452,"NOM_COURT":"Luxembourg","ISO_ETAT":"LU","ISO_CODE_NUM":"442"},{"Year":2003,"Month":"Total","Value":5303,"NOM_COURT":"Luxembourg","ISO_ETAT":"LU","ISO_CODE_NUM":"442"},{"Year":2002,"Month":"Total","Value":5345,"NOM_COURT":"Luxembourg","ISO_ETAT":"LU","ISO_CODE_NUM":"442"},{"Year":2001,"Month":"Total","Value":5459,"NOM_COURT":"Luxembourg","ISO_ETAT":"LU","ISO_CODE_NUM":"442"},{"Year":2000,"Month":"Total","Value":5723,"NOM_COURT":"Luxembourg","ISO_ETAT":"LU","ISO_CODE_NUM":"442"},{"Year":2010,"Month":"Total","Value":475816,"NOM_COURT":"Malaisie","ISO_ETAT":"MY","ISO_CODE_NUM":"458"},{"Year":2009,"Month":"Total","Value":496313,"NOM_COURT":"Malaisie","ISO_ETAT":"MY","ISO_CODE_NUM":"458"},{"Year":2008,"Month":"Total","Value":487346,"NOM_COURT":"Malaisie","ISO_ETAT":"MY","ISO_CODE_NUM":"458"},{"Year":2007,"Month":"Total","Value":456443,"NOM_COURT":"Malaisie","ISO_ETAT":"MY","ISO_CODE_NUM":"458"},{"Year":2006,"Month":"Total","Value":465112,"NOM_COURT":"Malaisie","ISO_ETAT":"MY","ISO_CODE_NUM":"458"},{"Year":2005,"Month":"Total","Value":469204,"NOM_COURT":"Malaisie","ISO_ETAT":"MY","ISO_CODE_NUM":"458"},{"Year":2004,"Month":"Total","Value":477768,"NOM_COURT":"Malaisie","ISO_ETAT":"MY","ISO_CODE_NUM":"458"},{"Year":2003,"Month":"Total","Value":480083,"NOM_COURT":"Malaisie","ISO_ETAT":"MY","ISO_CODE_NUM":"458"},{"Year":2002,"Month":"Total","Value":484037,"NOM_COURT":"Malaisie","ISO_ETAT":"MY","ISO_CODE_NUM":"458"},{"Year":2001,"Month":"Total","Value":515985,"NOM_COURT":"Malaisie","ISO_ETAT":"MY","ISO_CODE_NUM":"458"},{"Year":2000,"Month":"Total","Value":545096,"NOM_COURT":"Malaisie","ISO_ETAT":"MY","ISO_CODE_NUM":"458"},{"Year":2010,"Month":"Total","Value":7115,"NOM_COURT":"Maldives","ISO_ETAT":"MV","ISO_CODE_NUM":"462"},{"Year":2009,"Month":"Total","Value":7423,"NOM_COURT":"Maldives","ISO_ETAT":"MV","ISO_CODE_NUM":"462"},{"Year":2008,"Month":"Total","Value":6989,"NOM_COURT":"Maldives","ISO_ETAT":"MV","ISO_CODE_NUM":"462"},{"Year":2007,"Month":"Total","Value":6569,"NOM_COURT":"Maldives","ISO_ETAT":"MV","ISO_CODE_NUM":"462"},{"Year":2006,"Month":"Total","Value":5829,"NOM_COURT":"Maldives","ISO_ETAT":"MV","ISO_CODE_NUM":"462"},{"Year":2005,"Month":"Total","Value":5543,"NOM_COURT":"Maldives","ISO_ETAT":"MV","ISO_CODE_NUM":"462"},{"Year":2004,"Month":"Total","Value":5220,"NOM_COURT":"Maldives","ISO_ETAT":"MV","ISO_CODE_NUM":"462"},{"Year":2003,"Month":"Total","Value":5140,"NOM_COURT":"Maldives","ISO_ETAT":"MV","ISO_CODE_NUM":"462"},{"Year":2002,"Month":"Total","Value":5003,"NOM_COURT":"Maldives","ISO_ETAT":"MV","ISO_CODE_NUM":"462"},{"Year":2001,"Month":"Total","Value":4897,"NOM_COURT":"Maldives","ISO_ETAT":"MV","ISO_CODE_NUM":"462"},{"Year":2000,"Month":"Total","Value":5399,"NOM_COURT":"Maldives","ISO_ETAT":"MV","ISO_CODE_NUM":"462"},{"Year":2010,"Month":"Total","Value":3898,"NOM_COURT":"Malte","ISO_ETAT":"MT","ISO_CODE_NUM":"470"},{"Year":2009,"Month":"Total","Value":4029,"NOM_COURT":"Malte","ISO_ETAT":"MT","ISO_CODE_NUM":"470"},{"Year":2008,"Month":"Total","Value":4013,"NOM_COURT":"Malte","ISO_ETAT":"MT","ISO_CODE_NUM":"470"},{"Year":2007,"Month":"Total","Value":3765,"NOM_COURT":"Malte","ISO_ETAT":"MT","ISO_CODE_NUM":"470"},{"Year":2006,"Month":"Total","Value":3779,"NOM_COURT":"Malte","ISO_ETAT":"MT","ISO_CODE_NUM":"470"},{"Year":2004,"Month":"Total","Value":3686,"NOM_COURT":"Malte","ISO_ETAT":"MT","ISO_CODE_NUM":"470"},{"Year":2003,"Month":"Total","Value":3902,"NOM_COURT":"Malte","ISO_ETAT":"MT","ISO_CODE_NUM":"470"},{"Year":2002,"Month":"Total","Value":3805,"NOM_COURT":"Malte","ISO_ETAT":"MT","ISO_CODE_NUM":"470"},{"Year":2001,"Month":"Total","Value":3859,"NOM_COURT":"Malte","ISO_ETAT":"MT","ISO_CODE_NUM":"470"},{"Year":2000,"Month":"Total","Value":4255,"NOM_COURT":"Malte","ISO_ETAT":"MT","ISO_CODE_NUM":"470"},{"Year":2007,"Month":"Total","Value":5317,"NOM_COURT":"Martinique","ISO_ETAT":"FR","ISO_CODE_NUM":"474"},{"Year":2006,"Month":"Total","Value":5370,"NOM_COURT":"Martinique","ISO_ETAT":"FR","ISO_CODE_NUM":"474"},{"Year":2005,"Month":"Total","Value":5032,"NOM_COURT":"Martinique","ISO_ETAT":"FR","ISO_CODE_NUM":"474"},{"Year":2003,"Month":"Total","Value":5430,"NOM_COURT":"Martinique","ISO_ETAT":"FR","ISO_CODE_NUM":"474"},{"Year":2002,"Month":"Total","Value":5446,"NOM_COURT":"Martinique","ISO_ETAT":"FR","ISO_CODE_NUM":"474"},{"Year":2001,"Month":"Total","Value":5908,"NOM_COURT":"Martinique","ISO_ETAT":"FR","ISO_CODE_NUM":"474"},{"Year":2000,"Month":"Total","Value":6059,"NOM_COURT":"Martinique","ISO_ETAT":"FR","ISO_CODE_NUM":"474"},{"Year":2010,"Month":"Total","Value":14831,"NOM_COURT":"Maurice","ISO_ETAT":"MU","ISO_CODE_NUM":"480"},{"Year":2010,"Month":"Total","Value":15005,"NOM_COURT":"Maurice","ISO_ETAT":"MU","ISO_CODE_NUM":"480"},{"Year":2009,"Month":"Total","Value":15259,"NOM_COURT":"Maurice","ISO_ETAT":"MU","ISO_CODE_NUM":"480"},{"Year":2008,"Month":"Total","Value":16094,"NOM_COURT":"Maurice","ISO_ETAT":"MU","ISO_CODE_NUM":"480"},{"Year":2008,"Month":"Total","Value":16372,"NOM_COURT":"Maurice","ISO_ETAT":"MU","ISO_CODE_NUM":"480"},{"Year":2007,"Month":"Total","Value":16894,"NOM_COURT":"Maurice","ISO_ETAT":"MU","ISO_CODE_NUM":"480"},{"Year":2006,"Month":"Total","Value":17320,"NOM_COURT":"Maurice","ISO_ETAT":"MU","ISO_CODE_NUM":"480"},{"Year":2005,"Month":"Total","Value":18578,"NOM_COURT":"Maurice","ISO_ETAT":"MU","ISO_CODE_NUM":"480"},{"Year":2004,"Month":"Total","Value":19102,"NOM_COURT":"Maurice","ISO_ETAT":"MU","ISO_CODE_NUM":"480"},{"Year":2003,"Month":"Total","Value":19165,"NOM_COURT":"Maurice","ISO_ETAT":"MU","ISO_CODE_NUM":"480"},{"Year":2002,"Month":"Total","Value":19799,"NOM_COURT":"Maurice","ISO_ETAT":"MU","ISO_CODE_NUM":"480"},{"Year":2001,"Month":"Total","Value":19504,"NOM_COURT":"Maurice","ISO_ETAT":"MU","ISO_CODE_NUM":"480"},{"Year":2000,"Month":"Total","Value":20237,"NOM_COURT":"Maurice","ISO_ETAT":"MU","ISO_CODE_NUM":"480"},{"Year":2003,"Month":"Total","Value":44744,"NOM_COURT":"Mongolie","ISO_ETAT":"MN","ISO_CODE_NUM":"496"},{"Year":2002,"Month":"Total","Value":45687,"NOM_COURT":"Mongolie","ISO_ETAT":"MN","ISO_CODE_NUM":"496"},{"Year":2001,"Month":"Total","Value":48449,"NOM_COURT":"Mongolie","ISO_ETAT":"MN","ISO_CODE_NUM":"496"},{"Year":2000,"Month":"Total","Value":51111,"NOM_COURT":"Mongolie","ISO_ETAT":"MN","ISO_CODE_NUM":"496"},{"Year":2010,"Month":"Total","Value":7418,"NOM_COURT":"Mont\u00e9n\u00e9gro","ISO_ETAT":"ME","ISO_CODE_NUM":"499"},{"Year":2009,"Month":"Total","Value":8642,"NOM_COURT":"Mont\u00e9n\u00e9gro","ISO_ETAT":"ME","ISO_CODE_NUM":"499"},{"Year":2008,"Month":"Total","Value":8258,"NOM_COURT":"Mont\u00e9n\u00e9gro","ISO_ETAT":"ME","ISO_CODE_NUM":"499"},{"Year":2007,"Month":"Total","Value":7834,"NOM_COURT":"Mont\u00e9n\u00e9gro","ISO_ETAT":"ME","ISO_CODE_NUM":"499"},{"Year":2010,"Month":"Total","Value":62,"NOM_COURT":"Montserrat","ISO_ETAT":"GB","ISO_CODE_NUM":"500"},{"Year":2009,"Month":"Total","Value":50,"NOM_COURT":"Montserrat","ISO_ETAT":"GB","ISO_CODE_NUM":"500"},{"Year":2008,"Month":"Total","Value":72,"NOM_COURT":"Montserrat","ISO_ETAT":"GB","ISO_CODE_NUM":"500"},{"Year":2007,"Month":"Total","Value":43,"NOM_COURT":"Montserrat","ISO_ETAT":"GB","ISO_CODE_NUM":"500"},{"Year":2006,"Month":"Total","Value":49,"NOM_COURT":"Montserrat","ISO_ETAT":"GB","ISO_CODE_NUM":"500"},{"Year":2005,"Month":"Total","Value":63,"NOM_COURT":"Montserrat","ISO_ETAT":"GB","ISO_CODE_NUM":"500"},{"Year":2004,"Month":"Total","Value":47,"NOM_COURT":"Montserrat","ISO_ETAT":"GB","ISO_CODE_NUM":"500"},{"Year":2003,"Month":"Total","Value":40,"NOM_COURT":"Montserrat","ISO_ETAT":"GB","ISO_CODE_NUM":"500"},{"Year":2002,"Month":"Total","Value":54,"NOM_COURT":"Montserrat","ISO_ETAT":"GB","ISO_CODE_NUM":"500"},{"Year":2001,"Month":"Total","Value":47,"NOM_COURT":"Montserrat","ISO_ETAT":"GB","ISO_CODE_NUM":"500"},{"Year":2000,"Month":"Total","Value":48,"NOM_COURT":"Montserrat","ISO_ETAT":"GB","ISO_CODE_NUM":"500"},{"Year":2010,"Month":"Total","Value":184397,"NOM_COURT":"Pays-Bas","ISO_ETAT":"NL","ISO_CODE_NUM":"528"},{"Year":2009,"Month":"Total","Value":184915,"NOM_COURT":"Pays-Bas","ISO_ETAT":"NL","ISO_CODE_NUM":"528"},{"Year":2008,"Month":"Total","Value":184634,"NOM_COURT":"Pays-Bas","ISO_ETAT":"NL","ISO_CODE_NUM":"528"},{"Year":2007,"Month":"Total","Value":181336,"NOM_COURT":"Pays-Bas","ISO_ETAT":"NL","ISO_CODE_NUM":"528"},{"Year":2005,"Month":"Total","Value":187910,"NOM_COURT":"Pays-Bas","ISO_ETAT":"NL","ISO_CODE_NUM":"528"},{"Year":2004,"Month":"Total","Value":194007,"NOM_COURT":"Pays-Bas","ISO_ETAT":"NL","ISO_CODE_NUM":"528"},{"Year":2003,"Month":"Total","Value":200297,"NOM_COURT":"Pays-Bas","ISO_ETAT":"NL","ISO_CODE_NUM":"528"},{"Year":2002,"Month":"Total","Value":202083,"NOM_COURT":"Pays-Bas","ISO_ETAT":"NL","ISO_CODE_NUM":"528"},{"Year":2001,"Month":"Total","Value":202603,"NOM_COURT":"Pays-Bas","ISO_ETAT":"NL","ISO_CODE_NUM":"528"},{"Year":2000,"Month":"Total","Value":206619,"NOM_COURT":"Pays-Bas","ISO_ETAT":"NL","ISO_CODE_NUM":"528"},{"Year":2010,"Month":"Total","Value":4178,"NOM_COURT":"Nouvelle-Cal\u00e9donie","ISO_ETAT":"FR","ISO_CODE_NUM":"540"},{"Year":2009,"Month":"Total","Value":4103,"NOM_COURT":"Nouvelle-Cal\u00e9donie","ISO_ETAT":"FR","ISO_CODE_NUM":"540"},{"Year":2008,"Month":"Total","Value":4015,"NOM_COURT":"Nouvelle-Cal\u00e9donie","ISO_ETAT":"FR","ISO_CODE_NUM":"540"},{"Year":2007,"Month":"Total","Value":4093,"NOM_COURT":"Nouvelle-Cal\u00e9donie","ISO_ETAT":"FR","ISO_CODE_NUM":"540"},{"Year":2006,"Month":"Total","Value":4224,"NOM_COURT":"Nouvelle-Cal\u00e9donie","ISO_ETAT":"FR","ISO_CODE_NUM":"540"},{"Year":2005,"Month":"Total","Value":4106,"NOM_COURT":"Nouvelle-Cal\u00e9donie","ISO_ETAT":"FR","ISO_CODE_NUM":"540"},{"Year":2004,"Month":"Total","Value":4003,"NOM_COURT":"Nouvelle-Cal\u00e9donie","ISO_ETAT":"FR","ISO_CODE_NUM":"540"},{"Year":2003,"Month":"Total","Value":4127,"NOM_COURT":"Nouvelle-Cal\u00e9donie","ISO_ETAT":"FR","ISO_CODE_NUM":"540"},{"Year":2002,"Month":"Total","Value":4224,"NOM_COURT":"Nouvelle-Cal\u00e9donie","ISO_ETAT":"FR","ISO_CODE_NUM":"540"},{"Year":2001,"Month":"Total","Value":4362,"NOM_COURT":"Nouvelle-Cal\u00e9donie","ISO_ETAT":"FR","ISO_CODE_NUM":"540"},{"Year":2000,"Month":"Total","Value":4599,"NOM_COURT":"Nouvelle-Cal\u00e9donie","ISO_ETAT":"FR","ISO_CODE_NUM":"540"},{"Year":2010,"Month":"Total","Value":63897,"NOM_COURT":"Nouvelle-Z\u00e9lande","ISO_ETAT":"NZ","ISO_CODE_NUM":"554"},{"Year":2009,"Month":"Total","Value":62543,"NOM_COURT":"Nouvelle-Z\u00e9lande","ISO_ETAT":"NZ","ISO_CODE_NUM":"554"},{"Year":2008,"Month":"Total","Value":64343,"NOM_COURT":"Nouvelle-Z\u00e9lande","ISO_ETAT":"NZ","ISO_CODE_NUM":"554"},{"Year":2007,"Month":"Total","Value":64044,"NOM_COURT":"Nouvelle-Z\u00e9lande","ISO_ETAT":"NZ","ISO_CODE_NUM":"554"},{"Year":2006,"Month":"Total","Value":59193,"NOM_COURT":"Nouvelle-Z\u00e9lande","ISO_ETAT":"NZ","ISO_CODE_NUM":"554"},{"Year":2005,"Month":"Total","Value":57745,"NOM_COURT":"Nouvelle-Z\u00e9lande","ISO_ETAT":"NZ","ISO_CODE_NUM":"554"},{"Year":2005,"Month":"Total","Value":57745,"NOM_COURT":"Nouvelle-Z\u00e9lande","ISO_ETAT":"NZ","ISO_CODE_NUM":"554"},{"Year":2004,"Month":"Total","Value":58073,"NOM_COURT":"Nouvelle-Z\u00e9lande","ISO_ETAT":"NZ","ISO_CODE_NUM":"554"},{"Year":2003,"Month":"Total","Value":56134,"NOM_COURT":"Nouvelle-Z\u00e9lande","ISO_ETAT":"NZ","ISO_CODE_NUM":"554"},{"Year":2002,"Month":"Total","Value":54021,"NOM_COURT":"Nouvelle-Z\u00e9lande","ISO_ETAT":"NZ","ISO_CODE_NUM":"554"},{"Year":2001,"Month":"Total","Value":55799,"NOM_COURT":"Nouvelle-Z\u00e9lande","ISO_ETAT":"NZ","ISO_CODE_NUM":"554"},{"Year":2000,"Month":"Total","Value":56605,"NOM_COURT":"Nouvelle-Z\u00e9lande","ISO_ETAT":"NZ","ISO_CODE_NUM":"554"},{"Year":2009,"Month":"Total","Value":31,"NOM_COURT":"Niue","ISO_ETAT":"NU","ISO_CODE_NUM":"570"},{"Year":2002,"Month":"Total","Value":25,"NOM_COURT":"Niue","ISO_ETAT":"NU","ISO_CODE_NUM":"570"},{"Year":2001,"Month":"Total","Value":23,"NOM_COURT":"Niue","ISO_ETAT":"NU","ISO_CODE_NUM":"570"},{"Year":2000,"Month":"Total","Value":25,"NOM_COURT":"Niue","ISO_ETAT":"NU","ISO_CODE_NUM":"570"},{"Year":2010,"Month":"Total","Value":24296,"NOM_COURT":"Mac\u00e9doine du Nord","ISO_ETAT":"MK","ISO_CODE_NUM":"807"},{"Year":2009,"Month":"Total","Value":23684,"NOM_COURT":"Mac\u00e9doine du Nord","ISO_ETAT":"MK","ISO_CODE_NUM":"807"},{"Year":2008,"Month":"Total","Value":22945,"NOM_COURT":"Mac\u00e9doine du Nord","ISO_ETAT":"MK","ISO_CODE_NUM":"807"},{"Year":2007,"Month":"Total","Value":22688,"NOM_COURT":"Mac\u00e9doine du Nord","ISO_ETAT":"MK","ISO_CODE_NUM":"807"},{"Year":2005,"Month":"Total","Value":22482,"NOM_COURT":"Mac\u00e9doine du Nord","ISO_ETAT":"MK","ISO_CODE_NUM":"807"},{"Year":2004,"Month":"Total","Value":23361,"NOM_COURT":"Mac\u00e9doine du Nord","ISO_ETAT":"MK","ISO_CODE_NUM":"807"},{"Year":2003,"Month":"Total","Value":27011,"NOM_COURT":"Mac\u00e9doine du Nord","ISO_ETAT":"MK","ISO_CODE_NUM":"807"},{"Year":2002,"Month":"Total","Value":27761,"NOM_COURT":"Mac\u00e9doine du Nord","ISO_ETAT":"MK","ISO_CODE_NUM":"807"},{"Year":2001,"Month":"Total","Value":27010,"NOM_COURT":"Mac\u00e9doine du Nord","ISO_ETAT":"MK","ISO_CODE_NUM":"807"},{"Year":2000,"Month":"Total","Value":29308,"NOM_COURT":"Mac\u00e9doine du Nord","ISO_ETAT":"MK","ISO_CODE_NUM":"807"},{"Year":2010,"Month":"Total","Value":61442,"NOM_COURT":"Norv\u00e8ge","ISO_ETAT":"NO","ISO_CODE_NUM":"578"},{"Year":2009,"Month":"Total","Value":61807,"NOM_COURT":"Norv\u00e8ge","ISO_ETAT":"NO","ISO_CODE_NUM":"578"},{"Year":2008,"Month":"Total","Value":60497,"NOM_COURT":"Norv\u00e8ge","ISO_ETAT":"NO","ISO_CODE_NUM":"578"},{"Year":2007,"Month":"Total","Value":58459,"NOM_COURT":"Norv\u00e8ge","ISO_ETAT":"NO","ISO_CODE_NUM":"578"},{"Year":2004,"Month":"Total","Value":56951,"NOM_COURT":"Norv\u00e8ge","ISO_ETAT":"NO","ISO_CODE_NUM":"578"},{"Year":2003,"Month":"Total","Value":56458,"NOM_COURT":"Norv\u00e8ge","ISO_ETAT":"NO","ISO_CODE_NUM":"578"},{"Year":2002,"Month":"Total","Value":55434,"NOM_COURT":"Norv\u00e8ge","ISO_ETAT":"NO","ISO_CODE_NUM":"578"},{"Year":2001,"Month":"Total","Value":56696,"NOM_COURT":"Norv\u00e8ge","ISO_ETAT":"NO","ISO_CODE_NUM":"578"},{"Year":2000,"Month":"Total","Value":59234,"NOM_COURT":"Norv\u00e8ge","ISO_ETAT":"NO","ISO_CODE_NUM":"578"},{"Year":2007,"Month":"Total","Value":3830973,"NOM_COURT":"Pakistan","ISO_ETAT":"PK","ISO_CODE_NUM":"586"},{"Year":2006,"Month":"Total","Value":3802928,"NOM_COURT":"Pakistan","ISO_ETAT":"PK","ISO_CODE_NUM":"586"},{"Year":2005,"Month":"Total","Value":3772494,"NOM_COURT":"Pakistan","ISO_ETAT":"PK","ISO_CODE_NUM":"586"},{"Year":2003,"Month":"Total","Value":3683290,"NOM_COURT":"Pakistan","ISO_ETAT":"PK","ISO_CODE_NUM":"586"},{"Year":2003,"Month":"Total","Value":312,"NOM_COURT":"Palaos","ISO_ETAT":"PW","ISO_CODE_NUM":"585"},{"Year":2002,"Month":"Total","Value":259,"NOM_COURT":"Palaos","ISO_ETAT":"PW","ISO_CODE_NUM":"585"},{"Year":2001,"Month":"Total","Value":300,"NOM_COURT":"Palaos","ISO_ETAT":"PW","ISO_CODE_NUM":"585"},{"Year":2000,"Month":"Total","Value":278,"NOM_COURT":"Palaos","ISO_ETAT":"PW","ISO_CODE_NUM":"585"},{"Year":2010,"Month":"Total","Value":67955,"NOM_COURT":"Panama","ISO_ETAT":"PA","ISO_CODE_NUM":"591"},{"Year":2009,"Month":"Total","Value":68364,"NOM_COURT":"Panama","ISO_ETAT":"PA","ISO_CODE_NUM":"591"},{"Year":2008,"Month":"Total","Value":68759,"NOM_COURT":"Panama","ISO_ETAT":"PA","ISO_CODE_NUM":"591"},{"Year":2007,"Month":"Total","Value":67364,"NOM_COURT":"Panama","ISO_ETAT":"PA","ISO_CODE_NUM":"591"},{"Year":2006,"Month":"Total","Value":65764,"NOM_COURT":"Panama","ISO_ETAT":"PA","ISO_CODE_NUM":"591"},{"Year":2005,"Month":"Total","Value":63645,"NOM_COURT":"Panama","ISO_ETAT":"PA","ISO_CODE_NUM":"591"},{"Year":2003,"Month":"Total","Value":61753,"NOM_COURT":"Panama","ISO_ETAT":"PA","ISO_CODE_NUM":"591"},{"Year":2002,"Month":"Total","Value":61671,"NOM_COURT":"Panama","ISO_ETAT":"PA","ISO_CODE_NUM":"591"},{"Year":2010,"Month":"Total","Value":1782981,"NOM_COURT":"Philippines","ISO_ETAT":"PH","ISO_CODE_NUM":"608"},{"Year":2009,"Month":"Total","Value":1745585,"NOM_COURT":"Philippines","ISO_ETAT":"PH","ISO_CODE_NUM":"608"},{"Year":2007,"Month":"Total","Value":1749878,"NOM_COURT":"Philippines","ISO_ETAT":"PH","ISO_CODE_NUM":"608"},{"Year":2006,"Month":"Total","Value":1663029,"NOM_COURT":"Philippines","ISO_ETAT":"PH","ISO_CODE_NUM":"608"},{"Year":2005,"Month":"Total","Value":1688918,"NOM_COURT":"Philippines","ISO_ETAT":"PH","ISO_CODE_NUM":"608"},{"Year":2004,"Month":"Total","Value":1710994,"NOM_COURT":"Philippines","ISO_ETAT":"PH","ISO_CODE_NUM":"608"},{"Year":2003,"Month":"Total","Value":1669442,"NOM_COURT":"Philippines","ISO_ETAT":"PH","ISO_CODE_NUM":"608"},{"Year":2002,"Month":"Total","Value":1666773,"NOM_COURT":"Philippines","ISO_ETAT":"PH","ISO_CODE_NUM":"608"},{"Year":2001,"Month":"Total","Value":1714093,"NOM_COURT":"Philippines","ISO_ETAT":"PH","ISO_CODE_NUM":"608"},{"Year":2000,"Month":"Total","Value":1766440,"NOM_COURT":"Philippines","ISO_ETAT":"PH","ISO_CODE_NUM":"608"},{"Year":2010,"Month":"Total","Value":413300,"NOM_COURT":"Pologne","ISO_ETAT":"PL","ISO_CODE_NUM":"616"},{"Year":2009,"Month":"Total","Value":417589,"NOM_COURT":"Pologne","ISO_ETAT":"PL","ISO_CODE_NUM":"616"},{"Year":2008,"Month":"Total","Value":414499,"NOM_COURT":"Pologne","ISO_ETAT":"PL","ISO_CODE_NUM":"616"},{"Year":2007,"Month":"Total","Value":387873,"NOM_COURT":"Pologne","ISO_ETAT":"PL","ISO_CODE_NUM":"616"},{"Year":2005,"Month":"Total","Value":364383,"NOM_COURT":"Pologne","ISO_ETAT":"PL","ISO_CODE_NUM":"616"},{"Year":2004,"Month":"Total","Value":356131,"NOM_COURT":"Pologne","ISO_ETAT":"PL","ISO_CODE_NUM":"616"},{"Year":2003,"Month":"Total","Value":351072,"NOM_COURT":"Pologne","ISO_ETAT":"PL","ISO_CODE_NUM":"616"},{"Year":2002,"Month":"Total","Value":353765,"NOM_COURT":"Pologne","ISO_ETAT":"PL","ISO_CODE_NUM":"616"},{"Year":2001,"Month":"Total","Value":368205,"NOM_COURT":"Pologne","ISO_ETAT":"PL","ISO_CODE_NUM":"616"},{"Year":2000,"Month":"Total","Value":378348,"NOM_COURT":"Pologne","ISO_ETAT":"PL","ISO_CODE_NUM":"616"},{"Year":2010,"Month":"Total","Value":101381,"NOM_COURT":"Portugal","ISO_ETAT":"PT","ISO_CODE_NUM":"620"},{"Year":2009,"Month":"Total","Value":99491,"NOM_COURT":"Portugal","ISO_ETAT":"PT","ISO_CODE_NUM":"620"},{"Year":2008,"Month":"Total","Value":104594,"NOM_COURT":"Portugal","ISO_ETAT":"PT","ISO_CODE_NUM":"620"},{"Year":2007,"Month":"Total","Value":102492,"NOM_COURT":"Portugal","ISO_ETAT":"PT","ISO_CODE_NUM":"620"},{"Year":2006,"Month":"Total","Value":105449,"NOM_COURT":"Portugal","ISO_ETAT":"PT","ISO_CODE_NUM":"620"},{"Year":2005,"Month":"Total","Value":109399,"NOM_COURT":"Portugal","ISO_ETAT":"PT","ISO_CODE_NUM":"620"},{"Year":2004,"Month":"Total","Value":109298,"NOM_COURT":"Portugal","ISO_ETAT":"PT","ISO_CODE_NUM":"620"},{"Year":2003,"Month":"Total","Value":112515,"NOM_COURT":"Portugal","ISO_ETAT":"PT","ISO_CODE_NUM":"620"},{"Year":2002,"Month":"Total","Value":114383,"NOM_COURT":"Portugal","ISO_ETAT":"PT","ISO_CODE_NUM":"620"},{"Year":2001,"Month":"Total","Value":112774,"NOM_COURT":"Portugal","ISO_ETAT":"PT","ISO_CODE_NUM":"620"},{"Year":2000,"Month":"Total","Value":120008,"NOM_COURT":"Portugal","ISO_ETAT":"PT","ISO_CODE_NUM":"620"},{"Year":2008,"Month":"Total","Value":45675,"NOM_COURT":"Porto Rico","ISO_ETAT":"US","ISO_CODE_NUM":"630"},{"Year":2007,"Month":"Total","Value":46744,"NOM_COURT":"Porto Rico","ISO_ETAT":"US","ISO_CODE_NUM":"630"},{"Year":2006,"Month":"Total","Value":48744,"NOM_COURT":"Porto Rico","ISO_ETAT":"US","ISO_CODE_NUM":"630"},{"Year":2005,"Month":"Total","Value":50687,"NOM_COURT":"Porto Rico","ISO_ETAT":"US","ISO_CODE_NUM":"630"},{"Year":2004,"Month":"Total","Value":51239,"NOM_COURT":"Porto Rico","ISO_ETAT":"US","ISO_CODE_NUM":"630"},{"Year":2003,"Month":"Total","Value":50803,"NOM_COURT":"Porto Rico","ISO_ETAT":"US","ISO_CODE_NUM":"630"},{"Year":2002,"Month":"Total","Value":52871,"NOM_COURT":"Porto Rico","ISO_ETAT":"US","ISO_CODE_NUM":"630"},{"Year":2000,"Month":"Total","Value":59460,"NOM_COURT":"Porto Rico","ISO_ETAT":"US","ISO_CODE_NUM":"630"},{"Year":2010,"Month":"Total","Value":19504,"NOM_COURT":"Qatar","ISO_ETAT":"QA","ISO_CODE_NUM":"634"},{"Year":2009,"Month":"Total","Value":18351,"NOM_COURT":"Qatar","ISO_ETAT":"QA","ISO_CODE_NUM":"634"},{"Year":2008,"Month":"Total","Value":17210,"NOM_COURT":"Qatar","ISO_ETAT":"QA","ISO_CODE_NUM":"634"},{"Year":2007,"Month":"Total","Value":15681,"NOM_COURT":"Qatar","ISO_ETAT":"QA","ISO_CODE_NUM":"634"},{"Year":2006,"Month":"Total","Value":14120,"NOM_COURT":"Qatar","ISO_ETAT":"QA","ISO_CODE_NUM":"634"},{"Year":2005,"Month":"Total","Value":13401,"NOM_COURT":"Qatar","ISO_ETAT":"QA","ISO_CODE_NUM":"634"},{"Year":2004,"Month":"Total","Value":13190,"NOM_COURT":"Qatar","ISO_ETAT":"QA","ISO_CODE_NUM":"634"},{"Year":2003,"Month":"Total","Value":12856,"NOM_COURT":"Qatar","ISO_ETAT":"QA","ISO_CODE_NUM":"634"},{"Year":2002,"Month":"Total","Value":12200,"NOM_COURT":"Qatar","ISO_ETAT":"QA","ISO_CODE_NUM":"634"},{"Year":2001,"Month":"Total","Value":12118,"NOM_COURT":"Qatar","ISO_ETAT":"QA","ISO_CODE_NUM":"634"},{"Year":2000,"Month":"Total","Value":11250,"NOM_COURT":"Qatar","ISO_ETAT":"QA","ISO_CODE_NUM":"634"},{"Year":2010,"Month":"Total","Value":470171,"NOM_COURT":"Cor\u00e9e du Sud","ISO_ETAT":"KR","ISO_CODE_NUM":"410"},{"Year":2009,"Month":"Total","Value":444849,"NOM_COURT":"Cor\u00e9e du Sud","ISO_ETAT":"KR","ISO_CODE_NUM":"410"},{"Year":2008,"Month":"Total","Value":465892,"NOM_COURT":"Cor\u00e9e du Sud","ISO_ETAT":"KR","ISO_CODE_NUM":"410"},{"Year":2007,"Month":"Total","Value":496822,"NOM_COURT":"Cor\u00e9e du Sud","ISO_ETAT":"KR","ISO_CODE_NUM":"410"},{"Year":2006,"Month":"Total","Value":451514,"NOM_COURT":"Cor\u00e9e du Sud","ISO_ETAT":"KR","ISO_CODE_NUM":"410"},{"Year":2006,"Month":"Total","Value":451759,"NOM_COURT":"Cor\u00e9e du Sud","ISO_ETAT":"KR","ISO_CODE_NUM":"410"},{"Year":2005,"Month":"Total","Value":438062,"NOM_COURT":"Cor\u00e9e du Sud","ISO_ETAT":"KR","ISO_CODE_NUM":"410"},{"Year":2005,"Month":"Total","Value":438707,"NOM_COURT":"Cor\u00e9e du Sud","ISO_ETAT":"KR","ISO_CODE_NUM":"410"},{"Year":2004,"Month":"Total","Value":476052,"NOM_COURT":"Cor\u00e9e du Sud","ISO_ETAT":"KR","ISO_CODE_NUM":"410"},{"Year":2004,"Month":"Total","Value":476958,"NOM_COURT":"Cor\u00e9e du Sud","ISO_ETAT":"KR","ISO_CODE_NUM":"410"},{"Year":2003,"Month":"Total","Value":493471,"NOM_COURT":"Cor\u00e9e du Sud","ISO_ETAT":"KR","ISO_CODE_NUM":"410"},{"Year":2003,"Month":"Total","Value":495036,"NOM_COURT":"Cor\u00e9e du Sud","ISO_ETAT":"KR","ISO_CODE_NUM":"410"},{"Year":2002,"Month":"Total","Value":494625,"NOM_COURT":"Cor\u00e9e du Sud","ISO_ETAT":"KR","ISO_CODE_NUM":"410"},{"Year":2002,"Month":"Total","Value":496911,"NOM_COURT":"Cor\u00e9e du Sud","ISO_ETAT":"KR","ISO_CODE_NUM":"410"},{"Year":2001,"Month":"Total","Value":557228,"NOM_COURT":"Cor\u00e9e du Sud","ISO_ETAT":"KR","ISO_CODE_NUM":"410"},{"Year":2001,"Month":"Total","Value":559934,"NOM_COURT":"Cor\u00e9e du Sud","ISO_ETAT":"KR","ISO_CODE_NUM":"410"},{"Year":2000,"Month":"Total","Value":640089,"NOM_COURT":"Cor\u00e9e du Sud","ISO_ETAT":"KR","ISO_CODE_NUM":"410"},{"Year":2000,"Month":"Total","Value":636780,"NOM_COURT":"Cor\u00e9e du Sud","ISO_ETAT":"KR","ISO_CODE_NUM":"410"},{"Year":2010,"Month":"Total","Value":40474,"NOM_COURT":"Moldavie","ISO_ETAT":"MD","ISO_CODE_NUM":"498"},{"Year":2009,"Month":"Total","Value":40803,"NOM_COURT":"Moldavie","ISO_ETAT":"MD","ISO_CODE_NUM":"498"},{"Year":2008,"Month":"Total","Value":39018,"NOM_COURT":"Moldavie","ISO_ETAT":"MD","ISO_CODE_NUM":"498"},{"Year":2007,"Month":"Total","Value":37973,"NOM_COURT":"Moldavie","ISO_ETAT":"MD","ISO_CODE_NUM":"498"},{"Year":2005,"Month":"Total","Value":37695,"NOM_COURT":"Moldavie","ISO_ETAT":"MD","ISO_CODE_NUM":"498"},{"Year":2004,"Month":"Total","Value":38272,"NOM_COURT":"Moldavie","ISO_ETAT":"MD","ISO_CODE_NUM":"498"},{"Year":2003,"Month":"Total","Value":36471,"NOM_COURT":"Moldavie","ISO_ETAT":"MD","ISO_CODE_NUM":"498"},{"Year":2002,"Month":"Total","Value":35705,"NOM_COURT":"Moldavie","ISO_ETAT":"MD","ISO_CODE_NUM":"498"},{"Year":2001,"Month":"Total","Value":36448,"NOM_COURT":"Moldavie","ISO_ETAT":"MD","ISO_CODE_NUM":"498"},{"Year":2000,"Month":"Total","Value":36939,"NOM_COURT":"Moldavie","ISO_ETAT":"MD","ISO_CODE_NUM":"498"},{"Year":2007,"Month":"Total","Value":14808,"NOM_COURT":"La R\u00e9union","ISO_ETAT":"FR","ISO_CODE_NUM":"638"},{"Year":2006,"Month":"Total","Value":14495,"NOM_COURT":"La R\u00e9union","ISO_ETAT":"FR","ISO_CODE_NUM":"638"},{"Year":2005,"Month":"Total","Value":14610,"NOM_COURT":"La R\u00e9union","ISO_ETAT":"FR","ISO_CODE_NUM":"638"},{"Year":2003,"Month":"Total","Value":14427,"NOM_COURT":"La R\u00e9union","ISO_ETAT":"FR","ISO_CODE_NUM":"638"},{"Year":2002,"Month":"Total","Value":14789,"NOM_COURT":"La R\u00e9union","ISO_ETAT":"FR","ISO_CODE_NUM":"638"},{"Year":2001,"Month":"Total","Value":14541,"NOM_COURT":"La R\u00e9union","ISO_ETAT":"FR","ISO_CODE_NUM":"638"},{"Year":2000,"Month":"Total","Value":14594,"NOM_COURT":"La R\u00e9union","ISO_ETAT":"FR","ISO_CODE_NUM":"638"},{"Year":2010,"Month":"Total","Value":212199,"NOM_COURT":"Roumanie","ISO_ETAT":"RO","ISO_CODE_NUM":"642"},{"Year":2009,"Month":"Total","Value":222388,"NOM_COURT":"Roumanie","ISO_ETAT":"RO","ISO_CODE_NUM":"642"},{"Year":2008,"Month":"Total","Value":221900,"NOM_COURT":"Roumanie","ISO_ETAT":"RO","ISO_CODE_NUM":"642"},{"Year":2007,"Month":"Total","Value":214728,"NOM_COURT":"Roumanie","ISO_ETAT":"RO","ISO_CODE_NUM":"642"},{"Year":2005,"Month":"Total","Value":221020,"NOM_COURT":"Roumanie","ISO_ETAT":"RO","ISO_CODE_NUM":"642"},{"Year":2003,"Month":"Total","Value":212459,"NOM_COURT":"Roumanie","ISO_ETAT":"RO","ISO_CODE_NUM":"642"},{"Year":2002,"Month":"Total","Value":210529,"NOM_COURT":"Roumanie","ISO_ETAT":"RO","ISO_CODE_NUM":"642"},{"Year":2001,"Month":"Total","Value":220368,"NOM_COURT":"Roumanie","ISO_ETAT":"RO","ISO_CODE_NUM":"642"},{"Year":2000,"Month":"Total","Value":234521,"NOM_COURT":"Roumanie","ISO_ETAT":"RO","ISO_CODE_NUM":"642"},{"Year":2010,"Month":"Total","Value":1788948,"NOM_COURT":"Russie","ISO_ETAT":"RU","ISO_CODE_NUM":"643"},{"Year":2009,"Month":"Total","Value":1761687,"NOM_COURT":"Russie","ISO_ETAT":"RU","ISO_CODE_NUM":"643"},{"Year":2008,"Month":"Total","Value":1713947,"NOM_COURT":"Russie","ISO_ETAT":"RU","ISO_CODE_NUM":"643"},{"Year":2007,"Month":"Total","Value":1610122,"NOM_COURT":"Russie","ISO_ETAT":"RU","ISO_CODE_NUM":"643"},{"Year":2004,"Month":"Total","Value":1502477,"NOM_COURT":"Russie","ISO_ETAT":"RU","ISO_CODE_NUM":"643"},{"Year":2001,"Month":"Total","Value":1311604,"NOM_COURT":"Russie","ISO_ETAT":"RU","ISO_CODE_NUM":"643"},{"Year":2000,"Month":"Total","Value":1266800,"NOM_COURT":"Russie","ISO_ETAT":"RU","ISO_CODE_NUM":"643"},{"Year":2002,"Month":"Total","Value":2529,"NOM_COURT":"Sainte-Lucie","ISO_ETAT":"LC","ISO_CODE_NUM":"662"},{"Year":2001,"Month":"Total","Value":2788,"NOM_COURT":"Sainte-Lucie","ISO_ETAT":"LC","ISO_CODE_NUM":"662"},{"Year":2000,"Month":"Total","Value":2904,"NOM_COURT":"Sainte-Lucie","ISO_ETAT":"LC","ISO_CODE_NUM":"662"},{"Year":2010,"Month":"Total","Value":1784,"NOM_COURT":"Saint-Vincent-et-les-Grenadines","ISO_ETAT":"VC","ISO_CODE_NUM":"670"},{"Year":2009,"Month":"Total","Value":1905,"NOM_COURT":"Saint-Vincent-et-les-Grenadines","ISO_ETAT":"VC","ISO_CODE_NUM":"670"},{"Year":2008,"Month":"Total","Value":1901,"NOM_COURT":"Saint-Vincent-et-les-Grenadines","ISO_ETAT":"VC","ISO_CODE_NUM":"670"},{"Year":2005,"Month":"Total","Value":1779,"NOM_COURT":"Saint-Vincent-et-les-Grenadines","ISO_ETAT":"VC","ISO_CODE_NUM":"670"},{"Year":2004,"Month":"Total","Value":1804,"NOM_COURT":"Saint-Vincent-et-les-Grenadines","ISO_ETAT":"VC","ISO_CODE_NUM":"670"},{"Year":2003,"Month":"Total","Value":1923,"NOM_COURT":"Saint-Vincent-et-les-Grenadines","ISO_ETAT":"VC","ISO_CODE_NUM":"670"},{"Year":2002,"Month":"Total","Value":1985,"NOM_COURT":"Saint-Vincent-et-les-Grenadines","ISO_ETAT":"VC","ISO_CODE_NUM":"670"},{"Year":2001,"Month":"Total","Value":2109,"NOM_COURT":"Saint-Vincent-et-les-Grenadines","ISO_ETAT":"VC","ISO_CODE_NUM":"670"},{"Year":2000,"Month":"Total","Value":2149,"NOM_COURT":"Saint-Vincent-et-les-Grenadines","ISO_ETAT":"VC","ISO_CODE_NUM":"670"},{"Year":2007,"Month":"Total","Value":292,"NOM_COURT":"Saint-Marin","ISO_ETAT":"SM","ISO_CODE_NUM":"674"},{"Year":2006,"Month":"Total","Value":302,"NOM_COURT":"Saint-Marin","ISO_ETAT":"SM","ISO_CODE_NUM":"674"},{"Year":2004,"Month":"Total","Value":306,"NOM_COURT":"Saint-Marin","ISO_ETAT":"SM","ISO_CODE_NUM":"674"},{"Year":2003,"Month":"Total","Value":300,"NOM_COURT":"Saint-Marin","ISO_ETAT":"SM","ISO_CODE_NUM":"674"},{"Year":2002,"Month":"Total","Value":295,"NOM_COURT":"Saint-Marin","ISO_ETAT":"SM","ISO_CODE_NUM":"674"},{"Year":2001,"Month":"Total","Value":315,"NOM_COURT":"Saint-Marin","ISO_ETAT":"SM","ISO_CODE_NUM":"674"},{"Year":2000,"Month":"Total","Value":290,"NOM_COURT":"Saint-Marin","ISO_ETAT":"SM","ISO_CODE_NUM":"674"},{"Year":2010,"Month":"Total","Value":68304,"NOM_COURT":"Serbie","ISO_ETAT":"RS","ISO_CODE_NUM":"688"},{"Year":2009,"Month":"Total","Value":70299,"NOM_COURT":"Serbie","ISO_ETAT":"RS","ISO_CODE_NUM":"688"},{"Year":2008,"Month":"Total","Value":69083,"NOM_COURT":"Serbie","ISO_ETAT":"RS","ISO_CODE_NUM":"688"},{"Year":2007,"Month":"Total","Value":68102,"NOM_COURT":"Serbie","ISO_ETAT":"RS","ISO_CODE_NUM":"688"},{"Year":2010,"Month":"Total","Value":1504,"NOM_COURT":"Seychelles","ISO_ETAT":"SC","ISO_CODE_NUM":"690"},{"Year":2009,"Month":"Total","Value":1580,"NOM_COURT":"Seychelles","ISO_ETAT":"SC","ISO_CODE_NUM":"690"},{"Year":2008,"Month":"Total","Value":1546,"NOM_COURT":"Seychelles","ISO_ETAT":"SC","ISO_CODE_NUM":"690"},{"Year":2007,"Month":"Total","Value":1499,"NOM_COURT":"Seychelles","ISO_ETAT":"SC","ISO_CODE_NUM":"690"},{"Year":2006,"Month":"Total","Value":1467,"NOM_COURT":"Seychelles","ISO_ETAT":"SC","ISO_CODE_NUM":"690"},{"Year":2005,"Month":"Total","Value":1536,"NOM_COURT":"Seychelles","ISO_ETAT":"SC","ISO_CODE_NUM":"690"},{"Year":2004,"Month":"Total","Value":1435,"NOM_COURT":"Seychelles","ISO_ETAT":"SC","ISO_CODE_NUM":"690"},{"Year":2003,"Month":"Total","Value":1498,"NOM_COURT":"Seychelles","ISO_ETAT":"SC","ISO_CODE_NUM":"690"},{"Year":2002,"Month":"Total","Value":1481,"NOM_COURT":"Seychelles","ISO_ETAT":"SC","ISO_CODE_NUM":"690"},{"Year":2001,"Month":"Total","Value":1440,"NOM_COURT":"Seychelles","ISO_ETAT":"SC","ISO_CODE_NUM":"690"},{"Year":2000,"Month":"Total","Value":1512,"NOM_COURT":"Seychelles","ISO_ETAT":"SC","ISO_CODE_NUM":"690"},{"Year":2010,"Month":"Total","Value":37967,"NOM_COURT":"Singapour","ISO_ETAT":"SG","ISO_CODE_NUM":"702"},{"Year":2009,"Month":"Total","Value":39570,"NOM_COURT":"Singapour","ISO_ETAT":"SG","ISO_CODE_NUM":"702"},{"Year":2008,"Month":"Total","Value":39826,"NOM_COURT":"Singapour","ISO_ETAT":"SG","ISO_CODE_NUM":"702"},{"Year":2007,"Month":"Total","Value":39490,"NOM_COURT":"Singapour","ISO_ETAT":"SG","ISO_CODE_NUM":"702"},{"Year":2006,"Month":"Total","Value":38317,"NOM_COURT":"Singapour","ISO_ETAT":"SG","ISO_CODE_NUM":"702"},{"Year":2005,"Month":"Total","Value":37492,"NOM_COURT":"Singapour","ISO_ETAT":"SG","ISO_CODE_NUM":"702"},{"Year":2004,"Month":"Total","Value":37174,"NOM_COURT":"Singapour","ISO_ETAT":"SG","ISO_CODE_NUM":"702"},{"Year":2004,"Month":"Total","Value":37292,"NOM_COURT":"Singapour","ISO_ETAT":"SG","ISO_CODE_NUM":"702"},{"Year":2003,"Month":"Total","Value":37485,"NOM_COURT":"Singapour","ISO_ETAT":"SG","ISO_CODE_NUM":"702"},{"Year":2003,"Month":"Total","Value":37633,"NOM_COURT":"Singapour","ISO_ETAT":"SG","ISO_CODE_NUM":"702"},{"Year":2002,"Month":"Total","Value":40760,"NOM_COURT":"Singapour","ISO_ETAT":"SG","ISO_CODE_NUM":"702"},{"Year":2001,"Month":"Total","Value":41451,"NOM_COURT":"Singapour","ISO_ETAT":"SG","ISO_CODE_NUM":"702"},{"Year":2000,"Month":"Total","Value":46997,"NOM_COURT":"Singapour","ISO_ETAT":"SG","ISO_CODE_NUM":"702"},{"Year":2010,"Month":"Total","Value":60410,"NOM_COURT":"Slovaquie","ISO_ETAT":"SK","ISO_CODE_NUM":"703"},{"Year":2009,"Month":"Total","Value":61217,"NOM_COURT":"Slovaquie","ISO_ETAT":"SK","ISO_CODE_NUM":"703"},{"Year":2008,"Month":"Total","Value":57360,"NOM_COURT":"Slovaquie","ISO_ETAT":"SK","ISO_CODE_NUM":"703"},{"Year":2007,"Month":"Total","Value":54424,"NOM_COURT":"Slovaquie","ISO_ETAT":"SK","ISO_CODE_NUM":"703"},{"Year":2005,"Month":"Total","Value":54430,"NOM_COURT":"Slovaquie","ISO_ETAT":"SK","ISO_CODE_NUM":"703"},{"Year":2004,"Month":"Total","Value":53747,"NOM_COURT":"Slovaquie","ISO_ETAT":"SK","ISO_CODE_NUM":"703"},{"Year":2002,"Month":"Total","Value":50841,"NOM_COURT":"Slovaquie","ISO_ETAT":"SK","ISO_CODE_NUM":"703"},{"Year":2001,"Month":"Total","Value":51136,"NOM_COURT":"Slovaquie","ISO_ETAT":"SK","ISO_CODE_NUM":"703"},{"Year":2000,"Month":"Total","Value":55151,"NOM_COURT":"Slovaquie","ISO_ETAT":"SK","ISO_CODE_NUM":"703"},{"Year":2010,"Month":"Total","Value":22343,"NOM_COURT":"Slov\u00e9nie","ISO_ETAT":"SI","ISO_CODE_NUM":"705"},{"Year":2009,"Month":"Total","Value":21856,"NOM_COURT":"Slov\u00e9nie","ISO_ETAT":"SI","ISO_CODE_NUM":"705"},{"Year":2008,"Month":"Total","Value":21817,"NOM_COURT":"Slov\u00e9nie","ISO_ETAT":"SI","ISO_CODE_NUM":"705"},{"Year":2007,"Month":"Total","Value":19823,"NOM_COURT":"Slov\u00e9nie","ISO_ETAT":"SI","ISO_CODE_NUM":"705"},{"Year":2005,"Month":"Total","Value":18157,"NOM_COURT":"Slov\u00e9nie","ISO_ETAT":"SI","ISO_CODE_NUM":"705"},{"Year":2004,"Month":"Total","Value":17961,"NOM_COURT":"Slov\u00e9nie","ISO_ETAT":"SI","ISO_CODE_NUM":"705"},{"Year":2003,"Month":"Total","Value":17321,"NOM_COURT":"Slov\u00e9nie","ISO_ETAT":"SI","ISO_CODE_NUM":"705"},{"Year":2002,"Month":"Total","Value":17501,"NOM_COURT":"Slov\u00e9nie","ISO_ETAT":"SI","ISO_CODE_NUM":"705"},{"Year":2001,"Month":"Total","Value":17477,"NOM_COURT":"Slov\u00e9nie","ISO_ETAT":"SI","ISO_CODE_NUM":"705"},{"Year":2000,"Month":"Total","Value":18180,"NOM_COURT":"Slov\u00e9nie","ISO_ETAT":"SI","ISO_CODE_NUM":"705"},{"Year":2010,"Month":"Total","Value":485252,"NOM_COURT":"Espagne","ISO_ETAT":"ES","ISO_CODE_NUM":"724"},{"Year":2009,"Month":"Total","Value":493717,"NOM_COURT":"Espagne","ISO_ETAT":"ES","ISO_CODE_NUM":"724"},{"Year":2008,"Month":"Total","Value":518503,"NOM_COURT":"Espagne","ISO_ETAT":"ES","ISO_CODE_NUM":"724"},{"Year":2007,"Month":"Total","Value":491138,"NOM_COURT":"Espagne","ISO_ETAT":"ES","ISO_CODE_NUM":"724"},{"Year":2006,"Month":"Total","Value":481295,"NOM_COURT":"Espagne","ISO_ETAT":"ES","ISO_CODE_NUM":"724"},{"Year":2005,"Month":"Total","Value":464811,"NOM_COURT":"Espagne","ISO_ETAT":"ES","ISO_CODE_NUM":"724"},{"Year":2004,"Month":"Total","Value":453172,"NOM_COURT":"Espagne","ISO_ETAT":"ES","ISO_CODE_NUM":"724"},{"Year":2003,"Month":"Total","Value":440531,"NOM_COURT":"Espagne","ISO_ETAT":"ES","ISO_CODE_NUM":"724"},{"Year":2002,"Month":"Total","Value":417688,"NOM_COURT":"Espagne","ISO_ETAT":"ES","ISO_CODE_NUM":"724"},{"Year":2001,"Month":"Total","Value":405313,"NOM_COURT":"Espagne","ISO_ETAT":"ES","ISO_CODE_NUM":"724"},{"Year":2000,"Month":"Total","Value":397632,"NOM_COURT":"Espagne","ISO_ETAT":"ES","ISO_CODE_NUM":"724"},{"Year":2010,"Month":"Total","Value":364565,"NOM_COURT":"Sri Lanka","ISO_ETAT":"LK","ISO_CODE_NUM":"144"},{"Year":2009,"Month":"Total","Value":376843,"NOM_COURT":"Sri Lanka","ISO_ETAT":"LK","ISO_CODE_NUM":"144"},{"Year":2008,"Month":"Total","Value":379912,"NOM_COURT":"Sri Lanka","ISO_ETAT":"LK","ISO_CODE_NUM":"144"},{"Year":2007,"Month":"Total","Value":380069,"NOM_COURT":"Sri Lanka","ISO_ETAT":"LK","ISO_CODE_NUM":"144"},{"Year":2006,"Month":"Total","Value":373538,"NOM_COURT":"Sri Lanka","ISO_ETAT":"LK","ISO_CODE_NUM":"144"},{"Year":2005,"Month":"Total","Value":370424,"NOM_COURT":"Sri Lanka","ISO_ETAT":"LK","ISO_CODE_NUM":"144"},{"Year":2001,"Month":"Total","Value":358583,"NOM_COURT":"Sri Lanka","ISO_ETAT":"LK","ISO_CODE_NUM":"144"},{"Year":2010,"Month":"Total","Value":9712,"NOM_COURT":"Suriname","ISO_ETAT":"SR","ISO_CODE_NUM":"740"},{"Year":2009,"Month":"Total","Value":9792,"NOM_COURT":"Suriname","ISO_ETAT":"SR","ISO_CODE_NUM":"740"},{"Year":2008,"Month":"Total","Value":10097,"NOM_COURT":"Suriname","ISO_ETAT":"SR","ISO_CODE_NUM":"740"},{"Year":2007,"Month":"Total","Value":9769,"NOM_COURT":"Suriname","ISO_ETAT":"SR","ISO_CODE_NUM":"740"},{"Year":2006,"Month":"Total","Value":9311,"NOM_COURT":"Suriname","ISO_ETAT":"SR","ISO_CODE_NUM":"740"},{"Year":2005,"Month":"Total","Value":8657,"NOM_COURT":"Suriname","ISO_ETAT":"SR","ISO_CODE_NUM":"740"},{"Year":2004,"Month":"Total","Value":9062,"NOM_COURT":"Suriname","ISO_ETAT":"SR","ISO_CODE_NUM":"740"},{"Year":2003,"Month":"Total","Value":9634,"NOM_COURT":"Suriname","ISO_ETAT":"SR","ISO_CODE_NUM":"740"},{"Year":2002,"Month":"Total","Value":10188,"NOM_COURT":"Suriname","ISO_ETAT":"SR","ISO_CODE_NUM":"740"},{"Year":2001,"Month":"Total","Value":9717,"NOM_COURT":"Suriname","ISO_ETAT":"SR","ISO_CODE_NUM":"740"},{"Year":2000,"Month":"Total","Value":9804,"NOM_COURT":"Suriname","ISO_ETAT":"SR","ISO_CODE_NUM":"740"},{"Year":2010,"Month":"Total","Value":115641,"NOM_COURT":"Su\u00e8de","ISO_ETAT":"SE","ISO_CODE_NUM":"752"},{"Year":2009,"Month":"Total","Value":111801,"NOM_COURT":"Su\u00e8de","ISO_ETAT":"SE","ISO_CODE_NUM":"752"},{"Year":2008,"Month":"Total","Value":109301,"NOM_COURT":"Su\u00e8de","ISO_ETAT":"SE","ISO_CODE_NUM":"752"},{"Year":2007,"Month":"Total","Value":107421,"NOM_COURT":"Su\u00e8de","ISO_ETAT":"SE","ISO_CODE_NUM":"752"},{"Year":2005,"Month":"Total","Value":101346,"NOM_COURT":"Su\u00e8de","ISO_ETAT":"SE","ISO_CODE_NUM":"752"},{"Year":2004,"Month":"Total","Value":100928,"NOM_COURT":"Su\u00e8de","ISO_ETAT":"SE","ISO_CODE_NUM":"752"},{"Year":2002,"Month":"Total","Value":95815,"NOM_COURT":"Su\u00e8de","ISO_ETAT":"SE","ISO_CODE_NUM":"752"},{"Year":2001,"Month":"Total","Value":91466,"NOM_COURT":"Su\u00e8de","ISO_ETAT":"SE","ISO_CODE_NUM":"752"},{"Year":2000,"Month":"Total","Value":90441,"NOM_COURT":"Su\u00e8de","ISO_ETAT":"SE","ISO_CODE_NUM":"752"},{"Year":2010,"Month":"Total","Value":80290,"NOM_COURT":"Suisse","ISO_ETAT":"CH","ISO_CODE_NUM":"756"},{"Year":2009,"Month":"Total","Value":78286,"NOM_COURT":"Suisse","ISO_ETAT":"CH","ISO_CODE_NUM":"756"},{"Year":2008,"Month":"Total","Value":76691,"NOM_COURT":"Suisse","ISO_ETAT":"CH","ISO_CODE_NUM":"756"},{"Year":2007,"Month":"Total","Value":74494,"NOM_COURT":"Suisse","ISO_ETAT":"CH","ISO_CODE_NUM":"756"},{"Year":2005,"Month":"Total","Value":72903,"NOM_COURT":"Suisse","ISO_ETAT":"CH","ISO_CODE_NUM":"756"},{"Year":2004,"Month":"Total","Value":73082,"NOM_COURT":"Suisse","ISO_ETAT":"CH","ISO_CODE_NUM":"756"},{"Year":2002,"Month":"Total","Value":72372,"NOM_COURT":"Suisse","ISO_ETAT":"CH","ISO_CODE_NUM":"756"},{"Year":2001,"Month":"Total","Value":73509,"NOM_COURT":"Suisse","ISO_ETAT":"CH","ISO_CODE_NUM":"756"},{"Year":2000,"Month":"Total","Value":78458,"NOM_COURT":"Suisse","ISO_ETAT":"CH","ISO_CODE_NUM":"756"},{"Year":2003,"Month":"Total","Value":2781,"NOM_COURT":"Tonga","ISO_ETAT":"TO","ISO_CODE_NUM":"776"},{"Year":2002,"Month":"Total","Value":2662,"NOM_COURT":"Tonga","ISO_ETAT":"TO","ISO_CODE_NUM":"776"},{"Year":2000,"Month":"Total","Value":2471,"NOM_COURT":"Tonga","ISO_ETAT":"TO","ISO_CODE_NUM":"776"},{"Year":2009,"Month":"Total","Value":17949,"NOM_COURT":"Trinit\u00e9-et-Tobago","ISO_ETAT":"TT","ISO_CODE_NUM":"780"},{"Year":2006,"Month":"Total","Value":18090,"NOM_COURT":"Trinit\u00e9-et-Tobago","ISO_ETAT":"TT","ISO_CODE_NUM":"780"},{"Year":2005,"Month":"Total","Value":17264,"NOM_COURT":"Trinit\u00e9-et-Tobago","ISO_ETAT":"TT","ISO_CODE_NUM":"780"},{"Year":2004,"Month":"Total","Value":17235,"NOM_COURT":"Trinit\u00e9-et-Tobago","ISO_ETAT":"TT","ISO_CODE_NUM":"780"},{"Year":2002,"Month":"Total","Value":16990,"NOM_COURT":"Trinit\u00e9-et-Tobago","ISO_ETAT":"TT","ISO_CODE_NUM":"780"},{"Year":2010,"Month":"Total","Value":196039,"NOM_COURT":"Tunisie","ISO_ETAT":"TN","ISO_CODE_NUM":"788"},{"Year":2009,"Month":"Total","Value":184282,"NOM_COURT":"Tunisie","ISO_ETAT":"TN","ISO_CODE_NUM":"788"},{"Year":2007,"Month":"Total","Value":177503,"NOM_COURT":"Tunisie","ISO_ETAT":"TN","ISO_CODE_NUM":"788"},{"Year":2006,"Month":"Total","Value":173390,"NOM_COURT":"Tunisie","ISO_ETAT":"TN","ISO_CODE_NUM":"788"},{"Year":2005,"Month":"Total","Value":170999,"NOM_COURT":"Tunisie","ISO_ETAT":"TN","ISO_CODE_NUM":"788"},{"Year":2004,"Month":"Total","Value":166551,"NOM_COURT":"Tunisie","ISO_ETAT":"TN","ISO_CODE_NUM":"788"},{"Year":2003,"Month":"Total","Value":168022,"NOM_COURT":"Tunisie","ISO_ETAT":"TN","ISO_CODE_NUM":"788"},{"Year":2002,"Month":"Total","Value":163011,"NOM_COURT":"Tunisie","ISO_ETAT":"TN","ISO_CODE_NUM":"788"},{"Year":2001,"Month":"Total","Value":163919,"NOM_COURT":"Tunisie","ISO_ETAT":"TN","ISO_CODE_NUM":"788"},{"Year":2010,"Month":"Total","Value":1253309,"NOM_COURT":"Turquie","ISO_ETAT":"TR","ISO_CODE_NUM":"792"},{"Year":2009,"Month":"Total","Value":1261299,"NOM_COURT":"Turquie","ISO_ETAT":"TR","ISO_CODE_NUM":"792"},{"Year":2008,"Month":"Total","Value":1292839,"NOM_COURT":"Turquie","ISO_ETAT":"TR","ISO_CODE_NUM":"792"},{"Year":2007,"Month":"Total","Value":1287784,"NOM_COURT":"Turquie","ISO_ETAT":"TR","ISO_CODE_NUM":"792"},{"Year":2006,"Month":"Total","Value":1254157,"NOM_COURT":"Turquie","ISO_ETAT":"TR","ISO_CODE_NUM":"792"},{"Year":2005,"Month":"Total","Value":1243513,"NOM_COURT":"Turquie","ISO_ETAT":"TR","ISO_CODE_NUM":"792"},{"Year":2004,"Month":"Total","Value":1222242,"NOM_COURT":"Turquie","ISO_ETAT":"TR","ISO_CODE_NUM":"792"},{"Year":2003,"Month":"Total","Value":1198763,"NOM_COURT":"Turquie","ISO_ETAT":"TR","ISO_CODE_NUM":"792"},{"Year":2002,"Month":"Total","Value":1229417,"NOM_COURT":"Turquie","ISO_ETAT":"TR","ISO_CODE_NUM":"792"},{"Year":2001,"Month":"Total","Value":1323195,"NOM_COURT":"Turquie","ISO_ETAT":"TR","ISO_CODE_NUM":"792"},{"Year":2005,"Month":"Total","Value":318,"NOM_COURT":"\u00celes Turks-et-Ca\u00efcos","ISO_ETAT":"GB","ISO_CODE_NUM":"796"},{"Year":2004,"Month":"Total","Value":300,"NOM_COURT":"\u00celes Turks-et-Ca\u00efcos","ISO_ETAT":"GB","ISO_CODE_NUM":"796"},{"Year":2003,"Month":"Total","Value":213,"NOM_COURT":"\u00celes Turks-et-Ca\u00efcos","ISO_ETAT":"GB","ISO_CODE_NUM":"796"},{"Year":2002,"Month":"Total","Value":153,"NOM_COURT":"\u00celes Turks-et-Ca\u00efcos","ISO_ETAT":"GB","ISO_CODE_NUM":"796"},{"Year":2001,"Month":"Total","Value":271,"NOM_COURT":"\u00celes Turks-et-Ca\u00efcos","ISO_ETAT":"GB","ISO_CODE_NUM":"796"},{"Year":2000,"Month":"Total","Value":290,"NOM_COURT":"\u00celes Turks-et-Ca\u00efcos","ISO_ETAT":"GB","ISO_CODE_NUM":"796"},{"Year":2010,"Month":"Total","Value":497689,"NOM_COURT":"Ukraine","ISO_ETAT":"UA","ISO_CODE_NUM":"804"},{"Year":2009,"Month":"Total","Value":512526,"NOM_COURT":"Ukraine","ISO_ETAT":"UA","ISO_CODE_NUM":"804"},{"Year":2008,"Month":"Total","Value":510589,"NOM_COURT":"Ukraine","ISO_ETAT":"UA","ISO_CODE_NUM":"804"},{"Year":2007,"Month":"Total","Value":472657,"NOM_COURT":"Ukraine","ISO_ETAT":"UA","ISO_CODE_NUM":"804"},{"Year":2005,"Month":"Total","Value":426085,"NOM_COURT":"Ukraine","ISO_ETAT":"UA","ISO_CODE_NUM":"804"},{"Year":2004,"Month":"Total","Value":427259,"NOM_COURT":"Ukraine","ISO_ETAT":"UA","ISO_CODE_NUM":"804"},{"Year":2003,"Month":"Total","Value":408589,"NOM_COURT":"Ukraine","ISO_ETAT":"UA","ISO_CODE_NUM":"804"},{"Year":2001,"Month":"Total","Value":376478,"NOM_COURT":"Ukraine","ISO_ETAT":"UA","ISO_CODE_NUM":"804"},{"Year":2008,"Month":"Total","Value":794383,"NOM_COURT":"Royaume-Uni","ISO_ETAT":"GB","ISO_CODE_NUM":"826"},{"Year":2004,"Month":"Total","Value":715996,"NOM_COURT":"Royaume-Uni","ISO_ETAT":"GB","ISO_CODE_NUM":"826"},{"Year":2003,"Month":"Total","Value":695549,"NOM_COURT":"Royaume-Uni","ISO_ETAT":"GB","ISO_CODE_NUM":"826"},{"Year":2002,"Month":"Total","Value":668777,"NOM_COURT":"Royaume-Uni","ISO_ETAT":"GB","ISO_CODE_NUM":"826"},{"Year":2001,"Month":"Total","Value":669123,"NOM_COURT":"Royaume-Uni","ISO_ETAT":"GB","ISO_CODE_NUM":"826"},{"Year":2000,"Month":"Total","Value":679029,"NOM_COURT":"Royaume-Uni","ISO_ETAT":"GB","ISO_CODE_NUM":"826"},{"Year":2009,"Month":"Total","Value":4130665,"NOM_COURT":"\u00c9tats-Unis","ISO_ETAT":"US","ISO_CODE_NUM":"840"},{"Year":2008,"Month":"Total","Value":4247694,"NOM_COURT":"\u00c9tats-Unis","ISO_ETAT":"US","ISO_CODE_NUM":"840"},{"Year":2006,"Month":"Total","Value":4265555,"NOM_COURT":"\u00c9tats-Unis","ISO_ETAT":"US","ISO_CODE_NUM":"840"},{"Year":2005,"Month":"Total","Value":4138349,"NOM_COURT":"\u00c9tats-Unis","ISO_ETAT":"US","ISO_CODE_NUM":"840"},{"Year":2004,"Month":"Total","Value":4121000,"NOM_COURT":"\u00c9tats-Unis","ISO_ETAT":"US","ISO_CODE_NUM":"840"},{"Year":2003,"Month":"Total","Value":4089950,"NOM_COURT":"\u00c9tats-Unis","ISO_ETAT":"US","ISO_CODE_NUM":"840"},{"Year":2002,"Month":"Total","Value":4021726,"NOM_COURT":"\u00c9tats-Unis","ISO_ETAT":"US","ISO_CODE_NUM":"840"},{"Year":2001,"Month":"Total","Value":4025933,"NOM_COURT":"\u00c9tats-Unis","ISO_ETAT":"US","ISO_CODE_NUM":"840"},{"Year":2000,"Month":"Total","Value":4058814,"NOM_COURT":"\u00c9tats-Unis","ISO_ETAT":"US","ISO_CODE_NUM":"840"},{"Year":2007,"Month":"Total","Value":1771,"NOM_COURT":"\u00celes Vierges des \u00c9tats-Unis","ISO_ETAT":"US","ISO_CODE_NUM":"850"},{"Year":2006,"Month":"Total","Value":1763,"NOM_COURT":"\u00celes Vierges des \u00c9tats-Unis","ISO_ETAT":"US","ISO_CODE_NUM":"850"},{"Year":2000,"Month":"Total","Value":52770,"NOM_COURT":"Uruguay","ISO_ETAT":"UY","ISO_CODE_NUM":"858"},{"Year":2001,"Month":"Total","Value":512950,"NOM_COURT":"Ouzb\u00e9kistan","ISO_ETAT":"UZ","ISO_CODE_NUM":"860"},{"Year":2000,"Month":"Total","Value":527580,"NOM_COURT":"Ouzb\u00e9kistan","ISO_ETAT":"UZ","ISO_CODE_NUM":"860"},{"Year":2007,"Month":"Total","Value":615371,"NOM_COURT":"V\u00e9n\u00e9zu\u00e9la","ISO_ETAT":"VE","ISO_CODE_NUM":"862"},{"Year":2006,"Month":"Total","Value":646225,"NOM_COURT":"V\u00e9n\u00e9zu\u00e9la","ISO_ETAT":"VE","ISO_CODE_NUM":"862"},{"Year":2005,"Month":"Total","Value":665997,"NOM_COURT":"V\u00e9n\u00e9zu\u00e9la","ISO_ETAT":"VE","ISO_CODE_NUM":"862"},{"Year":2002,"Month":"Total","Value":486670,"NOM_COURT":"V\u00e9n\u00e9zu\u00e9la","ISO_ETAT":"VE","ISO_CODE_NUM":"862"},{"Year":2001,"Month":"Total","Value":529552,"NOM_COURT":"V\u00e9n\u00e9zu\u00e9la","ISO_ETAT":"VE","ISO_CODE_NUM":"862"},{"Year":2000,"Month":"Total","Value":544416,"NOM_COURT":"V\u00e9n\u00e9zu\u00e9la","ISO_ETAT":"VE","ISO_CODE_NUM":"862"}]