[{"sexe":"F","departement":"01","annee_naissance":2006,"nombre_naissances":1109,"nom_departement":"Ain","region_associee":"Auvergne-Rh\u00f4ne-Alpes"},{"sexe":"M","departement":"01","annee_naissance":2006,"nombre_naissances":1513,"nom_departement":"Ain","region_associee":"Auvergne-Rh\u00f4ne-Alpes"},{"sexe":"F","departement":"02","annee_naissance":2006,"nombre_naissances":1791,"nom_departement":"Aisne","region_associee":"Hauts-de-France"},{"sexe":"M","departement":"02","annee_naissance":2006,"nombre_naissances":2583,"nom_departement":"Aisne","region_associee":"Hauts-de-France"},{"sexe":"F","departement":"03","annee_naissance":2006,"nombre_naissances":1082,"nom_departement":"Allier","region_associee":"Auvergne-Rh\u00f4ne-Alpes"},{"sexe":"M","departement":"03","annee_naissance":2006,"nombre_naissances":1502,"nom_departement":"Allier","region_associee":"Auvergne-Rh\u00f4ne-Alpes"},{"sexe":"F","departement":"04","annee_naissance":2006,"nombre_naissances":183,"nom_departement":"Alpes-de-Haute-Provence","region_associee":"Provence-Alpes-C\u00f4te d'Azur"},{"sexe":"M","departement":"04","annee_naissance":2006,"nombre_naissances":330,"nom_departement":"Alpes-de-Haute-Provence","region_associee":"Provence-Alpes-C\u00f4te d'Azur"},{"sexe":"F","departement":"05","annee_naissance":2006,"nombre_naissances":301,"nom_departement":"Hautes-Alpes","region_associee":"Provence-Alpes-C\u00f4te d'Azur"},{"sexe":"M","departement":"05","annee_naissance":2006,"nombre_naissances":466,"nom_departement":"Hautes-Alpes","region_associee":"Provence-Alpes-C\u00f4te d'Azur"},{"sexe":"M","departement":"06","annee_naissance":2006,"nombre_naissances":4806,"nom_departement":"Alpes-Maritimes","region_associee":"Provence-Alpes-C\u00f4te d'Azur"},{"sexe":"F","departement":"06","annee_naissance":2006,"nombre_naissances":3649,"nom_departement":"Alpes-Maritimes","region_associee":"Provence-Alpes-C\u00f4te d'Azur"},{"sexe":"F","departement":"07","annee_naissance":2006,"nombre_naissances":1075,"nom_departement":"Ard\u00e8che","region_associee":"Auvergne-Rh\u00f4ne-Alpes"},{"sexe":"M","departement":"07","annee_naissance":2006,"nombre_naissances":1419,"nom_departement":"Ard\u00e8che","region_associee":"Auvergne-Rh\u00f4ne-Alpes"},{"sexe":"M","departement":"08","annee_naissance":2006,"nombre_naissances":1006,"nom_departement":"Ardennes","region_associee":"Grand-Est"},{"sexe":"F","departement":"08","annee_naissance":2006,"nombre_naissances":698,"nom_departement":"Ardennes","region_associee":"Grand-Est"},{"sexe":"M","departement":"09","annee_naissance":2006,"nombre_naissances":376,"nom_departement":"Ari\u00e8ge","region_associee":"Occitanie"},{"sexe":"F","departement":"09","annee_naissance":2006,"nombre_naissances":259,"nom_departement":"Ari\u00e8ge","region_associee":"Occitanie"},{"sexe":"M","departement":"10","annee_naissance":2006,"nombre_naissances":1268,"nom_departement":"Aube","region_associee":"Grand-Est"},{"sexe":"F","departement":"10","annee_naissance":2006,"nombre_naissances":800,"nom_departement":"Aube","region_associee":"Grand-Est"},{"sexe":"M","departement":"11","annee_naissance":2006,"nombre_naissances":1266,"nom_departement":"Aude","region_associee":"Occitanie"},{"sexe":"F","departement":"11","annee_naissance":2006,"nombre_naissances":893,"nom_departement":"Aude","region_associee":"Occitanie"},{"sexe":"M","departement":"12","annee_naissance":2006,"nombre_naissances":1014,"nom_departement":"Aveyron","region_associee":"Occitanie"},{"sexe":"F","departement":"12","annee_naissance":2006,"nombre_naissances":734,"nom_departement":"Aveyron","region_associee":"Occitanie"},{"sexe":"M","departement":"13","annee_naissance":2006,"nombre_naissances":10953,"nom_departement":"Bouches-du-Rh\u00f4ne","region_associee":"Provence-Alpes-C\u00f4te d'Azur"},{"sexe":"F","departement":"13","annee_naissance":2006,"nombre_naissances":8511,"nom_departement":"Bouches-du-Rh\u00f4ne","region_associee":"Provence-Alpes-C\u00f4te d'Azur"},{"sexe":"M","departement":"14","annee_naissance":2006,"nombre_naissances":3904,"nom_departement":"Calvados","region_associee":"Normandie"},{"sexe":"F","departement":"14","annee_naissance":2006,"nombre_naissances":2988,"nom_departement":"Calvados","region_associee":"Normandie"},{"sexe":"F","departement":"15","annee_naissance":2006,"nombre_naissances":400,"nom_departement":"Cantal","region_associee":"Auvergne-Rh\u00f4ne-Alpes"},{"sexe":"M","departement":"15","annee_naissance":2006,"nombre_naissances":504,"nom_departement":"Cantal","region_associee":"Auvergne-Rh\u00f4ne-Alpes"},{"sexe":"F","departement":"16","annee_naissance":2006,"nombre_naissances":899,"nom_departement":"Charente","region_associee":"Nouvelle-Aquitaine"},{"sexe":"M","departement":"16","annee_naissance":2006,"nombre_naissances":1324,"nom_departement":"Charente","region_associee":"Nouvelle-Aquitaine"},{"sexe":"F","departement":"17","annee_naissance":2006,"nombre_naissances":1649,"nom_departement":"Charente-Maritime","region_associee":"Nouvelle-Aquitaine"},{"sexe":"M","departement":"17","annee_naissance":2006,"nombre_naissances":2250,"nom_departement":"Charente-Maritime","region_associee":"Nouvelle-Aquitaine"},{"sexe":"M","departement":"18","annee_naissance":2006,"nombre_naissances":933,"nom_departement":"Cher","region_associee":"Centre-Val de Loire"},{"sexe":"F","departement":"18","annee_naissance":2006,"nombre_naissances":661,"nom_departement":"Cher","region_associee":"Centre-Val de Loire"},{"sexe":"F","departement":"19","annee_naissance":2006,"nombre_naissances":669,"nom_departement":"Corr\u00e8ze","region_associee":"Nouvelle-Aquitaine"},{"sexe":"M","departement":"19","annee_naissance":2006,"nombre_naissances":995,"nom_departement":"Corr\u00e8ze","region_associee":"Nouvelle-Aquitaine"},{"sexe":"F","departement":"21","annee_naissance":2006,"nombre_naissances":1858,"nom_departement":"C\u00f4te-d'or","region_associee":"Bourgogne-Franche-Comt\u00e9"},{"sexe":"M","departement":"21","annee_naissance":2006,"nombre_naissances":2729,"nom_departement":"C\u00f4te-d'or","region_associee":"Bourgogne-Franche-Comt\u00e9"},{"sexe":"M","departement":"22","annee_naissance":2006,"nombre_naissances":2603,"nom_departement":"C\u00f4tes-d'armor","region_associee":"Bretagne"},{"sexe":"F","departement":"22","annee_naissance":2006,"nombre_naissances":1945,"nom_departement":"C\u00f4tes-d'armor","region_associee":"Bretagne"},{"sexe":"F","departement":"23","annee_naissance":2006,"nombre_naissances":78,"nom_departement":"Creuse","region_associee":"Nouvelle-Aquitaine"},{"sexe":"M","departement":"23","annee_naissance":2006,"nombre_naissances":134,"nom_departement":"Creuse","region_associee":"Nouvelle-Aquitaine"},{"sexe":"F","departement":"24","annee_naissance":2006,"nombre_naissances":799,"nom_departement":"Dordogne","region_associee":"Nouvelle-Aquitaine"},{"sexe":"M","departement":"24","annee_naissance":2006,"nombre_naissances":1228,"nom_departement":"Dordogne","region_associee":"Nouvelle-Aquitaine"},{"sexe":"M","departement":"25","annee_naissance":2006,"nombre_naissances":3205,"nom_departement":"Doubs","region_associee":"Bourgogne-Franche-Comt\u00e9"},{"sexe":"F","departement":"25","annee_naissance":2006,"nombre_naissances":2456,"nom_departement":"Doubs","region_associee":"Bourgogne-Franche-Comt\u00e9"},{"sexe":"M","departement":"26","annee_naissance":2006,"nombre_naissances":1744,"nom_departement":"Dr\u00f4me","region_associee":"Auvergne-Rh\u00f4ne-Alpes"},{"sexe":"F","departement":"26","annee_naissance":2006,"nombre_naissances":1327,"nom_departement":"Dr\u00f4me","region_associee":"Auvergne-Rh\u00f4ne-Alpes"},{"sexe":"F","departement":"27","annee_naissance":2006,"nombre_naissances":1071,"nom_departement":"Eure","region_associee":"Normandie"},{"sexe":"M","departement":"27","annee_naissance":2006,"nombre_naissances":1504,"nom_departement":"Eure","region_associee":"Normandie"},{"sexe":"F","departement":"28","annee_naissance":2006,"nombre_naissances":1357,"nom_departement":"Eure-et-Loir","region_associee":"Centre-Val de Loire"},{"sexe":"M","departement":"28","annee_naissance":2006,"nombre_naissances":1938,"nom_departement":"Eure-et-Loir","region_associee":"Centre-Val de Loire"},{"sexe":"M","departement":"29","annee_naissance":2006,"nombre_naissances":4328,"nom_departement":"Finist\u00e8re","region_associee":"Bretagne"},{"sexe":"F","departement":"29","annee_naissance":2006,"nombre_naissances":3228,"nom_departement":"Finist\u00e8re","region_associee":"Bretagne"},{"sexe":"F","departement":"30","annee_naissance":2006,"nombre_naissances":2094,"nom_departement":"Gard","region_associee":"Occitanie"},{"sexe":"M","departement":"30","annee_naissance":2006,"nombre_naissances":2914,"nom_departement":"Gard","region_associee":"Occitanie"},{"sexe":"M","departement":"31","annee_naissance":2006,"nombre_naissances":6794,"nom_departement":"Haute-Garonne","region_associee":"Occitanie"},{"sexe":"F","departement":"31","annee_naissance":2006,"nombre_naissances":5135,"nom_departement":"Haute-Garonne","region_associee":"Occitanie"},{"sexe":"M","departement":"32","annee_naissance":2006,"nombre_naissances":287,"nom_departement":"Gers","region_associee":"Occitanie"},{"sexe":"F","departement":"32","annee_naissance":2006,"nombre_naissances":160,"nom_departement":"Gers","region_associee":"Occitanie"},{"sexe":"M","departement":"33","annee_naissance":2006,"nombre_naissances":7338,"nom_departement":"Gironde","region_associee":"Nouvelle-Aquitaine"},{"sexe":"F","departement":"33","annee_naissance":2006,"nombre_naissances":5669,"nom_departement":"Gironde","region_associee":"Nouvelle-Aquitaine"},{"sexe":"F","departement":"34","annee_naissance":2006,"nombre_naissances":4114,"nom_departement":"H\u00e9rault","region_associee":"Occitanie"},{"sexe":"M","departement":"34","annee_naissance":2006,"nombre_naissances":5345,"nom_departement":"H\u00e9rault","region_associee":"Occitanie"},{"sexe":"M","departement":"35","annee_naissance":2006,"nombre_naissances":5756,"nom_departement":"Ille-et-Vilaine","region_associee":"Bretagne"},{"sexe":"F","departement":"35","annee_naissance":2006,"nombre_naissances":4378,"nom_departement":"Ille-et-Vilaine","region_associee":"Bretagne"},{"sexe":"M","departement":"36","annee_naissance":2006,"nombre_naissances":724,"nom_departement":"Indre","region_associee":"Centre-Val de Loire"},{"sexe":"F","departement":"36","annee_naissance":2006,"nombre_naissances":484,"nom_departement":"Indre","region_associee":"Centre-Val de Loire"},{"sexe":"M","departement":"37","annee_naissance":2006,"nombre_naissances":2745,"nom_departement":"Indre-et-Loire","region_associee":"Centre-Val de Loire"},{"sexe":"F","departement":"37","annee_naissance":2006,"nombre_naissances":1952,"nom_departement":"Indre-et-Loire","region_associee":"Centre-Val de Loire"},{"sexe":"F","departement":"38","annee_naissance":2006,"nombre_naissances":4498,"nom_departement":"Is\u00e8re","region_associee":"Auvergne-Rh\u00f4ne-Alpes"},{"sexe":"M","departement":"38","annee_naissance":2006,"nombre_naissances":5979,"nom_departement":"Is\u00e8re","region_associee":"Auvergne-Rh\u00f4ne-Alpes"},{"sexe":"F","departement":"39","annee_naissance":2006,"nombre_naissances":676,"nom_departement":"Jura","region_associee":"Bourgogne-Franche-Comt\u00e9"},{"sexe":"M","departement":"39","annee_naissance":2006,"nombre_naissances":914,"nom_departement":"Jura","region_associee":"Bourgogne-Franche-Comt\u00e9"},{"sexe":"F","departement":"40","annee_naissance":2006,"nombre_naissances":713,"nom_departement":"Landes","region_associee":"Nouvelle-Aquitaine"},{"sexe":"M","departement":"40","annee_naissance":2006,"nombre_naissances":944,"nom_departement":"Landes","region_associee":"Nouvelle-Aquitaine"},{"sexe":"M","departement":"41","annee_naissance":2006,"nombre_naissances":1330,"nom_departement":"Loir-et-Cher","region_associee":"Centre-Val de Loire"},{"sexe":"F","departement":"41","annee_naissance":2006,"nombre_naissances":938,"nom_departement":"Loir-et-Cher","region_associee":"Centre-Val de Loire"},{"sexe":"F","departement":"42","annee_naissance":2006,"nombre_naissances":3187,"nom_departement":"Loire","region_associee":"Auvergne-Rh\u00f4ne-Alpes"},{"sexe":"M","departement":"42","annee_naissance":2006,"nombre_naissances":4113,"nom_departement":"Loire","region_associee":"Auvergne-Rh\u00f4ne-Alpes"},{"sexe":"M","departement":"43","annee_naissance":2006,"nombre_naissances":340,"nom_departement":"Haute-Loire","region_associee":"Auvergne-Rh\u00f4ne-Alpes"},{"sexe":"F","departement":"43","annee_naissance":2006,"nombre_naissances":322,"nom_departement":"Haute-Loire","region_associee":"Auvergne-Rh\u00f4ne-Alpes"},{"sexe":"F","departement":"44","annee_naissance":2006,"nombre_naissances":5682,"nom_departement":"Loire-Atlantique","region_associee":"Pays de la Loire"},{"sexe":"M","departement":"44","annee_naissance":2006,"nombre_naissances":7475,"nom_departement":"Loire-Atlantique","region_associee":"Pays de la Loire"},{"sexe":"M","departement":"45","annee_naissance":2006,"nombre_naissances":3162,"nom_departement":"Loiret","region_associee":"Centre-Val de Loire"},{"sexe":"F","departement":"45","annee_naissance":2006,"nombre_naissances":2365,"nom_departement":"Loiret","region_associee":"Centre-Val de Loire"},{"sexe":"M","departement":"46","annee_naissance":2006,"nombre_naissances":332,"nom_departement":"Lot","region_associee":"Occitanie"},{"sexe":"F","departement":"46","annee_naissance":2006,"nombre_naissances":234,"nom_departement":"Lot","region_associee":"Occitanie"},{"sexe":"M","departement":"47","annee_naissance":2006,"nombre_naissances":1397,"nom_departement":"Lot-et-Garonne","region_associee":"Nouvelle-Aquitaine"},{"sexe":"F","departement":"47","annee_naissance":2006,"nombre_naissances":953,"nom_departement":"Lot-et-Garonne","region_associee":"Nouvelle-Aquitaine"},{"sexe":"M","departement":"48","annee_naissance":2006,"nombre_naissances":103,"nom_departement":"Loz\u00e8re","region_associee":"Occitanie"},{"sexe":"F","departement":"48","annee_naissance":2006,"nombre_naissances":86,"nom_departement":"Loz\u00e8re","region_associee":"Occitanie"},{"sexe":"M","departement":"49","annee_naissance":2006,"nombre_naissances":4766,"nom_departement":"Maine-et-Loire","region_associee":"Pays de la Loire"},{"sexe":"F","departement":"49","annee_naissance":2006,"nombre_naissances":3673,"nom_departement":"Maine-et-Loire","region_associee":"Pays de la Loire"},{"sexe":"F","departement":"50","annee_naissance":2006,"nombre_naissances":1549,"nom_departement":"Manche","region_associee":"Normandie"},{"sexe":"M","departement":"50","annee_naissance":2006,"nombre_naissances":2152,"nom_departement":"Manche","region_associee":"Normandie"},{"sexe":"M","departement":"51","annee_naissance":2006,"nombre_naissances":3247,"nom_departement":"Marne","region_associee":"Grand-Est"},{"sexe":"F","departement":"51","annee_naissance":2006,"nombre_naissances":2335,"nom_departement":"Marne","region_associee":"Grand-Est"},{"sexe":"M","departement":"52","annee_naissance":2006,"nombre_naissances":617,"nom_departement":"Haute-Marne","region_associee":"Grand-Est"},{"sexe":"F","departement":"52","annee_naissance":2006,"nombre_naissances":496,"nom_departement":"Haute-Marne","region_associee":"Grand-Est"},{"sexe":"F","departement":"53","annee_naissance":2006,"nombre_naissances":1042,"nom_departement":"Mayenne","region_associee":"Pays de la Loire"},{"sexe":"M","departement":"53","annee_naissance":2006,"nombre_naissances":1443,"nom_departement":"Mayenne","region_associee":"Pays de la Loire"},{"sexe":"F","departement":"54","annee_naissance":2006,"nombre_naissances":2859,"nom_departement":"Meurthe-et-Moselle","region_associee":"Grand-Est"},{"sexe":"M","departement":"54","annee_naissance":2006,"nombre_naissances":3781,"nom_departement":"Meurthe-et-Moselle","region_associee":"Grand-Est"},{"sexe":"F","departement":"55","annee_naissance":2006,"nombre_naissances":404,"nom_departement":"Meuse","region_associee":"Grand-Est"},{"sexe":"M","departement":"55","annee_naissance":2006,"nombre_naissances":570,"nom_departement":"Meuse","region_associee":"Grand-Est"},{"sexe":"F","departement":"56","annee_naissance":2006,"nombre_naissances":2475,"nom_departement":"Morbihan","region_associee":"Bretagne"},{"sexe":"M","departement":"56","annee_naissance":2006,"nombre_naissances":3347,"nom_departement":"Morbihan","region_associee":"Bretagne"},{"sexe":"F","departement":"57","annee_naissance":2006,"nombre_naissances":3609,"nom_departement":"Moselle","region_associee":"Grand-Est"},{"sexe":"M","departement":"57","annee_naissance":2006,"nombre_naissances":4890,"nom_departement":"Moselle","region_associee":"Grand-Est"},{"sexe":"F","departement":"58","annee_naissance":2006,"nombre_naissances":569,"nom_departement":"Ni\u00e8vre","region_associee":"Bourgogne-Franche-Comt\u00e9"},{"sexe":"M","departement":"58","annee_naissance":2006,"nombre_naissances":767,"nom_departement":"Ni\u00e8vre","region_associee":"Bourgogne-Franche-Comt\u00e9"},{"sexe":"F","departement":"59","annee_naissance":2006,"nombre_naissances":13702,"nom_departement":"Nord","region_associee":"Nord-Pas-de-Calais-Picardie"},{"sexe":"M","departement":"59","annee_naissance":2006,"nombre_naissances":17796,"nom_departement":"Nord","region_associee":"Nord-Pas-de-Calais-Picardie"},{"sexe":"F","departement":"60","annee_naissance":2006,"nombre_naissances":2792,"nom_departement":"Oise","region_associee":"Nord-Pas-de-Calais-Picardie"},{"sexe":"M","departement":"60","annee_naissance":2006,"nombre_naissances":3866,"nom_departement":"Oise","region_associee":"Nord-Pas-de-Calais-Picardie"},{"sexe":"F","departement":"61","annee_naissance":2006,"nombre_naissances":918,"nom_departement":"Orne","region_associee":"Normandie"},{"sexe":"M","departement":"61","annee_naissance":2006,"nombre_naissances":1322,"nom_departement":"Orne","region_associee":"Normandie"},{"sexe":"F","departement":"62","annee_naissance":2006,"nombre_naissances":6010,"nom_departement":"Pas-de-Calais","region_associee":"Nord-Pas-de-Calais-Picardie"},{"sexe":"M","departement":"62","annee_naissance":2006,"nombre_naissances":8131,"nom_departement":"Pas-de-Calais","region_associee":"Nord-Pas-de-Calais-Picardie"},{"sexe":"M","departement":"63","annee_naissance":2006,"nombre_naissances":2831,"nom_departement":"Puy-de-D\u00f4me","region_associee":"Auvergne-Rh\u00f4ne-Alpes"},{"sexe":"F","departement":"63","annee_naissance":2006,"nombre_naissances":2163,"nom_departement":"Puy-de-D\u00f4me","region_associee":"Auvergne-Rh\u00f4ne-Alpes"},{"sexe":"F","departement":"64","annee_naissance":2006,"nombre_naissances":2379,"nom_departement":"Pyr\u00e9n\u00e9es-Atlantiques","region_associee":"Nouvelle-Aquitaine"},{"sexe":"M","departement":"64","annee_naissance":2006,"nombre_naissances":3196,"nom_departement":"Pyr\u00e9n\u00e9es-Atlantiques","region_associee":"Nouvelle-Aquitaine"},{"sexe":"M","departement":"65","annee_naissance":2006,"nombre_naissances":812,"nom_departement":"Hautes-Pyr\u00e9n\u00e9es","region_associee":"Occitanie"},{"sexe":"F","departement":"65","annee_naissance":2006,"nombre_naissances":549,"nom_departement":"Hautes-Pyr\u00e9n\u00e9es","region_associee":"Occitanie"},{"sexe":"F","departement":"66","annee_naissance":2006,"nombre_naissances":1346,"nom_departement":"Pyr\u00e9n\u00e9es-Orientales","region_associee":"Occitanie"},{"sexe":"M","departement":"66","annee_naissance":2006,"nombre_naissances":1790,"nom_departement":"Pyr\u00e9n\u00e9es-Orientales","region_associee":"Occitanie"},{"sexe":"M","departement":"67","annee_naissance":2006,"nombre_naissances":5678,"nom_departement":"Bas-Rhin","region_associee":"Grand-Est"},{"sexe":"F","departement":"67","annee_naissance":2006,"nombre_naissances":4135,"nom_departement":"Bas-Rhin","region_associee":"Grand-Est"},{"sexe":"M","departement":"68","annee_naissance":2006,"nombre_naissances":3629,"nom_departement":"Haut-Rhin","region_associee":"Grand-Est"},{"sexe":"F","departement":"68","annee_naissance":2006,"nombre_naissances":2601,"nom_departement":"Haut-Rhin","region_associee":"Grand-Est"},{"sexe":"M","departement":"69","annee_naissance":2006,"nombre_naissances":11614,"nom_departement":"Rh\u00f4ne","region_associee":"Auvergne-Rh\u00f4ne-Alpes"},{"sexe":"F","departement":"69","annee_naissance":2006,"nombre_naissances":9030,"nom_departement":"Rh\u00f4ne","region_associee":"Auvergne-Rh\u00f4ne-Alpes"},{"sexe":"F","departement":"70","annee_naissance":2006,"nombre_naissances":281,"nom_departement":"Haute-Sa\u00f4ne","region_associee":"Bourgogne-Franche-Comt\u00e9"},{"sexe":"M","departement":"70","annee_naissance":2006,"nombre_naissances":481,"nom_departement":"Haute-Sa\u00f4ne","region_associee":"Bourgogne-Franche-Comt\u00e9"},{"sexe":"F","departement":"71","annee_naissance":2006,"nombre_naissances":1656,"nom_departement":"Sa\u00f4ne-et-Loire","region_associee":"Bourgogne-Franche-Comt\u00e9"},{"sexe":"M","departement":"71","annee_naissance":2006,"nombre_naissances":2354,"nom_departement":"Sa\u00f4ne-et-Loire","region_associee":"Bourgogne-Franche-Comt\u00e9"},{"sexe":"F","departement":"72","annee_naissance":2006,"nombre_naissances":1989,"nom_departement":"Sarthe","region_associee":"Pays de la Loire"},{"sexe":"M","departement":"72","annee_naissance":2006,"nombre_naissances":2739,"nom_departement":"Sarthe","region_associee":"Pays de la Loire"},{"sexe":"M","departement":"73","annee_naissance":2006,"nombre_naissances":1875,"nom_departement":"Savoie","region_associee":"Auvergne-Rh\u00f4ne-Alpes"},{"sexe":"F","departement":"73","annee_naissance":2006,"nombre_naissances":1292,"nom_departement":"Savoie","region_associee":"Auvergne-Rh\u00f4ne-Alpes"},{"sexe":"F","departement":"74","annee_naissance":2006,"nombre_naissances":2921,"nom_departement":"Haute-Savoie","region_associee":"Auvergne-Rh\u00f4ne-Alpes"},{"sexe":"M","departement":"74","annee_naissance":2006,"nombre_naissances":3964,"nom_departement":"Haute-Savoie","region_associee":"Auvergne-Rh\u00f4ne-Alpes"},{"sexe":"M","departement":"75","annee_naissance":2006,"nombre_naissances":17814,"nom_departement":"Paris","region_associee":"Ile-de-France"},{"sexe":"F","departement":"75","annee_naissance":2006,"nombre_naissances":13927,"nom_departement":"Paris","region_associee":"Ile-de-France"},{"sexe":"F","departement":"76","annee_naissance":2006,"nombre_naissances":5833,"nom_departement":"Seine-Maritime","region_associee":"Normandie"},{"sexe":"M","departement":"76","annee_naissance":2006,"nombre_naissances":7865,"nom_departement":"Seine-Maritime","region_associee":"Normandie"},{"sexe":"M","departement":"77","annee_naissance":2006,"nombre_naissances":6003,"nom_departement":"Seine-et-Marne","region_associee":"Ile-de-France"},{"sexe":"F","departement":"77","annee_naissance":2006,"nombre_naissances":4516,"nom_departement":"Seine-et-Marne","region_associee":"Ile-de-France"},{"sexe":"F","departement":"78","annee_naissance":2006,"nombre_naissances":5684,"nom_departement":"Yvelines","region_associee":"Ile-de-France"},{"sexe":"M","departement":"78","annee_naissance":2006,"nombre_naissances":7467,"nom_departement":"Yvelines","region_associee":"Ile-de-France"},{"sexe":"M","departement":"79","annee_naissance":2006,"nombre_naissances":1286,"nom_departement":"Deux-S\u00e8vres","region_associee":"Nouvelle-Aquitaine"},{"sexe":"F","departement":"79","annee_naissance":2006,"nombre_naissances":980,"nom_departement":"Deux-S\u00e8vres","region_associee":"Nouvelle-Aquitaine"},{"sexe":"M","departement":"80","annee_naissance":2006,"nombre_naissances":3037,"nom_departement":"Somme","region_associee":"Nord-Pas-de-Calais-Picardie"},{"sexe":"F","departement":"80","annee_naissance":2006,"nombre_naissances":2181,"nom_departement":"Somme","region_associee":"Nord-Pas-de-Calais-Picardie"},{"sexe":"M","departement":"81","annee_naissance":2006,"nombre_naissances":1451,"nom_departement":"Tarn","region_associee":"Occitanie"},{"sexe":"F","departement":"81","annee_naissance":2006,"nombre_naissances":956,"nom_departement":"Tarn","region_associee":"Occitanie"},{"sexe":"F","departement":"82","annee_naissance":2006,"nombre_naissances":568,"nom_departement":"Tarn-et-Garonne","region_associee":"Occitanie"},{"sexe":"M","departement":"82","annee_naissance":2006,"nombre_naissances":819,"nom_departement":"Tarn-et-Garonne","region_associee":"Occitanie"},{"sexe":"M","departement":"83","annee_naissance":2006,"nombre_naissances":4000,"nom_departement":"Var","region_associee":"Provence-Alpes-C\u00f4te d'Azur"},{"sexe":"F","departement":"83","annee_naissance":2006,"nombre_naissances":2914,"nom_departement":"Var","region_associee":"Provence-Alpes-C\u00f4te d'Azur"},{"sexe":"M","departement":"84","annee_naissance":2006,"nombre_naissances":3477,"nom_departement":"Vaucluse","region_associee":"Provence-Alpes-C\u00f4te d'Azur"},{"sexe":"F","departement":"84","annee_naissance":2006,"nombre_naissances":2525,"nom_departement":"Vaucluse","region_associee":"Provence-Alpes-C\u00f4te d'Azur"},{"sexe":"M","departement":"85","annee_naissance":2006,"nombre_naissances":2538,"nom_departement":"Vend\u00e9e","region_associee":"Pays de la Loire"},{"sexe":"F","departement":"85","annee_naissance":2006,"nombre_naissances":1862,"nom_departement":"Vend\u00e9e","region_associee":"Pays de la Loire"},{"sexe":"F","departement":"86","annee_naissance":2006,"nombre_naissances":1382,"nom_departement":"Vienne","region_associee":"Nouvelle-Aquitaine"},{"sexe":"M","departement":"86","annee_naissance":2006,"nombre_naissances":1932,"nom_departement":"Vienne","region_associee":"Nouvelle-Aquitaine"},{"sexe":"M","departement":"87","annee_naissance":2006,"nombre_naissances":1508,"nom_departement":"Haute-Vienne","region_associee":"Nouvelle-Aquitaine"},{"sexe":"F","departement":"87","annee_naissance":2006,"nombre_naissances":1127,"nom_departement":"Haute-Vienne","region_associee":"Nouvelle-Aquitaine"},{"sexe":"M","departement":"88","annee_naissance":2006,"nombre_naissances":1752,"nom_departement":"Vosges","region_associee":"Grand-Est"},{"sexe":"F","departement":"88","annee_naissance":2006,"nombre_naissances":1256,"nom_departement":"Vosges","region_associee":"Grand-Est"},{"sexe":"M","departement":"89","annee_naissance":2006,"nombre_naissances":1190,"nom_departement":"Yonne","region_associee":"Bourgogne-Franche-Comt\u00e9"},{"sexe":"F","departement":"89","annee_naissance":2006,"nombre_naissances":805,"nom_departement":"Yonne","region_associee":"Bourgogne-Franche-Comt\u00e9"},{"sexe":"M","departement":"90","annee_naissance":2006,"nombre_naissances":712,"nom_departement":"Territoire de Belfort","region_associee":"Bourgogne-Franche-Comt\u00e9"},{"sexe":"F","departement":"90","annee_naissance":2006,"nombre_naissances":452,"nom_departement":"Territoire de Belfort","region_associee":"Bourgogne-Franche-Comt\u00e9"},{"sexe":"M","departement":"91","annee_naissance":2006,"nombre_naissances":6519,"nom_departement":"Essonne","region_associee":"Ile-de-France"},{"sexe":"F","departement":"91","annee_naissance":2006,"nombre_naissances":4735,"nom_departement":"Essonne","region_associee":"Ile-de-France"},{"sexe":"M","departement":"92","annee_naissance":2006,"nombre_naissances":11270,"nom_departement":"Hauts-de-Seine","region_associee":"Ile-de-France"},{"sexe":"F","departement":"92","annee_naissance":2006,"nombre_naissances":8774,"nom_departement":"Hauts-de-Seine","region_associee":"Ile-de-France"},{"sexe":"M","departement":"93","annee_naissance":2006,"nombre_naissances":9238,"nom_departement":"Seine-Saint-Denis","region_associee":"Ile-de-France"},{"sexe":"F","departement":"93","annee_naissance":2006,"nombre_naissances":7142,"nom_departement":"Seine-Saint-Denis","region_associee":"Ile-de-France"},{"sexe":"F","departement":"94","annee_naissance":2006,"nombre_naissances":6265,"nom_departement":"Val-de-Marne","region_associee":"Ile-de-France"},{"sexe":"M","departement":"94","annee_naissance":2006,"nombre_naissances":8006,"nom_departement":"Val-de-Marne","region_associee":"Ile-de-France"},{"sexe":"M","departement":"95","annee_naissance":2006,"nombre_naissances":7474,"nom_departement":"Val-d'oise","region_associee":"Ile-de-France"},{"sexe":"F","departement":"95","annee_naissance":2006,"nombre_naissances":5862,"nom_departement":"Val-d'oise","region_associee":"Ile-de-France"},{"sexe":"M","departement":"971","annee_naissance":2006,"nombre_naissances":1895,"nom_departement":"Guadeloupe","region_associee":"Guadeloupe"},{"sexe":"F","departement":"971","annee_naissance":2006,"nombre_naissances":1198,"nom_departement":"Guadeloupe","region_associee":"Guadeloupe"},{"sexe":"M","departement":"972","annee_naissance":2006,"nombre_naissances":1670,"nom_departement":"Martinique","region_associee":"Martinique"},{"sexe":"F","departement":"972","annee_naissance":2006,"nombre_naissances":894,"nom_departement":"Martinique","region_associee":"Martinique"},{"sexe":"M","departement":"973","annee_naissance":2006,"nombre_naissances":1370,"nom_departement":"Guyane","region_associee":"Guyane"},{"sexe":"F","departement":"973","annee_naissance":2006,"nombre_naissances":812,"nom_departement":"Guyane","region_associee":"Guyane"},{"sexe":"F","departement":"974","annee_naissance":2006,"nombre_naissances":4074,"nom_departement":"La R\u00e9union","region_associee":"La R\u00e9union"},{"sexe":"M","departement":"974","annee_naissance":2006,"nombre_naissances":5510,"nom_departement":"La R\u00e9union","region_associee":"La R\u00e9union"},{"sexe":"F","departement":"Tous","annee_naissance":2006,"nombre_naissances":245609,"nom_departement":"France enti\u00e8re + DROM","region_associee":"Toutes"},{"sexe":"M","departement":"Tous","annee_naissance":2006,"nombre_naissances":329278,"nom_departement":"France enti\u00e8re + DROM","region_associee":"Toutes"}]