[{"preusuel":"AALIYAH","sexe":"f","dpt":"77","annais":2005,"nombre":4},{"preusuel":"AARON","sexe":"m","dpt":"77","annais":2005,"nombre":6},{"preusuel":"ABDALLAH","sexe":"m","dpt":"77","annais":2005,"nombre":5},{"preusuel":"ABEL","sexe":"m","dpt":"77","annais":2005,"nombre":3},{"preusuel":"ABIGAEL","sexe":"f","dpt":"77","annais":2005,"nombre":4},{"preusuel":"ACHILLE","sexe":"m","dpt":"77","annais":2005,"nombre":3},{"preusuel":"ADAM","sexe":"m","dpt":"77","annais":2005,"nombre":22},{"preusuel":"ADEL","sexe":"m","dpt":"77","annais":2005,"nombre":5},{"preusuel":"ADELE","sexe":"f","dpt":"77","annais":2005,"nombre":6},{"preusuel":"ADELIA","sexe":"f","dpt":"77","annais":2005,"nombre":3},{"preusuel":"ADELINE","sexe":"f","dpt":"77","annais":2005,"nombre":5},{"preusuel":"ADEM","sexe":"m","dpt":"77","annais":2005,"nombre":5},{"preusuel":"ADRIANA","sexe":"f","dpt":"77","annais":2005,"nombre":3},{"preusuel":"ADRIEN","sexe":"m","dpt":"77","annais":2005,"nombre":28},{"preusuel":"AGATHE","sexe":"f","dpt":"77","annais":2005,"nombre":20},{"preusuel":"AICHA","sexe":"f","dpt":"77","annais":2005,"nombre":4},{"preusuel":"AISSATA","sexe":"f","dpt":"77","annais":2005,"nombre":3},{"preusuel":"ALAN","sexe":"m","dpt":"77","annais":2005,"nombre":13},{"preusuel":"ALBAN","sexe":"m","dpt":"77","annais":2005,"nombre":5},{"preusuel":"ALBANE","sexe":"f","dpt":"77","annais":2005,"nombre":4},{"preusuel":"ALEX","sexe":"m","dpt":"77","annais":2005,"nombre":10},{"preusuel":"ALEXANDRA","sexe":"f","dpt":"77","annais":2005,"nombre":8},{"preusuel":"ALEXANDRE","sexe":"m","dpt":"77","annais":2005,"nombre":88},{"preusuel":"ALEXANE","sexe":"f","dpt":"77","annais":2005,"nombre":4},{"preusuel":"ALEXIA","sexe":"f","dpt":"77","annais":2005,"nombre":22},{"preusuel":"ALEXIS","sexe":"m","dpt":"77","annais":2005,"nombre":78},{"preusuel":"ALEXY","sexe":"m","dpt":"77","annais":2005,"nombre":5},{"preusuel":"ALI","sexe":"m","dpt":"77","annais":2005,"nombre":11},{"preusuel":"ALIA","sexe":"f","dpt":"77","annais":2005,"nombre":5},{"preusuel":"ALICE","sexe":"f","dpt":"77","annais":2005,"nombre":32},{"preusuel":"ALICIA","sexe":"f","dpt":"77","annais":2005,"nombre":55},{"preusuel":"ALICYA","sexe":"f","dpt":"77","annais":2005,"nombre":3},{"preusuel":"ALISON","sexe":"f","dpt":"77","annais":2005,"nombre":4},{"preusuel":"ALIX","sexe":"f","dpt":"77","annais":2005,"nombre":8},{"preusuel":"ALIYA","sexe":"f","dpt":"77","annais":2005,"nombre":3},{"preusuel":"ALIZEE","sexe":"f","dpt":"77","annais":2005,"nombre":9},{"preusuel":"ALLAN","sexe":"m","dpt":"77","annais":2005,"nombre":18},{"preusuel":"ALLYAH","sexe":"f","dpt":"77","annais":2005,"nombre":3},{"preusuel":"ALYA","sexe":"f","dpt":"77","annais":2005,"nombre":3},{"preusuel":"ALYCIA","sexe":"f","dpt":"77","annais":2005,"nombre":7},{"preusuel":"ALYSON","sexe":"f","dpt":"77","annais":2005,"nombre":4},{"preusuel":"ALYSSA","sexe":"f","dpt":"77","annais":2005,"nombre":18},{"preusuel":"ALYSSIA","sexe":"f","dpt":"77","annais":2005,"nombre":4},{"preusuel":"ALYSSON","sexe":"f","dpt":"77","annais":2005,"nombre":3},{"preusuel":"AMANDINE","sexe":"f","dpt":"77","annais":2005,"nombre":25},{"preusuel":"AMAURY","sexe":"m","dpt":"77","annais":2005,"nombre":10},{"preusuel":"AMBRE","sexe":"f","dpt":"77","annais":2005,"nombre":42},{"preusuel":"AMBROISE","sexe":"m","dpt":"77","annais":2005,"nombre":4},{"preusuel":"AMEL","sexe":"f","dpt":"77","annais":2005,"nombre":15},{"preusuel":"AMELIA","sexe":"f","dpt":"77","annais":2005,"nombre":7},{"preusuel":"AMELIE","sexe":"f","dpt":"77","annais":2005,"nombre":30},{"preusuel":"AMELINE","sexe":"f","dpt":"77","annais":2005,"nombre":3},{"preusuel":"AMIN","sexe":"m","dpt":"77","annais":2005,"nombre":4},{"preusuel":"AMINA","sexe":"f","dpt":"77","annais":2005,"nombre":9},{"preusuel":"AMINATA","sexe":"f","dpt":"77","annais":2005,"nombre":7},{"preusuel":"AMINE","sexe":"m","dpt":"77","annais":2005,"nombre":12},{"preusuel":"AMIR","sexe":"m","dpt":"77","annais":2005,"nombre":3},{"preusuel":"AMIRA","sexe":"f","dpt":"77","annais":2005,"nombre":3},{"preusuel":"ANAEL","sexe":"f","dpt":"77","annais":2005,"nombre":5},{"preusuel":"ANAELLE","sexe":"f","dpt":"77","annais":2005,"nombre":16},{"preusuel":"ANAIS","sexe":"f","dpt":"77","annais":2005,"nombre":59},{"preusuel":"ANAS","sexe":"m","dpt":"77","annais":2005,"nombre":6},{"preusuel":"ANATOLE","sexe":"m","dpt":"77","annais":2005,"nombre":4},{"preusuel":"ANDRE","sexe":"m","dpt":"77","annais":2005,"nombre":3},{"preusuel":"ANDREA","sexe":"f","dpt":"77","annais":2005,"nombre":17},{"preusuel":"ANDREA","sexe":"m","dpt":"77","annais":2005,"nombre":5},{"preusuel":"ANDY","sexe":"m","dpt":"77","annais":2005,"nombre":8},{"preusuel":"ANGEL","sexe":"m","dpt":"77","annais":2005,"nombre":9},{"preusuel":"ANGELE","sexe":"f","dpt":"77","annais":2005,"nombre":5},{"preusuel":"ANGELINA","sexe":"f","dpt":"77","annais":2005,"nombre":14},{"preusuel":"ANGELINE","sexe":"f","dpt":"77","annais":2005,"nombre":5},{"preusuel":"ANGELIQUE","sexe":"f","dpt":"77","annais":2005,"nombre":8},{"preusuel":"ANIS","sexe":"m","dpt":"77","annais":2005,"nombre":6},{"preusuel":"ANISSA","sexe":"f","dpt":"77","annais":2005,"nombre":7},{"preusuel":"ANNA","sexe":"f","dpt":"77","annais":2005,"nombre":13},{"preusuel":"ANNABELLE","sexe":"f","dpt":"77","annais":2005,"nombre":3},{"preusuel":"ANNAELLE","sexe":"f","dpt":"77","annais":2005,"nombre":6},{"preusuel":"ANNE","sexe":"f","dpt":"77","annais":2005,"nombre":4},{"preusuel":"ANTHONY","sexe":"m","dpt":"77","annais":2005,"nombre":45},{"preusuel":"ANTOINE","sexe":"m","dpt":"77","annais":2005,"nombre":71},{"preusuel":"ANTON","sexe":"m","dpt":"77","annais":2005,"nombre":4},{"preusuel":"ANTONIN","sexe":"m","dpt":"77","annais":2005,"nombre":25},{"preusuel":"ANTONY","sexe":"m","dpt":"77","annais":2005,"nombre":10},{"preusuel":"APOLLINE","sexe":"f","dpt":"77","annais":2005,"nombre":6},{"preusuel":"ARMAND","sexe":"m","dpt":"77","annais":2005,"nombre":7},{"preusuel":"ARNAUD","sexe":"m","dpt":"77","annais":2005,"nombre":7},{"preusuel":"ARTHUR","sexe":"m","dpt":"77","annais":2005,"nombre":33},{"preusuel":"ASHLEY","sexe":"f","dpt":"77","annais":2005,"nombre":3},{"preusuel":"ASMA","sexe":"f","dpt":"77","annais":2005,"nombre":3},{"preusuel":"ASMAA","sexe":"f","dpt":"77","annais":2005,"nombre":3},{"preusuel":"ASSA","sexe":"f","dpt":"77","annais":2005,"nombre":3},{"preusuel":"ASSIA","sexe":"f","dpt":"77","annais":2005,"nombre":11},{"preusuel":"ASTRID","sexe":"f","dpt":"77","annais":2005,"nombre":7},{"preusuel":"ATHENAIS","sexe":"f","dpt":"77","annais":2005,"nombre":3},{"preusuel":"AUBIN","sexe":"m","dpt":"77","annais":2005,"nombre":3},{"preusuel":"AUDREY","sexe":"f","dpt":"77","annais":2005,"nombre":14},{"preusuel":"AUGUSTIN","sexe":"m","dpt":"77","annais":2005,"nombre":4},{"preusuel":"AURELIE","sexe":"f","dpt":"77","annais":2005,"nombre":9},{"preusuel":"AURELIEN","sexe":"m","dpt":"77","annais":2005,"nombre":20},{"preusuel":"AURIANE","sexe":"f","dpt":"77","annais":2005,"nombre":3},{"preusuel":"AURORE","sexe":"f","dpt":"77","annais":2005,"nombre":11},{"preusuel":"AWA","sexe":"f","dpt":"77","annais":2005,"nombre":3},{"preusuel":"AXEL","sexe":"m","dpt":"77","annais":2005,"nombre":51},{"preusuel":"AXELLE","sexe":"f","dpt":"77","annais":2005,"nombre":11},{"preusuel":"AYA","sexe":"f","dpt":"77","annais":2005,"nombre":8},{"preusuel":"AYMAN","sexe":"m","dpt":"77","annais":2005,"nombre":3},{"preusuel":"AYMEN","sexe":"m","dpt":"77","annais":2005,"nombre":4},{"preusuel":"AYMERIC","sexe":"m","dpt":"77","annais":2005,"nombre":15},{"preusuel":"AYOUB","sexe":"m","dpt":"77","annais":2005,"nombre":6},{"preusuel":"AYRTON","sexe":"m","dpt":"77","annais":2005,"nombre":3},{"preusuel":"BAKARY","sexe":"m","dpt":"77","annais":2005,"nombre":3},{"preusuel":"BANDIOUGOU","sexe":"m","dpt":"77","annais":2005,"nombre":4},{"preusuel":"BAPTISTE","sexe":"m","dpt":"77","annais":2005,"nombre":63},{"preusuel":"BASTIAN","sexe":"m","dpt":"77","annais":2005,"nombre":3},{"preusuel":"BASTIEN","sexe":"m","dpt":"77","annais":2005,"nombre":28},{"preusuel":"BATISTE","sexe":"m","dpt":"77","annais":2005,"nombre":3},{"preusuel":"BEATRICE","sexe":"f","dpt":"77","annais":2005,"nombre":4},{"preusuel":"BENEDICTE","sexe":"f","dpt":"77","annais":2005,"nombre":5},{"preusuel":"BENJAMIN","sexe":"m","dpt":"77","annais":2005,"nombre":44},{"preusuel":"BENOIT","sexe":"m","dpt":"77","annais":2005,"nombre":9},{"preusuel":"BERTILLE","sexe":"f","dpt":"77","annais":2005,"nombre":3},{"preusuel":"BILAL","sexe":"m","dpt":"77","annais":2005,"nombre":10},{"preusuel":"BILEL","sexe":"m","dpt":"77","annais":2005,"nombre":5},{"preusuel":"BILLAL","sexe":"m","dpt":"77","annais":2005,"nombre":5},{"preusuel":"BINTOU","sexe":"f","dpt":"77","annais":2005,"nombre":3},{"preusuel":"BLANDINE","sexe":"f","dpt":"77","annais":2005,"nombre":3},{"preusuel":"BRADLEY","sexe":"m","dpt":"77","annais":2005,"nombre":4},{"preusuel":"BRANDON","sexe":"m","dpt":"77","annais":2005,"nombre":6},{"preusuel":"BRAYAN","sexe":"m","dpt":"77","annais":2005,"nombre":6},{"preusuel":"BREWEN","sexe":"m","dpt":"77","annais":2005,"nombre":4},{"preusuel":"BRIAN","sexe":"m","dpt":"77","annais":2005,"nombre":5},{"preusuel":"BRICE","sexe":"m","dpt":"77","annais":2005,"nombre":4},{"preusuel":"BRYAN","sexe":"m","dpt":"77","annais":2005,"nombre":24},{"preusuel":"CALVIN","sexe":"m","dpt":"77","annais":2005,"nombre":5},{"preusuel":"CAMELIA","sexe":"f","dpt":"77","annais":2005,"nombre":6},{"preusuel":"CAMERON","sexe":"m","dpt":"77","annais":2005,"nombre":6},{"preusuel":"CAMILLE","sexe":"f","dpt":"77","annais":2005,"nombre":109},{"preusuel":"CAMILLE","sexe":"m","dpt":"77","annais":2005,"nombre":9},{"preusuel":"CANDICE","sexe":"f","dpt":"77","annais":2005,"nombre":16},{"preusuel":"CANNELLE","sexe":"f","dpt":"77","annais":2005,"nombre":3},{"preusuel":"CAPUCINE","sexe":"f","dpt":"77","annais":2005,"nombre":16},{"preusuel":"CARLA","sexe":"f","dpt":"77","annais":2005,"nombre":27},{"preusuel":"CAROLANE","sexe":"f","dpt":"77","annais":2005,"nombre":4},{"preusuel":"CAROLINE","sexe":"f","dpt":"77","annais":2005,"nombre":6},{"preusuel":"CASSANDRA","sexe":"f","dpt":"77","annais":2005,"nombre":23},{"preusuel":"CASSANDRE","sexe":"f","dpt":"77","annais":2005,"nombre":10},{"preusuel":"CASSIE","sexe":"f","dpt":"77","annais":2005,"nombre":3},{"preusuel":"CATHY","sexe":"f","dpt":"77","annais":2005,"nombre":4},{"preusuel":"CECILE","sexe":"f","dpt":"77","annais":2005,"nombre":4},{"preusuel":"CECILIA","sexe":"f","dpt":"77","annais":2005,"nombre":6},{"preusuel":"CEDRIC","sexe":"m","dpt":"77","annais":2005,"nombre":9},{"preusuel":"CELIA","sexe":"f","dpt":"77","annais":2005,"nombre":47},{"preusuel":"CELIAN","sexe":"m","dpt":"77","annais":2005,"nombre":5},{"preusuel":"CELINE","sexe":"f","dpt":"77","annais":2005,"nombre":9},{"preusuel":"CELYA","sexe":"f","dpt":"77","annais":2005,"nombre":3},{"preusuel":"CESAR","sexe":"m","dpt":"77","annais":2005,"nombre":3},{"preusuel":"CHAIMA","sexe":"f","dpt":"77","annais":2005,"nombre":14},{"preusuel":"CHARLENE","sexe":"f","dpt":"77","annais":2005,"nombre":7},{"preusuel":"CHARLES","sexe":"m","dpt":"77","annais":2005,"nombre":7},{"preusuel":"CHARLINE","sexe":"f","dpt":"77","annais":2005,"nombre":11},{"preusuel":"CHARLOTTE","sexe":"f","dpt":"77","annais":2005,"nombre":30},{"preusuel":"CHARLY","sexe":"m","dpt":"77","annais":2005,"nombre":7},{"preusuel":"CHEYENNE","sexe":"f","dpt":"77","annais":2005,"nombre":4},{"preusuel":"CHIARA","sexe":"f","dpt":"77","annais":2005,"nombre":9},{"preusuel":"CHIRINE","sexe":"f","dpt":"77","annais":2005,"nombre":3},{"preusuel":"CHLOE","sexe":"f","dpt":"77","annais":2005,"nombre":116},{"preusuel":"CHRIS","sexe":"m","dpt":"77","annais":2005,"nombre":3},{"preusuel":"CHRISTOPHE","sexe":"m","dpt":"77","annais":2005,"nombre":5},{"preusuel":"CHRISTOPHER","sexe":"m","dpt":"77","annais":2005,"nombre":5},{"preusuel":"CIHAN","sexe":"m","dpt":"77","annais":2005,"nombre":3},{"preusuel":"CINDY","sexe":"f","dpt":"77","annais":2005,"nombre":4},{"preusuel":"CLAIRE","sexe":"f","dpt":"77","annais":2005,"nombre":12},{"preusuel":"CLARA","sexe":"f","dpt":"77","annais":2005,"nombre":114},{"preusuel":"CLARENCE","sexe":"m","dpt":"77","annais":2005,"nombre":4},{"preusuel":"CLARISSE","sexe":"f","dpt":"77","annais":2005,"nombre":13},{"preusuel":"CLEA","sexe":"f","dpt":"77","annais":2005,"nombre":11},{"preusuel":"CLELIA","sexe":"f","dpt":"77","annais":2005,"nombre":5},{"preusuel":"CLEMENCE","sexe":"f","dpt":"77","annais":2005,"nombre":27},{"preusuel":"CLEMENT","sexe":"m","dpt":"77","annais":2005,"nombre":94},{"preusuel":"CLEMENTINE","sexe":"f","dpt":"77","annais":2005,"nombre":8},{"preusuel":"CLEO","sexe":"f","dpt":"77","annais":2005,"nombre":9},{"preusuel":"CLERY","sexe":"m","dpt":"77","annais":2005,"nombre":3},{"preusuel":"CLOE","sexe":"f","dpt":"77","annais":2005,"nombre":13},{"preusuel":"CLOVIS","sexe":"m","dpt":"77","annais":2005,"nombre":3},{"preusuel":"COLEEN","sexe":"f","dpt":"77","annais":2005,"nombre":3},{"preusuel":"COLIN","sexe":"m","dpt":"77","annais":2005,"nombre":4},{"preusuel":"COLINE","sexe":"f","dpt":"77","annais":2005,"nombre":13},{"preusuel":"COLLEEN","sexe":"f","dpt":"77","annais":2005,"nombre":5},{"preusuel":"COME","sexe":"m","dpt":"77","annais":2005,"nombre":7},{"preusuel":"CONSTANCE","sexe":"f","dpt":"77","annais":2005,"nombre":11},{"preusuel":"CORALIE","sexe":"f","dpt":"77","annais":2005,"nombre":13},{"preusuel":"CORALINE","sexe":"f","dpt":"77","annais":2005,"nombre":4},{"preusuel":"CORENTIN","sexe":"m","dpt":"77","annais":2005,"nombre":36},{"preusuel":"COUMBA","sexe":"f","dpt":"77","annais":2005,"nombre":5},{"preusuel":"CURTIS","sexe":"m","dpt":"77","annais":2005,"nombre":3},{"preusuel":"CYNTHIA","sexe":"f","dpt":"77","annais":2005,"nombre":7},{"preusuel":"CYPRIEN","sexe":"m","dpt":"77","annais":2005,"nombre":5},{"preusuel":"CYRIELLE","sexe":"f","dpt":"77","annais":2005,"nombre":4},{"preusuel":"CYRIL","sexe":"m","dpt":"77","annais":2005,"nombre":6},{"preusuel":"DAMIEN","sexe":"m","dpt":"77","annais":2005,"nombre":23},{"preusuel":"DANIA","sexe":"f","dpt":"77","annais":2005,"nombre":3},{"preusuel":"DANIEL","sexe":"m","dpt":"77","annais":2005,"nombre":6},{"preusuel":"DANY","sexe":"m","dpt":"77","annais":2005,"nombre":5},{"preusuel":"DAPHNE","sexe":"f","dpt":"77","annais":2005,"nombre":5},{"preusuel":"DAVID","sexe":"m","dpt":"77","annais":2005,"nombre":19},{"preusuel":"DEBORAH","sexe":"f","dpt":"77","annais":2005,"nombre":7},{"preusuel":"DELPHINE","sexe":"f","dpt":"77","annais":2005,"nombre":3},{"preusuel":"DENIS","sexe":"m","dpt":"77","annais":2005,"nombre":4},{"preusuel":"DIANE","sexe":"f","dpt":"77","annais":2005,"nombre":5},{"preusuel":"DIEGO","sexe":"m","dpt":"77","annais":2005,"nombre":12},{"preusuel":"DIMITRI","sexe":"m","dpt":"77","annais":2005,"nombre":8},{"preusuel":"DIVINE","sexe":"f","dpt":"77","annais":2005,"nombre":3},{"preusuel":"DJIBRIL","sexe":"m","dpt":"77","annais":2005,"nombre":3},{"preusuel":"DONOVAN","sexe":"m","dpt":"77","annais":2005,"nombre":3},{"preusuel":"DOREEN","sexe":"f","dpt":"77","annais":2005,"nombre":3},{"preusuel":"DORIAN","sexe":"m","dpt":"77","annais":2005,"nombre":32},{"preusuel":"DORIANE","sexe":"f","dpt":"77","annais":2005,"nombre":6},{"preusuel":"DORYAN","sexe":"m","dpt":"77","annais":2005,"nombre":3},{"preusuel":"DOUNIA","sexe":"f","dpt":"77","annais":2005,"nombre":4},{"preusuel":"DYLAN","sexe":"m","dpt":"77","annais":2005,"nombre":33},{"preusuel":"EDDY","sexe":"m","dpt":"77","annais":2005,"nombre":4},{"preusuel":"EDEN","sexe":"f","dpt":"77","annais":2005,"nombre":6},{"preusuel":"EDOUARD","sexe":"m","dpt":"77","annais":2005,"nombre":3},{"preusuel":"EDWIN","sexe":"m","dpt":"77","annais":2005,"nombre":4},{"preusuel":"EL","sexe":"m","dpt":"77","annais":2005,"nombre":4},{"preusuel":"ELEA","sexe":"f","dpt":"77","annais":2005,"nombre":11},{"preusuel":"ELENA","sexe":"f","dpt":"77","annais":2005,"nombre":15},{"preusuel":"ELEONORE","sexe":"f","dpt":"77","annais":2005,"nombre":6},{"preusuel":"ELIA","sexe":"f","dpt":"77","annais":2005,"nombre":3},{"preusuel":"ELINA","sexe":"f","dpt":"77","annais":2005,"nombre":7},{"preusuel":"ELINE","sexe":"f","dpt":"77","annais":2005,"nombre":5},{"preusuel":"ELIOT","sexe":"m","dpt":"77","annais":2005,"nombre":9},{"preusuel":"ELIOTT","sexe":"m","dpt":"77","annais":2005,"nombre":12},{"preusuel":"ELISA","sexe":"f","dpt":"77","annais":2005,"nombre":28},{"preusuel":"ELISABETH","sexe":"f","dpt":"77","annais":2005,"nombre":4},{"preusuel":"ELISE","sexe":"f","dpt":"77","annais":2005,"nombre":30},{"preusuel":"ELLA","sexe":"f","dpt":"77","annais":2005,"nombre":3},{"preusuel":"ELLIOT","sexe":"m","dpt":"77","annais":2005,"nombre":9},{"preusuel":"ELOANE","sexe":"f","dpt":"77","annais":2005,"nombre":3},{"preusuel":"ELODIE","sexe":"f","dpt":"77","annais":2005,"nombre":14},{"preusuel":"ELOISE","sexe":"f","dpt":"77","annais":2005,"nombre":17},{"preusuel":"ELONA","sexe":"f","dpt":"77","annais":2005,"nombre":6},{"preusuel":"ELORA","sexe":"f","dpt":"77","annais":2005,"nombre":3},{"preusuel":"ELOUAN","sexe":"m","dpt":"77","annais":2005,"nombre":8},{"preusuel":"ELSA","sexe":"f","dpt":"77","annais":2005,"nombre":18},{"preusuel":"ELYES","sexe":"m","dpt":"77","annais":2005,"nombre":4},{"preusuel":"ELYNE","sexe":"f","dpt":"77","annais":2005,"nombre":4},{"preusuel":"ELYSA","sexe":"f","dpt":"77","annais":2005,"nombre":3},{"preusuel":"ELYSE","sexe":"f","dpt":"77","annais":2005,"nombre":3},{"preusuel":"EMA","sexe":"f","dpt":"77","annais":2005,"nombre":8},{"preusuel":"EMELINE","sexe":"f","dpt":"77","annais":2005,"nombre":10},{"preusuel":"EMELYNE","sexe":"f","dpt":"77","annais":2005,"nombre":4},{"preusuel":"EMIE","sexe":"f","dpt":"77","annais":2005,"nombre":3},{"preusuel":"EMILIE","sexe":"f","dpt":"77","annais":2005,"nombre":40},{"preusuel":"EMILIEN","sexe":"m","dpt":"77","annais":2005,"nombre":8},{"preusuel":"EMILY","sexe":"f","dpt":"77","annais":2005,"nombre":4},{"preusuel":"EMMA","sexe":"f","dpt":"77","annais":2005,"nombre":120},{"preusuel":"EMMANUEL","sexe":"m","dpt":"77","annais":2005,"nombre":9},{"preusuel":"EMMANUELLE","sexe":"f","dpt":"77","annais":2005,"nombre":7},{"preusuel":"EMMY","sexe":"f","dpt":"77","annais":2005,"nombre":4},{"preusuel":"EMY","sexe":"f","dpt":"77","annais":2005,"nombre":6},{"preusuel":"ENOLA","sexe":"f","dpt":"77","annais":2005,"nombre":7},{"preusuel":"ENORA","sexe":"f","dpt":"77","annais":2005,"nombre":10},{"preusuel":"ENZO","sexe":"m","dpt":"77","annais":2005,"nombre":190},{"preusuel":"ERIC","sexe":"m","dpt":"77","annais":2005,"nombre":3},{"preusuel":"ERIN","sexe":"f","dpt":"77","annais":2005,"nombre":6},{"preusuel":"ERINE","sexe":"f","dpt":"77","annais":2005,"nombre":5},{"preusuel":"ERWAN","sexe":"m","dpt":"77","annais":2005,"nombre":28},{"preusuel":"ERWANN","sexe":"m","dpt":"77","annais":2005,"nombre":8},{"preusuel":"ERYNE","sexe":"f","dpt":"77","annais":2005,"nombre":5},{"preusuel":"ESTEBAN","sexe":"m","dpt":"77","annais":2005,"nombre":23},{"preusuel":"ESTELLE","sexe":"f","dpt":"77","annais":2005,"nombre":6},{"preusuel":"ETHAN","sexe":"m","dpt":"77","annais":2005,"nombre":45},{"preusuel":"ETHANN","sexe":"m","dpt":"77","annais":2005,"nombre":3},{"preusuel":"ETIENNE","sexe":"m","dpt":"77","annais":2005,"nombre":7},{"preusuel":"EULALIE","sexe":"f","dpt":"77","annais":2005,"nombre":3},{"preusuel":"EVA","sexe":"f","dpt":"77","annais":2005,"nombre":58},{"preusuel":"EVAN","sexe":"m","dpt":"77","annais":2005,"nombre":54},{"preusuel":"EVANN","sexe":"m","dpt":"77","annais":2005,"nombre":6},{"preusuel":"EVE","sexe":"f","dpt":"77","annais":2005,"nombre":6},{"preusuel":"EWAN","sexe":"m","dpt":"77","annais":2005,"nombre":16},{"preusuel":"EWEN","sexe":"m","dpt":"77","annais":2005,"nombre":3},{"preusuel":"FABIAN","sexe":"m","dpt":"77","annais":2005,"nombre":3},{"preusuel":"FABIEN","sexe":"m","dpt":"77","annais":2005,"nombre":9},{"preusuel":"FABIO","sexe":"m","dpt":"77","annais":2005,"nombre":8},{"preusuel":"FANNY","sexe":"f","dpt":"77","annais":2005,"nombre":17},{"preusuel":"FARAH","sexe":"f","dpt":"77","annais":2005,"nombre":7},{"preusuel":"FARES","sexe":"m","dpt":"77","annais":2005,"nombre":6},{"preusuel":"FATIMA","sexe":"f","dpt":"77","annais":2005,"nombre":5},{"preusuel":"FATOUMATA","sexe":"f","dpt":"77","annais":2005,"nombre":14},{"preusuel":"FAUSTINE","sexe":"f","dpt":"77","annais":2005,"nombre":5},{"preusuel":"FELIX","sexe":"m","dpt":"77","annais":2005,"nombre":4},{"preusuel":"FIONA","sexe":"f","dpt":"77","annais":2005,"nombre":6},{"preusuel":"FLAVIE","sexe":"f","dpt":"77","annais":2005,"nombre":15},{"preusuel":"FLAVIEN","sexe":"m","dpt":"77","annais":2005,"nombre":4},{"preusuel":"FLAVIO","sexe":"m","dpt":"77","annais":2005,"nombre":4},{"preusuel":"FLAVY","sexe":"f","dpt":"77","annais":2005,"nombre":3},{"preusuel":"FLORA","sexe":"f","dpt":"77","annais":2005,"nombre":8},{"preusuel":"FLORENT","sexe":"m","dpt":"77","annais":2005,"nombre":5},{"preusuel":"FLORIAN","sexe":"m","dpt":"77","annais":2005,"nombre":40},{"preusuel":"FLORIANE","sexe":"f","dpt":"77","annais":2005,"nombre":7},{"preusuel":"FLORINE","sexe":"f","dpt":"77","annais":2005,"nombre":3},{"preusuel":"FRANCOIS","sexe":"m","dpt":"77","annais":2005,"nombre":6},{"preusuel":"GABIN","sexe":"m","dpt":"77","annais":2005,"nombre":13},{"preusuel":"GABRIEL","sexe":"m","dpt":"77","annais":2005,"nombre":45},{"preusuel":"GABRIELLA","sexe":"f","dpt":"77","annais":2005,"nombre":3},{"preusuel":"GABRIELLE","sexe":"f","dpt":"77","annais":2005,"nombre":14},{"preusuel":"GAEL","sexe":"m","dpt":"77","annais":2005,"nombre":7},{"preusuel":"GAELLE","sexe":"f","dpt":"77","annais":2005,"nombre":3},{"preusuel":"GAETAN","sexe":"m","dpt":"77","annais":2005,"nombre":11},{"preusuel":"GARANCE","sexe":"f","dpt":"77","annais":2005,"nombre":12},{"preusuel":"GASPARD","sexe":"m","dpt":"77","annais":2005,"nombre":6},{"preusuel":"GAUTHIER","sexe":"m","dpt":"77","annais":2005,"nombre":10},{"preusuel":"GIANNI","sexe":"m","dpt":"77","annais":2005,"nombre":5},{"preusuel":"GINO","sexe":"m","dpt":"77","annais":2005,"nombre":4},{"preusuel":"GIOVANNI","sexe":"m","dpt":"77","annais":2005,"nombre":3},{"preusuel":"GLADYS","sexe":"f","dpt":"77","annais":2005,"nombre":5},{"preusuel":"GLORIA","sexe":"f","dpt":"77","annais":2005,"nombre":3},{"preusuel":"GRACE","sexe":"f","dpt":"77","annais":2005,"nombre":11},{"preusuel":"GREGORY","sexe":"m","dpt":"77","annais":2005,"nombre":7},{"preusuel":"GUILHEM","sexe":"m","dpt":"77","annais":2005,"nombre":4},{"preusuel":"GUILLAUME","sexe":"m","dpt":"77","annais":2005,"nombre":26},{"preusuel":"GWENAELLE","sexe":"f","dpt":"77","annais":2005,"nombre":7},{"preusuel":"GWENDOLINE","sexe":"f","dpt":"77","annais":2005,"nombre":7},{"preusuel":"HADRIEN","sexe":"m","dpt":"77","annais":2005,"nombre":6},{"preusuel":"HAMZA","sexe":"m","dpt":"77","annais":2005,"nombre":7},{"preusuel":"HANAE","sexe":"f","dpt":"77","annais":2005,"nombre":4},{"preusuel":"HEATHER","sexe":"f","dpt":"77","annais":2005,"nombre":3},{"preusuel":"HELENA","sexe":"f","dpt":"77","annais":2005,"nombre":8},{"preusuel":"HELENE","sexe":"f","dpt":"77","annais":2005,"nombre":5},{"preusuel":"HELOISE","sexe":"f","dpt":"77","annais":2005,"nombre":18},{"preusuel":"HENRI","sexe":"m","dpt":"77","annais":2005,"nombre":3},{"preusuel":"HINATEA","sexe":"f","dpt":"77","annais":2005,"nombre":3},{"preusuel":"HOUCINE","sexe":"m","dpt":"77","annais":2005,"nombre":3},{"preusuel":"HUGO","sexe":"m","dpt":"77","annais":2005,"nombre":103},{"preusuel":"IBAN","sexe":"m","dpt":"77","annais":2005,"nombre":3},{"preusuel":"IBRAHIM","sexe":"m","dpt":"77","annais":2005,"nombre":11},{"preusuel":"IDRIS","sexe":"m","dpt":"77","annais":2005,"nombre":3},{"preusuel":"IDRISS","sexe":"m","dpt":"77","annais":2005,"nombre":3},{"preusuel":"IGOR","sexe":"m","dpt":"77","annais":2005,"nombre":4},{"preusuel":"ILAN","sexe":"m","dpt":"77","annais":2005,"nombre":11},{"preusuel":"ILANA","sexe":"f","dpt":"77","annais":2005,"nombre":10},{"preusuel":"ILANN","sexe":"m","dpt":"77","annais":2005,"nombre":5},{"preusuel":"ILEANA","sexe":"f","dpt":"77","annais":2005,"nombre":3},{"preusuel":"ILHAN","sexe":"m","dpt":"77","annais":2005,"nombre":4},{"preusuel":"ILIAN","sexe":"m","dpt":"77","annais":2005,"nombre":6},{"preusuel":"ILIANA","sexe":"f","dpt":"77","annais":2005,"nombre":5},{"preusuel":"ILIES","sexe":"m","dpt":"77","annais":2005,"nombre":5},{"preusuel":"ILONA","sexe":"f","dpt":"77","annais":2005,"nombre":43},{"preusuel":"ILYAN","sexe":"m","dpt":"77","annais":2005,"nombre":3},{"preusuel":"ILYANA","sexe":"f","dpt":"77","annais":2005,"nombre":4},{"preusuel":"ILYAS","sexe":"m","dpt":"77","annais":2005,"nombre":3},{"preusuel":"ILYASS","sexe":"m","dpt":"77","annais":2005,"nombre":3},{"preusuel":"ILYES","sexe":"m","dpt":"77","annais":2005,"nombre":8},{"preusuel":"IMANE","sexe":"f","dpt":"77","annais":2005,"nombre":10},{"preusuel":"IMRAN","sexe":"m","dpt":"77","annais":2005,"nombre":3},{"preusuel":"IMRANE","sexe":"m","dpt":"77","annais":2005,"nombre":3},{"preusuel":"INES","sexe":"f","dpt":"77","annais":2005,"nombre":84},{"preusuel":"IRIS","sexe":"f","dpt":"77","annais":2005,"nombre":4},{"preusuel":"ISAAC","sexe":"m","dpt":"77","annais":2005,"nombre":4},{"preusuel":"ISAURE","sexe":"f","dpt":"77","annais":2005,"nombre":5},{"preusuel":"ISLEM","sexe":"m","dpt":"77","annais":2005,"nombre":3},{"preusuel":"ISMAEL","sexe":"m","dpt":"77","annais":2005,"nombre":8},{"preusuel":"ISMAIL","sexe":"m","dpt":"77","annais":2005,"nombre":5},{"preusuel":"JAD","sexe":"m","dpt":"77","annais":2005,"nombre":3},{"preusuel":"JADE","sexe":"f","dpt":"77","annais":2005,"nombre":67},{"preusuel":"JAMES","sexe":"m","dpt":"77","annais":2005,"nombre":3},{"preusuel":"JAROD","sexe":"m","dpt":"77","annais":2005,"nombre":6},{"preusuel":"JASMINE","sexe":"f","dpt":"77","annais":2005,"nombre":3},{"preusuel":"JASON","sexe":"m","dpt":"77","annais":2005,"nombre":9},{"preusuel":"JAWED","sexe":"m","dpt":"77","annais":2005,"nombre":3},{"preusuel":"JEAN","sexe":"m","dpt":"77","annais":2005,"nombre":4},{"preusuel":"JEAN-BAPTISTE","sexe":"m","dpt":"77","annais":2005,"nombre":5},{"preusuel":"JEANNE","sexe":"f","dpt":"77","annais":2005,"nombre":27},{"preusuel":"JENNIFER","sexe":"f","dpt":"77","annais":2005,"nombre":4},{"preusuel":"JENNYFER","sexe":"f","dpt":"77","annais":2005,"nombre":4},{"preusuel":"JEREMIE","sexe":"m","dpt":"77","annais":2005,"nombre":3},{"preusuel":"JEREMY","sexe":"m","dpt":"77","annais":2005,"nombre":16},{"preusuel":"JESSICA","sexe":"f","dpt":"77","annais":2005,"nombre":21},{"preusuel":"JESSIE","sexe":"f","dpt":"77","annais":2005,"nombre":3},{"preusuel":"JESSY","sexe":"f","dpt":"77","annais":2005,"nombre":3},{"preusuel":"JIMMY","sexe":"m","dpt":"77","annais":2005,"nombre":8},{"preusuel":"JOANA","sexe":"f","dpt":"77","annais":2005,"nombre":4},{"preusuel":"JOANNA","sexe":"f","dpt":"77","annais":2005,"nombre":5},{"preusuel":"JOANNE","sexe":"f","dpt":"77","annais":2005,"nombre":3},{"preusuel":"JOE","sexe":"m","dpt":"77","annais":2005,"nombre":7},{"preusuel":"JOHAN","sexe":"m","dpt":"77","annais":2005,"nombre":11},{"preusuel":"JOHANN","sexe":"m","dpt":"77","annais":2005,"nombre":6},{"preusuel":"JOHANNA","sexe":"f","dpt":"77","annais":2005,"nombre":3},{"preusuel":"JOLAN","sexe":"m","dpt":"77","annais":2005,"nombre":3},{"preusuel":"JONATHAN","sexe":"m","dpt":"77","annais":2005,"nombre":12},{"preusuel":"JORDAN","sexe":"m","dpt":"77","annais":2005,"nombre":31},{"preusuel":"JORIS","sexe":"m","dpt":"77","annais":2005,"nombre":7},{"preusuel":"JOSEPH","sexe":"m","dpt":"77","annais":2005,"nombre":8},{"preusuel":"JOSEPHINE","sexe":"f","dpt":"77","annais":2005,"nombre":5},{"preusuel":"JOSHUA","sexe":"m","dpt":"77","annais":2005,"nombre":4},{"preusuel":"JOY","sexe":"f","dpt":"77","annais":2005,"nombre":3},{"preusuel":"JOYCE","sexe":"f","dpt":"77","annais":2005,"nombre":3},{"preusuel":"JULES","sexe":"m","dpt":"77","annais":2005,"nombre":39},{"preusuel":"JULIA","sexe":"f","dpt":"77","annais":2005,"nombre":17},{"preusuel":"JULIAN","sexe":"m","dpt":"77","annais":2005,"nombre":8},{"preusuel":"JULIANE","sexe":"f","dpt":"77","annais":2005,"nombre":5},{"preusuel":"JULIE","sexe":"f","dpt":"77","annais":2005,"nombre":68},{"preusuel":"JULIEN","sexe":"m","dpt":"77","annais":2005,"nombre":66},{"preusuel":"JULIETTE","sexe":"f","dpt":"77","annais":2005,"nombre":31},{"preusuel":"JUSTIN","sexe":"m","dpt":"77","annais":2005,"nombre":4},{"preusuel":"JUSTINE","sexe":"f","dpt":"77","annais":2005,"nombre":38},{"preusuel":"KAIS","sexe":"m","dpt":"77","annais":2005,"nombre":5},{"preusuel":"KARIM","sexe":"m","dpt":"77","annais":2005,"nombre":5},{"preusuel":"KARL","sexe":"m","dpt":"77","annais":2005,"nombre":5},{"preusuel":"KARLA","sexe":"f","dpt":"77","annais":2005,"nombre":4},{"preusuel":"KASSANDRA","sexe":"f","dpt":"77","annais":2005,"nombre":7},{"preusuel":"KATHLEEN","sexe":"f","dpt":"77","annais":2005,"nombre":4},{"preusuel":"KAYLIAH","sexe":"f","dpt":"77","annais":2005,"nombre":3},{"preusuel":"KELIAN","sexe":"m","dpt":"77","annais":2005,"nombre":5},{"preusuel":"KELLY","sexe":"f","dpt":"77","annais":2005,"nombre":10},{"preusuel":"KELYA","sexe":"f","dpt":"77","annais":2005,"nombre":3},{"preusuel":"KELYAN","sexe":"m","dpt":"77","annais":2005,"nombre":7},{"preusuel":"KENNY","sexe":"m","dpt":"77","annais":2005,"nombre":6},{"preusuel":"KENZA","sexe":"f","dpt":"77","annais":2005,"nombre":6},{"preusuel":"KENZO","sexe":"m","dpt":"77","annais":2005,"nombre":4},{"preusuel":"KEREN","sexe":"f","dpt":"77","annais":2005,"nombre":4},{"preusuel":"KERYAN","sexe":"m","dpt":"77","annais":2005,"nombre":4},{"preusuel":"KETSIA","sexe":"f","dpt":"77","annais":2005,"nombre":5},{"preusuel":"KEVIN","sexe":"m","dpt":"77","annais":2005,"nombre":35},{"preusuel":"KEVYN","sexe":"m","dpt":"77","annais":2005,"nombre":3},{"preusuel":"KHADIJA","sexe":"f","dpt":"77","annais":2005,"nombre":5},{"preusuel":"KHALIL","sexe":"m","dpt":"77","annais":2005,"nombre":3},{"preusuel":"KILIAN","sexe":"m","dpt":"77","annais":2005,"nombre":15},{"preusuel":"KILLIAN","sexe":"m","dpt":"77","annais":2005,"nombre":44},{"preusuel":"KILYAN","sexe":"m","dpt":"77","annais":2005,"nombre":4},{"preusuel":"KILYANN","sexe":"m","dpt":"77","annais":2005,"nombre":3},{"preusuel":"KIM","sexe":"f","dpt":"77","annais":2005,"nombre":3},{"preusuel":"KIMBERLEY","sexe":"f","dpt":"77","annais":2005,"nombre":3},{"preusuel":"KLARA","sexe":"f","dpt":"77","annais":2005,"nombre":5},{"preusuel":"KYLIAN","sexe":"m","dpt":"77","annais":2005,"nombre":30},{"preusuel":"KYLIANN","sexe":"m","dpt":"77","annais":2005,"nombre":6},{"preusuel":"KYLLIAN","sexe":"m","dpt":"77","annais":2005,"nombre":15},{"preusuel":"LAETITIA","sexe":"f","dpt":"77","annais":2005,"nombre":6},{"preusuel":"LALIE","sexe":"f","dpt":"77","annais":2005,"nombre":3},{"preusuel":"LANA","sexe":"f","dpt":"77","annais":2005,"nombre":24},{"preusuel":"LANCELOT","sexe":"m","dpt":"77","annais":2005,"nombre":4},{"preusuel":"LANDRY","sexe":"m","dpt":"77","annais":2005,"nombre":4},{"preusuel":"LARA","sexe":"f","dpt":"77","annais":2005,"nombre":13},{"preusuel":"LAURA","sexe":"f","dpt":"77","annais":2005,"nombre":57},{"preusuel":"LAURE","sexe":"f","dpt":"77","annais":2005,"nombre":6},{"preusuel":"LAUREEN","sexe":"f","dpt":"77","annais":2005,"nombre":3},{"preusuel":"LAURIANE","sexe":"f","dpt":"77","annais":2005,"nombre":10},{"preusuel":"LAURINE","sexe":"f","dpt":"77","annais":2005,"nombre":15},{"preusuel":"LAURYN","sexe":"f","dpt":"77","annais":2005,"nombre":3},{"preusuel":"LAURYNE","sexe":"f","dpt":"77","annais":2005,"nombre":7},{"preusuel":"LEA","sexe":"f","dpt":"77","annais":2005,"nombre":139},{"preusuel":"LEANA","sexe":"f","dpt":"77","annais":2005,"nombre":10},{"preusuel":"LEANDRE","sexe":"m","dpt":"77","annais":2005,"nombre":7},{"preusuel":"LEANE","sexe":"f","dpt":"77","annais":2005,"nombre":26},{"preusuel":"LEILA","sexe":"f","dpt":"77","annais":2005,"nombre":7},{"preusuel":"LENA","sexe":"f","dpt":"77","annais":2005,"nombre":48},{"preusuel":"LENI","sexe":"m","dpt":"77","annais":2005,"nombre":8},{"preusuel":"LENNY","sexe":"f","dpt":"77","annais":2005,"nombre":3},{"preusuel":"LENNY","sexe":"m","dpt":"77","annais":2005,"nombre":37},{"preusuel":"LENY","sexe":"m","dpt":"77","annais":2005,"nombre":11},{"preusuel":"LEO","sexe":"m","dpt":"77","annais":2005,"nombre":73},{"preusuel":"LEONARD","sexe":"m","dpt":"77","annais":2005,"nombre":3},{"preusuel":"LEONIE","sexe":"f","dpt":"77","annais":2005,"nombre":10},{"preusuel":"LIAM","sexe":"m","dpt":"77","annais":2005,"nombre":7},{"preusuel":"LILA","sexe":"f","dpt":"77","annais":2005,"nombre":4},{"preusuel":"LILI","sexe":"f","dpt":"77","annais":2005,"nombre":5},{"preusuel":"LILIA","sexe":"f","dpt":"77","annais":2005,"nombre":4},{"preusuel":"LILIAN","sexe":"m","dpt":"77","annais":2005,"nombre":21},{"preusuel":"LILOU","sexe":"f","dpt":"77","annais":2005,"nombre":30},{"preusuel":"LILY","sexe":"f","dpt":"77","annais":2005,"nombre":4},{"preusuel":"LINA","sexe":"f","dpt":"77","annais":2005,"nombre":36},{"preusuel":"LINDA","sexe":"f","dpt":"77","annais":2005,"nombre":3},{"preusuel":"LINDSAY","sexe":"f","dpt":"77","annais":2005,"nombre":5},{"preusuel":"LISA","sexe":"f","dpt":"77","annais":2005,"nombre":55},{"preusuel":"LISE","sexe":"f","dpt":"77","annais":2005,"nombre":11},{"preusuel":"LISON","sexe":"f","dpt":"77","annais":2005,"nombre":8},{"preusuel":"LIZA","sexe":"f","dpt":"77","annais":2005,"nombre":3},{"preusuel":"LIZEA","sexe":"f","dpt":"77","annais":2005,"nombre":8},{"preusuel":"LOAN","sexe":"f","dpt":"77","annais":2005,"nombre":5},{"preusuel":"LOAN","sexe":"m","dpt":"77","annais":2005,"nombre":8},{"preusuel":"LOANE","sexe":"f","dpt":"77","annais":2005,"nombre":21},{"preusuel":"LOANN","sexe":"f","dpt":"77","annais":2005,"nombre":3},{"preusuel":"LOANNE","sexe":"f","dpt":"77","annais":2005,"nombre":7},{"preusuel":"LOGAN","sexe":"m","dpt":"77","annais":2005,"nombre":11},{"preusuel":"LOGANE","sexe":"f","dpt":"77","annais":2005,"nombre":4},{"preusuel":"LOHAN","sexe":"m","dpt":"77","annais":2005,"nombre":3},{"preusuel":"LOIC","sexe":"m","dpt":"77","annais":2005,"nombre":17},{"preusuel":"LOICK","sexe":"m","dpt":"77","annais":2005,"nombre":4},{"preusuel":"LOIS","sexe":"f","dpt":"77","annais":2005,"nombre":3},{"preusuel":"LOLA","sexe":"f","dpt":"77","annais":2005,"nombre":64},{"preusuel":"LORA","sexe":"f","dpt":"77","annais":2005,"nombre":3},{"preusuel":"LORENA","sexe":"f","dpt":"77","annais":2005,"nombre":4},{"preusuel":"LORENZO","sexe":"m","dpt":"77","annais":2005,"nombre":22},{"preusuel":"LORIANE","sexe":"f","dpt":"77","annais":2005,"nombre":5},{"preusuel":"LORIC","sexe":"m","dpt":"77","annais":2005,"nombre":3},{"preusuel":"LORIK","sexe":"m","dpt":"77","annais":2005,"nombre":4},{"preusuel":"LORIS","sexe":"m","dpt":"77","annais":2005,"nombre":11},{"preusuel":"LORNA","sexe":"f","dpt":"77","annais":2005,"nombre":7},{"preusuel":"LOU","sexe":"f","dpt":"77","annais":2005,"nombre":24},{"preusuel":"LOU","sexe":"m","dpt":"77","annais":2005,"nombre":4},{"preusuel":"LOU-ANN","sexe":"f","dpt":"77","annais":2005,"nombre":17},{"preusuel":"LOU-ANNE","sexe":"f","dpt":"77","annais":2005,"nombre":12},{"preusuel":"LOUANE","sexe":"f","dpt":"77","annais":2005,"nombre":9},{"preusuel":"LOUANN","sexe":"f","dpt":"77","annais":2005,"nombre":5},{"preusuel":"LOUANNE","sexe":"f","dpt":"77","annais":2005,"nombre":5},{"preusuel":"LOUBNA","sexe":"f","dpt":"77","annais":2005,"nombre":4},{"preusuel":"LOUIS","sexe":"m","dpt":"77","annais":2005,"nombre":51},{"preusuel":"LOUISA","sexe":"f","dpt":"77","annais":2005,"nombre":5},{"preusuel":"LOUISE","sexe":"f","dpt":"77","annais":2005,"nombre":17},{"preusuel":"LOUKA","sexe":"m","dpt":"77","annais":2005,"nombre":3},{"preusuel":"LOUNA","sexe":"f","dpt":"77","annais":2005,"nombre":21},{"preusuel":"LOUP","sexe":"m","dpt":"77","annais":2005,"nombre":3},{"preusuel":"LUBIN","sexe":"m","dpt":"77","annais":2005,"nombre":3},{"preusuel":"LUC","sexe":"m","dpt":"77","annais":2005,"nombre":3},{"preusuel":"LUCA","sexe":"m","dpt":"77","annais":2005,"nombre":5},{"preusuel":"LUCAS","sexe":"m","dpt":"77","annais":2005,"nombre":129},{"preusuel":"LUCIE","sexe":"f","dpt":"77","annais":2005,"nombre":82},{"preusuel":"LUCILE","sexe":"f","dpt":"77","annais":2005,"nombre":14},{"preusuel":"LUCY","sexe":"f","dpt":"77","annais":2005,"nombre":8},{"preusuel":"LUDIVINE","sexe":"f","dpt":"77","annais":2005,"nombre":7},{"preusuel":"LUDOVIC","sexe":"m","dpt":"77","annais":2005,"nombre":12},{"preusuel":"LUIGI","sexe":"m","dpt":"77","annais":2005,"nombre":3},{"preusuel":"LUIS","sexe":"m","dpt":"77","annais":2005,"nombre":3},{"preusuel":"LUKA","sexe":"m","dpt":"77","annais":2005,"nombre":5},{"preusuel":"LUKAS","sexe":"m","dpt":"77","annais":2005,"nombre":9},{"preusuel":"LUNA","sexe":"f","dpt":"77","annais":2005,"nombre":14},{"preusuel":"LYAM","sexe":"m","dpt":"77","annais":2005,"nombre":3},{"preusuel":"LYDIE","sexe":"f","dpt":"77","annais":2005,"nombre":5},{"preusuel":"LYLOU","sexe":"f","dpt":"77","annais":2005,"nombre":5},{"preusuel":"LYNA","sexe":"f","dpt":"77","annais":2005,"nombre":6},{"preusuel":"LYNDA","sexe":"f","dpt":"77","annais":2005,"nombre":3},{"preusuel":"LYNE","sexe":"f","dpt":"77","annais":2005,"nombre":3},{"preusuel":"LYSA","sexe":"f","dpt":"77","annais":2005,"nombre":3},{"preusuel":"MACEO","sexe":"m","dpt":"77","annais":2005,"nombre":3},{"preusuel":"MADISSON","sexe":"f","dpt":"77","annais":2005,"nombre":3},{"preusuel":"MAEL","sexe":"m","dpt":"77","annais":2005,"nombre":26},{"preusuel":"MAELIE","sexe":"f","dpt":"77","annais":2005,"nombre":4},{"preusuel":"MAELINE","sexe":"f","dpt":"77","annais":2005,"nombre":4},{"preusuel":"MAELISS","sexe":"f","dpt":"77","annais":2005,"nombre":3},{"preusuel":"MAELLE","sexe":"f","dpt":"77","annais":2005,"nombre":35},{"preusuel":"MAELLY","sexe":"f","dpt":"77","annais":2005,"nombre":3},{"preusuel":"MAELLYS","sexe":"f","dpt":"77","annais":2005,"nombre":3},{"preusuel":"MAELY","sexe":"f","dpt":"77","annais":2005,"nombre":3},{"preusuel":"MAELYS","sexe":"f","dpt":"77","annais":2005,"nombre":44},{"preusuel":"MAEVA","sexe":"f","dpt":"77","annais":2005,"nombre":46},{"preusuel":"MAIA","sexe":"f","dpt":"77","annais":2005,"nombre":4},{"preusuel":"MAILY","sexe":"f","dpt":"77","annais":2005,"nombre":4},{"preusuel":"MAILYS","sexe":"f","dpt":"77","annais":2005,"nombre":9},{"preusuel":"MAISSA","sexe":"f","dpt":"77","annais":2005,"nombre":5},{"preusuel":"MAIWENN","sexe":"f","dpt":"77","annais":2005,"nombre":4},{"preusuel":"MALCOLM","sexe":"m","dpt":"77","annais":2005,"nombre":3},{"preusuel":"MALCOM","sexe":"m","dpt":"77","annais":2005,"nombre":3},{"preusuel":"MALIK","sexe":"m","dpt":"77","annais":2005,"nombre":9},{"preusuel":"MALLORY","sexe":"f","dpt":"77","annais":2005,"nombre":3},{"preusuel":"MALO","sexe":"m","dpt":"77","annais":2005,"nombre":5},{"preusuel":"MAMADOU","sexe":"m","dpt":"77","annais":2005,"nombre":6},{"preusuel":"MANAL","sexe":"f","dpt":"77","annais":2005,"nombre":3},{"preusuel":"MANEL","sexe":"f","dpt":"77","annais":2005,"nombre":5},{"preusuel":"MANON","sexe":"f","dpt":"77","annais":2005,"nombre":120},{"preusuel":"MARC","sexe":"m","dpt":"77","annais":2005,"nombre":12},{"preusuel":"MARGAUX","sexe":"f","dpt":"77","annais":2005,"nombre":19},{"preusuel":"MARGOT","sexe":"f","dpt":"77","annais":2005,"nombre":26},{"preusuel":"MARIAM","sexe":"f","dpt":"77","annais":2005,"nombre":6},{"preusuel":"MARIE","sexe":"f","dpt":"77","annais":2005,"nombre":44},{"preusuel":"MARILOU","sexe":"f","dpt":"77","annais":2005,"nombre":6},{"preusuel":"MARIN","sexe":"m","dpt":"77","annais":2005,"nombre":3},{"preusuel":"MARINA","sexe":"f","dpt":"77","annais":2005,"nombre":17},{"preusuel":"MARINE","sexe":"f","dpt":"77","annais":2005,"nombre":18},{"preusuel":"MARION","sexe":"f","dpt":"77","annais":2005,"nombre":23},{"preusuel":"MARIUS","sexe":"m","dpt":"77","annais":2005,"nombre":12},{"preusuel":"MARLON","sexe":"m","dpt":"77","annais":2005,"nombre":4},{"preusuel":"MAROUANE","sexe":"m","dpt":"77","annais":2005,"nombre":6},{"preusuel":"MARTIN","sexe":"m","dpt":"77","annais":2005,"nombre":23},{"preusuel":"MARVIN","sexe":"m","dpt":"77","annais":2005,"nombre":9},{"preusuel":"MARVYN","sexe":"m","dpt":"77","annais":2005,"nombre":5},{"preusuel":"MARWA","sexe":"f","dpt":"77","annais":2005,"nombre":5},{"preusuel":"MARWAN","sexe":"m","dpt":"77","annais":2005,"nombre":9},{"preusuel":"MARWANE","sexe":"m","dpt":"77","annais":2005,"nombre":7},{"preusuel":"MARY","sexe":"f","dpt":"77","annais":2005,"nombre":3},{"preusuel":"MARYAM","sexe":"f","dpt":"77","annais":2005,"nombre":6},{"preusuel":"MASSILYA","sexe":"f","dpt":"77","annais":2005,"nombre":3},{"preusuel":"MATEO","sexe":"m","dpt":"77","annais":2005,"nombre":32},{"preusuel":"MATHEO","sexe":"m","dpt":"77","annais":2005,"nombre":59},{"preusuel":"MATHIAS","sexe":"m","dpt":"77","annais":2005,"nombre":23},{"preusuel":"MATHIEU","sexe":"m","dpt":"77","annais":2005,"nombre":35},{"preusuel":"MATHILDA","sexe":"f","dpt":"77","annais":2005,"nombre":5},{"preusuel":"MATHILDE","sexe":"f","dpt":"77","annais":2005,"nombre":51},{"preusuel":"MATHIS","sexe":"m","dpt":"77","annais":2005,"nombre":128},{"preusuel":"MATHYS","sexe":"m","dpt":"77","annais":2005,"nombre":26},{"preusuel":"MATIAS","sexe":"m","dpt":"77","annais":2005,"nombre":4},{"preusuel":"MATIS","sexe":"m","dpt":"77","annais":2005,"nombre":14},{"preusuel":"MATISSE","sexe":"m","dpt":"77","annais":2005,"nombre":10},{"preusuel":"MATT","sexe":"m","dpt":"77","annais":2005,"nombre":6},{"preusuel":"MATTEO","sexe":"m","dpt":"77","annais":2005,"nombre":64},{"preusuel":"MATTHEO","sexe":"m","dpt":"77","annais":2005,"nombre":7},{"preusuel":"MATTHEW","sexe":"m","dpt":"77","annais":2005,"nombre":6},{"preusuel":"MATTHIAS","sexe":"m","dpt":"77","annais":2005,"nombre":10},{"preusuel":"MATTHIEU","sexe":"m","dpt":"77","annais":2005,"nombre":24},{"preusuel":"MATTHIS","sexe":"m","dpt":"77","annais":2005,"nombre":3},{"preusuel":"MATTIS","sexe":"m","dpt":"77","annais":2005,"nombre":7},{"preusuel":"MATYS","sexe":"m","dpt":"77","annais":2005,"nombre":4},{"preusuel":"MAUD","sexe":"f","dpt":"77","annais":2005,"nombre":5},{"preusuel":"MAUDE","sexe":"f","dpt":"77","annais":2005,"nombre":5},{"preusuel":"MAUREEN","sexe":"f","dpt":"77","annais":2005,"nombre":6},{"preusuel":"MAX","sexe":"m","dpt":"77","annais":2005,"nombre":5},{"preusuel":"MAXENCE","sexe":"m","dpt":"77","annais":2005,"nombre":62},{"preusuel":"MAXIM","sexe":"m","dpt":"77","annais":2005,"nombre":6},{"preusuel":"MAXIME","sexe":"m","dpt":"77","annais":2005,"nombre":89},{"preusuel":"MAXIMILIEN","sexe":"m","dpt":"77","annais":2005,"nombre":4},{"preusuel":"MAYA","sexe":"f","dpt":"77","annais":2005,"nombre":6},{"preusuel":"MAYLIS","sexe":"f","dpt":"77","annais":2005,"nombre":5},{"preusuel":"MEDHI","sexe":"m","dpt":"77","annais":2005,"nombre":3},{"preusuel":"MEGANE","sexe":"f","dpt":"77","annais":2005,"nombre":7},{"preusuel":"MEHDI","sexe":"m","dpt":"77","annais":2005,"nombre":19},{"preusuel":"MELANIE","sexe":"f","dpt":"77","annais":2005,"nombre":10},{"preusuel":"MELIA","sexe":"f","dpt":"77","annais":2005,"nombre":3},{"preusuel":"MELINA","sexe":"f","dpt":"77","annais":2005,"nombre":14},{"preusuel":"MELINE","sexe":"f","dpt":"77","annais":2005,"nombre":15},{"preusuel":"MELISSA","sexe":"f","dpt":"77","annais":2005,"nombre":31},{"preusuel":"MELODIE","sexe":"f","dpt":"77","annais":2005,"nombre":5},{"preusuel":"MELVIN","sexe":"m","dpt":"77","annais":2005,"nombre":11},{"preusuel":"MELVYN","sexe":"m","dpt":"77","annais":2005,"nombre":5},{"preusuel":"MELYNA","sexe":"f","dpt":"77","annais":2005,"nombre":3},{"preusuel":"MELYSSA","sexe":"f","dpt":"77","annais":2005,"nombre":5},{"preusuel":"MERVYN","sexe":"m","dpt":"77","annais":2005,"nombre":3},{"preusuel":"MERYL","sexe":"f","dpt":"77","annais":2005,"nombre":3},{"preusuel":"MICHAEL","sexe":"m","dpt":"77","annais":2005,"nombre":4},{"preusuel":"MICHEL","sexe":"m","dpt":"77","annais":2005,"nombre":3},{"preusuel":"MICKAEL","sexe":"m","dpt":"77","annais":2005,"nombre":6},{"preusuel":"MIGUEL","sexe":"m","dpt":"77","annais":2005,"nombre":8},{"preusuel":"MILA","sexe":"f","dpt":"77","annais":2005,"nombre":5},{"preusuel":"MILAN","sexe":"m","dpt":"77","annais":2005,"nombre":9},{"preusuel":"MILO","sexe":"m","dpt":"77","annais":2005,"nombre":3},{"preusuel":"MOHAMED","sexe":"m","dpt":"77","annais":2005,"nombre":35},{"preusuel":"MOHAMED-AMIN","sexe":"m","dpt":"77","annais":2005,"nombre":3},{"preusuel":"MOHAMED-AMINE","sexe":"m","dpt":"77","annais":2005,"nombre":4},{"preusuel":"MOHAMMED","sexe":"m","dpt":"77","annais":2005,"nombre":6},{"preusuel":"MONA","sexe":"f","dpt":"77","annais":2005,"nombre":3},{"preusuel":"MORGAN","sexe":"m","dpt":"77","annais":2005,"nombre":10},{"preusuel":"MORGANE","sexe":"f","dpt":"77","annais":2005,"nombre":40},{"preusuel":"MOUNIR","sexe":"m","dpt":"77","annais":2005,"nombre":3},{"preusuel":"MOUSSA","sexe":"m","dpt":"77","annais":2005,"nombre":5},{"preusuel":"MUHAMMED","sexe":"m","dpt":"77","annais":2005,"nombre":3},{"preusuel":"MYLENE","sexe":"f","dpt":"77","annais":2005,"nombre":4},{"preusuel":"MYRIAM","sexe":"f","dpt":"77","annais":2005,"nombre":7},{"preusuel":"NABIL","sexe":"m","dpt":"77","annais":2005,"nombre":7},{"preusuel":"NAEL","sexe":"m","dpt":"77","annais":2005,"nombre":9},{"preusuel":"NAELA","sexe":"f","dpt":"77","annais":2005,"nombre":3},{"preusuel":"NAOMI","sexe":"f","dpt":"77","annais":2005,"nombre":10},{"preusuel":"NAOMIE","sexe":"f","dpt":"77","annais":2005,"nombre":3},{"preusuel":"NASSIM","sexe":"m","dpt":"77","annais":2005,"nombre":8},{"preusuel":"NASSIMA","sexe":"f","dpt":"77","annais":2005,"nombre":3},{"preusuel":"NATACHA","sexe":"f","dpt":"77","annais":2005,"nombre":3},{"preusuel":"NATHAN","sexe":"m","dpt":"77","annais":2005,"nombre":101},{"preusuel":"NATHANAEL","sexe":"m","dpt":"77","annais":2005,"nombre":5},{"preusuel":"NAWEL","sexe":"f","dpt":"77","annais":2005,"nombre":10},{"preusuel":"NELSON","sexe":"m","dpt":"77","annais":2005,"nombre":4},{"preusuel":"NICOLAS","sexe":"m","dpt":"77","annais":2005,"nombre":64},{"preusuel":"NIELS","sexe":"m","dpt":"77","annais":2005,"nombre":3},{"preusuel":"NILS","sexe":"m","dpt":"77","annais":2005,"nombre":5},{"preusuel":"NINA","sexe":"f","dpt":"77","annais":2005,"nombre":16},{"preusuel":"NINO","sexe":"m","dpt":"77","annais":2005,"nombre":6},{"preusuel":"NINON","sexe":"f","dpt":"77","annais":2005,"nombre":4},{"preusuel":"NOA","sexe":"f","dpt":"77","annais":2005,"nombre":8},{"preusuel":"NOA","sexe":"m","dpt":"77","annais":2005,"nombre":34},{"preusuel":"NOAH","sexe":"m","dpt":"77","annais":2005,"nombre":55},{"preusuel":"NOAM","sexe":"m","dpt":"77","annais":2005,"nombre":7},{"preusuel":"NOE","sexe":"m","dpt":"77","annais":2005,"nombre":16},{"preusuel":"NOELINE","sexe":"f","dpt":"77","annais":2005,"nombre":5},{"preusuel":"NOEMIE","sexe":"f","dpt":"77","annais":2005,"nombre":32},{"preusuel":"NOHAM","sexe":"m","dpt":"77","annais":2005,"nombre":3},{"preusuel":"NOLAN","sexe":"m","dpt":"77","annais":2005,"nombre":41},{"preusuel":"NOLANN","sexe":"m","dpt":"77","annais":2005,"nombre":11},{"preusuel":"NOLHAN","sexe":"m","dpt":"77","annais":2005,"nombre":4},{"preusuel":"NORA","sexe":"f","dpt":"77","annais":2005,"nombre":11},{"preusuel":"NOUR","sexe":"f","dpt":"77","annais":2005,"nombre":7},{"preusuel":"OCEANE","sexe":"f","dpt":"77","annais":2005,"nombre":74},{"preusuel":"OCEANNE","sexe":"f","dpt":"77","annais":2005,"nombre":3},{"preusuel":"OLIVIA","sexe":"f","dpt":"77","annais":2005,"nombre":16},{"preusuel":"OLIVIER","sexe":"m","dpt":"77","annais":2005,"nombre":7},{"preusuel":"OMBELINE","sexe":"f","dpt":"77","annais":2005,"nombre":4},{"preusuel":"OMER","sexe":"m","dpt":"77","annais":2005,"nombre":3},{"preusuel":"OPHELIE","sexe":"f","dpt":"77","annais":2005,"nombre":10},{"preusuel":"ORANE","sexe":"f","dpt":"77","annais":2005,"nombre":4},{"preusuel":"ORIANE","sexe":"f","dpt":"77","annais":2005,"nombre":10},{"preusuel":"ORLANE","sexe":"f","dpt":"77","annais":2005,"nombre":15},{"preusuel":"ORNELLA","sexe":"f","dpt":"77","annais":2005,"nombre":4},{"preusuel":"OSCAR","sexe":"m","dpt":"77","annais":2005,"nombre":4},{"preusuel":"OUSMANE","sexe":"m","dpt":"77","annais":2005,"nombre":3},{"preusuel":"OWEN","sexe":"m","dpt":"77","annais":2005,"nombre":5},{"preusuel":"PABLO","sexe":"m","dpt":"77","annais":2005,"nombre":3},{"preusuel":"PACO","sexe":"m","dpt":"77","annais":2005,"nombre":3},{"preusuel":"PACOME","sexe":"m","dpt":"77","annais":2005,"nombre":4},{"preusuel":"PALOMA","sexe":"f","dpt":"77","annais":2005,"nombre":8},{"preusuel":"PAOLO","sexe":"m","dpt":"77","annais":2005,"nombre":4},{"preusuel":"PAUL","sexe":"m","dpt":"77","annais":2005,"nombre":60},{"preusuel":"PAULINE","sexe":"f","dpt":"77","annais":2005,"nombre":48},{"preusuel":"PENELOPE","sexe":"f","dpt":"77","annais":2005,"nombre":3},{"preusuel":"PERRINE","sexe":"f","dpt":"77","annais":2005,"nombre":6},{"preusuel":"PHARELL","sexe":"m","dpt":"77","annais":2005,"nombre":3},{"preusuel":"PHILIPPE","sexe":"m","dpt":"77","annais":2005,"nombre":6},{"preusuel":"PHILIPPINE","sexe":"f","dpt":"77","annais":2005,"nombre":4},{"preusuel":"PIERRE","sexe":"m","dpt":"77","annais":2005,"nombre":25},{"preusuel":"PIERRE-ANTOINE","sexe":"m","dpt":"77","annais":2005,"nombre":3},{"preusuel":"PIERRE-LOUIS","sexe":"m","dpt":"77","annais":2005,"nombre":3},{"preusuel":"PIERRICK","sexe":"m","dpt":"77","annais":2005,"nombre":7},{"preusuel":"QUENTIN","sexe":"m","dpt":"77","annais":2005,"nombre":54},{"preusuel":"RACHEL","sexe":"f","dpt":"77","annais":2005,"nombre":4},{"preusuel":"RAFAEL","sexe":"m","dpt":"77","annais":2005,"nombre":18},{"preusuel":"RANA","sexe":"f","dpt":"77","annais":2005,"nombre":3},{"preusuel":"RANIA","sexe":"f","dpt":"77","annais":2005,"nombre":7},{"preusuel":"RAPHAEL","sexe":"m","dpt":"77","annais":2005,"nombre":52},{"preusuel":"RAYAN","sexe":"m","dpt":"77","annais":2005,"nombre":36},{"preusuel":"RAYANE","sexe":"m","dpt":"77","annais":2005,"nombre":7},{"preusuel":"REBECCA","sexe":"f","dpt":"77","annais":2005,"nombre":3},{"preusuel":"REDA","sexe":"m","dpt":"77","annais":2005,"nombre":3},{"preusuel":"REMI","sexe":"m","dpt":"77","annais":2005,"nombre":20},{"preusuel":"REMY","sexe":"m","dpt":"77","annais":2005,"nombre":10},{"preusuel":"ROBIN","sexe":"m","dpt":"77","annais":2005,"nombre":16},{"preusuel":"ROJIN","sexe":"f","dpt":"77","annais":2005,"nombre":5},{"preusuel":"ROMAIN","sexe":"m","dpt":"77","annais":2005,"nombre":66},{"preusuel":"ROMAN","sexe":"m","dpt":"77","annais":2005,"nombre":7},{"preusuel":"ROMANE","sexe":"f","dpt":"77","annais":2005,"nombre":44},{"preusuel":"ROMEO","sexe":"m","dpt":"77","annais":2005,"nombre":3},{"preusuel":"RONAN","sexe":"m","dpt":"77","annais":2005,"nombre":4},{"preusuel":"ROSE","sexe":"f","dpt":"77","annais":2005,"nombre":8},{"preusuel":"ROXANE","sexe":"f","dpt":"77","annais":2005,"nombre":4},{"preusuel":"RUBEN","sexe":"m","dpt":"77","annais":2005,"nombre":15},{"preusuel":"RUTH","sexe":"f","dpt":"77","annais":2005,"nombre":3},{"preusuel":"RYAN","sexe":"m","dpt":"77","annais":2005,"nombre":26},{"preusuel":"SAAD","sexe":"m","dpt":"77","annais":2005,"nombre":3},{"preusuel":"SABRINA","sexe":"f","dpt":"77","annais":2005,"nombre":3},{"preusuel":"SACHA","sexe":"f","dpt":"77","annais":2005,"nombre":4},{"preusuel":"SACHA","sexe":"m","dpt":"77","annais":2005,"nombre":31},{"preusuel":"SAFIA","sexe":"f","dpt":"77","annais":2005,"nombre":6},{"preusuel":"SAHRA","sexe":"f","dpt":"77","annais":2005,"nombre":4},{"preusuel":"SAID","sexe":"m","dpt":"77","annais":2005,"nombre":4},{"preusuel":"SAKINA","sexe":"f","dpt":"77","annais":2005,"nombre":4},{"preusuel":"SALIM","sexe":"m","dpt":"77","annais":2005,"nombre":3},{"preusuel":"SALIMA","sexe":"f","dpt":"77","annais":2005,"nombre":3},{"preusuel":"SALMA","sexe":"f","dpt":"77","annais":2005,"nombre":7},{"preusuel":"SALOME","sexe":"f","dpt":"77","annais":2005,"nombre":11},{"preusuel":"SAM","sexe":"m","dpt":"77","annais":2005,"nombre":5},{"preusuel":"SAMANTHA","sexe":"f","dpt":"77","annais":2005,"nombre":6},{"preusuel":"SAMI","sexe":"m","dpt":"77","annais":2005,"nombre":10},{"preusuel":"SAMIA","sexe":"f","dpt":"77","annais":2005,"nombre":5},{"preusuel":"SAMUEL","sexe":"m","dpt":"77","annais":2005,"nombre":18},{"preusuel":"SAMY","sexe":"m","dpt":"77","annais":2005,"nombre":10},{"preusuel":"SANA","sexe":"f","dpt":"77","annais":2005,"nombre":6},{"preusuel":"SANDY","sexe":"f","dpt":"77","annais":2005,"nombre":5},{"preusuel":"SAONA","sexe":"f","dpt":"77","annais":2005,"nombre":3},{"preusuel":"SARA","sexe":"f","dpt":"77","annais":2005,"nombre":25},{"preusuel":"SARAH","sexe":"f","dpt":"77","annais":2005,"nombre":86},{"preusuel":"SASHA","sexe":"f","dpt":"77","annais":2005,"nombre":3},{"preusuel":"SASHA","sexe":"m","dpt":"77","annais":2005,"nombre":3},{"preusuel":"SEAN","sexe":"m","dpt":"77","annais":2005,"nombre":3},{"preusuel":"SEBASTIEN","sexe":"m","dpt":"77","annais":2005,"nombre":13},{"preusuel":"SELENA","sexe":"f","dpt":"77","annais":2005,"nombre":6},{"preusuel":"SELIM","sexe":"m","dpt":"77","annais":2005,"nombre":4},{"preusuel":"SELMA","sexe":"f","dpt":"77","annais":2005,"nombre":6},{"preusuel":"SERENA","sexe":"f","dpt":"77","annais":2005,"nombre":9},{"preusuel":"SHAIMA","sexe":"f","dpt":"77","annais":2005,"nombre":4},{"preusuel":"SHAINA","sexe":"f","dpt":"77","annais":2005,"nombre":7},{"preusuel":"SHANA","sexe":"f","dpt":"77","annais":2005,"nombre":16},{"preusuel":"SHANEL","sexe":"f","dpt":"77","annais":2005,"nombre":3},{"preusuel":"SHANIA","sexe":"f","dpt":"77","annais":2005,"nombre":3},{"preusuel":"SHAYMA","sexe":"f","dpt":"77","annais":2005,"nombre":3},{"preusuel":"SHERINE","sexe":"f","dpt":"77","annais":2005,"nombre":4},{"preusuel":"SHIRLEY","sexe":"f","dpt":"77","annais":2005,"nombre":4},{"preusuel":"SIHAM","sexe":"f","dpt":"77","annais":2005,"nombre":5},{"preusuel":"SIMON","sexe":"m","dpt":"77","annais":2005,"nombre":14},{"preusuel":"SIRINE","sexe":"f","dpt":"77","annais":2005,"nombre":8},{"preusuel":"SIXTINE","sexe":"f","dpt":"77","annais":2005,"nombre":3},{"preusuel":"SLOAN","sexe":"m","dpt":"77","annais":2005,"nombre":3},{"preusuel":"SOFIA","sexe":"f","dpt":"77","annais":2005,"nombre":16},{"preusuel":"SOFIAN","sexe":"m","dpt":"77","annais":2005,"nombre":3},{"preusuel":"SOFIANE","sexe":"m","dpt":"77","annais":2005,"nombre":20},{"preusuel":"SOHANE","sexe":"f","dpt":"77","annais":2005,"nombre":5},{"preusuel":"SOLENE","sexe":"f","dpt":"77","annais":2005,"nombre":15},{"preusuel":"SOLENN","sexe":"f","dpt":"77","annais":2005,"nombre":11},{"preusuel":"SOLINE","sexe":"f","dpt":"77","annais":2005,"nombre":3},{"preusuel":"SONIA","sexe":"f","dpt":"77","annais":2005,"nombre":10},{"preusuel":"SOPHIA","sexe":"f","dpt":"77","annais":2005,"nombre":6},{"preusuel":"SOPHIE","sexe":"f","dpt":"77","annais":2005,"nombre":13},{"preusuel":"SORAYA","sexe":"f","dpt":"77","annais":2005,"nombre":3},{"preusuel":"STACY","sexe":"f","dpt":"77","annais":2005,"nombre":3},{"preusuel":"STAN","sexe":"m","dpt":"77","annais":2005,"nombre":9},{"preusuel":"STEEVE","sexe":"m","dpt":"77","annais":2005,"nombre":3},{"preusuel":"STELLA","sexe":"f","dpt":"77","annais":2005,"nombre":3},{"preusuel":"STEPHANIE","sexe":"f","dpt":"77","annais":2005,"nombre":4},{"preusuel":"STEVEN","sexe":"m","dpt":"77","annais":2005,"nombre":10},{"preusuel":"SUZANNE","sexe":"f","dpt":"77","annais":2005,"nombre":3},{"preusuel":"SWANN","sexe":"f","dpt":"77","annais":2005,"nombre":3},{"preusuel":"SWANN","sexe":"m","dpt":"77","annais":2005,"nombre":5},{"preusuel":"SYLVAIN","sexe":"m","dpt":"77","annais":2005,"nombre":4},{"preusuel":"TAIS","sexe":"f","dpt":"77","annais":2005,"nombre":3},{"preusuel":"TANGUY","sexe":"m","dpt":"77","annais":2005,"nombre":4},{"preusuel":"TANIA","sexe":"f","dpt":"77","annais":2005,"nombre":3},{"preusuel":"TARA","sexe":"f","dpt":"77","annais":2005,"nombre":5},{"preusuel":"TATIANA","sexe":"f","dpt":"77","annais":2005,"nombre":6},{"preusuel":"TEDDY","sexe":"m","dpt":"77","annais":2005,"nombre":4},{"preusuel":"TEO","sexe":"m","dpt":"77","annais":2005,"nombre":9},{"preusuel":"TESSA","sexe":"f","dpt":"77","annais":2005,"nombre":3},{"preusuel":"THAIS","sexe":"f","dpt":"77","annais":2005,"nombre":4},{"preusuel":"THEA","sexe":"f","dpt":"77","annais":2005,"nombre":6},{"preusuel":"THEO","sexe":"m","dpt":"77","annais":2005,"nombre":102},{"preusuel":"THIBAUD","sexe":"m","dpt":"77","annais":2005,"nombre":9},{"preusuel":"THIBAULT","sexe":"m","dpt":"77","annais":2005,"nombre":27},{"preusuel":"THIBAUT","sexe":"m","dpt":"77","annais":2005,"nombre":12},{"preusuel":"THOMAS","sexe":"m","dpt":"77","annais":2005,"nombre":112},{"preusuel":"TIAGO","sexe":"m","dpt":"77","annais":2005,"nombre":10},{"preusuel":"TIFFANY","sexe":"f","dpt":"77","annais":2005,"nombre":12},{"preusuel":"TIM","sexe":"m","dpt":"77","annais":2005,"nombre":4},{"preusuel":"TIMEO","sexe":"m","dpt":"77","annais":2005,"nombre":17},{"preusuel":"TIMOTHE","sexe":"m","dpt":"77","annais":2005,"nombre":8},{"preusuel":"TIMOTHEE","sexe":"m","dpt":"77","annais":2005,"nombre":17},{"preusuel":"TIPHAINE","sexe":"f","dpt":"77","annais":2005,"nombre":13},{"preusuel":"TITOUAN","sexe":"m","dpt":"77","annais":2005,"nombre":19},{"preusuel":"TOM","sexe":"m","dpt":"77","annais":2005,"nombre":86},{"preusuel":"TONY","sexe":"m","dpt":"77","annais":2005,"nombre":14},{"preusuel":"TRACY","sexe":"f","dpt":"77","annais":2005,"nombre":3},{"preusuel":"TRISTAN","sexe":"m","dpt":"77","annais":2005,"nombre":36},{"preusuel":"TRYSTAN","sexe":"m","dpt":"77","annais":2005,"nombre":6},{"preusuel":"UGO","sexe":"m","dpt":"77","annais":2005,"nombre":7},{"preusuel":"VALENTIN","sexe":"m","dpt":"77","annais":2005,"nombre":50},{"preusuel":"VALENTINE","sexe":"f","dpt":"77","annais":2005,"nombre":14},{"preusuel":"VALENTINO","sexe":"m","dpt":"77","annais":2005,"nombre":3},{"preusuel":"VANESSA","sexe":"f","dpt":"77","annais":2005,"nombre":5},{"preusuel":"VICKY","sexe":"f","dpt":"77","annais":2005,"nombre":3},{"preusuel":"VICTOIRE","sexe":"f","dpt":"77","annais":2005,"nombre":4},{"preusuel":"VICTOR","sexe":"m","dpt":"77","annais":2005,"nombre":24},{"preusuel":"VICTORIA","sexe":"f","dpt":"77","annais":2005,"nombre":16},{"preusuel":"VINCE","sexe":"m","dpt":"77","annais":2005,"nombre":4},{"preusuel":"VINCENT","sexe":"m","dpt":"77","annais":2005,"nombre":20},{"preusuel":"VIOLETTE","sexe":"f","dpt":"77","annais":2005,"nombre":3},{"preusuel":"VIRGILE","sexe":"m","dpt":"77","annais":2005,"nombre":3},{"preusuel":"WALID","sexe":"m","dpt":"77","annais":2005,"nombre":3},{"preusuel":"WARREN","sexe":"m","dpt":"77","annais":2005,"nombre":7},{"preusuel":"WASSIM","sexe":"m","dpt":"77","annais":2005,"nombre":9},{"preusuel":"WENDY","sexe":"f","dpt":"77","annais":2005,"nombre":6},{"preusuel":"WESLEY","sexe":"m","dpt":"77","annais":2005,"nombre":7},{"preusuel":"WILFRIED","sexe":"m","dpt":"77","annais":2005,"nombre":4},{"preusuel":"WILLIAM","sexe":"m","dpt":"77","annais":2005,"nombre":25},{"preusuel":"WILSON","sexe":"m","dpt":"77","annais":2005,"nombre":3},{"preusuel":"WISSAM","sexe":"m","dpt":"77","annais":2005,"nombre":3},{"preusuel":"WISSEM","sexe":"m","dpt":"77","annais":2005,"nombre":3},{"preusuel":"XAVIER","sexe":"m","dpt":"77","annais":2005,"nombre":3},{"preusuel":"YACINE","sexe":"m","dpt":"77","annais":2005,"nombre":10},{"preusuel":"YAN","sexe":"m","dpt":"77","annais":2005,"nombre":4},{"preusuel":"YANICE","sexe":"m","dpt":"77","annais":2005,"nombre":3},{"preusuel":"YANIS","sexe":"m","dpt":"77","annais":2005,"nombre":47},{"preusuel":"YANN","sexe":"m","dpt":"77","annais":2005,"nombre":18},{"preusuel":"YANNICK","sexe":"m","dpt":"77","annais":2005,"nombre":3},{"preusuel":"YANNIS","sexe":"m","dpt":"77","annais":2005,"nombre":11},{"preusuel":"YASIN","sexe":"m","dpt":"77","annais":2005,"nombre":4},{"preusuel":"YASMINE","sexe":"f","dpt":"77","annais":2005,"nombre":20},{"preusuel":"YASSER","sexe":"m","dpt":"77","annais":2005,"nombre":4},{"preusuel":"YASSIN","sexe":"m","dpt":"77","annais":2005,"nombre":5},{"preusuel":"YASSINE","sexe":"m","dpt":"77","annais":2005,"nombre":17},{"preusuel":"YLAN","sexe":"m","dpt":"77","annais":2005,"nombre":4},{"preusuel":"YLIES","sexe":"m","dpt":"77","annais":2005,"nombre":6},{"preusuel":"YLONA","sexe":"f","dpt":"77","annais":2005,"nombre":3},{"preusuel":"YOAN","sexe":"m","dpt":"77","annais":2005,"nombre":9},{"preusuel":"YOANN","sexe":"m","dpt":"77","annais":2005,"nombre":9},{"preusuel":"YOHAN","sexe":"m","dpt":"77","annais":2005,"nombre":12},{"preusuel":"YOHANN","sexe":"m","dpt":"77","annais":2005,"nombre":9},{"preusuel":"YOUCEF","sexe":"m","dpt":"77","annais":2005,"nombre":6},{"preusuel":"YOUNES","sexe":"m","dpt":"77","annais":2005,"nombre":18},{"preusuel":"YOUSRA","sexe":"f","dpt":"77","annais":2005,"nombre":4},{"preusuel":"YOUSSEF","sexe":"m","dpt":"77","annais":2005,"nombre":3},{"preusuel":"YOUSSOUF","sexe":"m","dpt":"77","annais":2005,"nombre":4},{"preusuel":"YSALINE","sexe":"f","dpt":"77","annais":2005,"nombre":3},{"preusuel":"YUSUF","sexe":"m","dpt":"77","annais":2005,"nombre":4},{"preusuel":"YVAN","sexe":"m","dpt":"77","annais":2005,"nombre":5},{"preusuel":"ZAKARIA","sexe":"m","dpt":"77","annais":2005,"nombre":11},{"preusuel":"ZINEB","sexe":"f","dpt":"77","annais":2005,"nombre":3},{"preusuel":"ZOE","sexe":"f","dpt":"77","annais":2005,"nombre":32}]