[{"preusuel":"AARON","sexe":"m","dpt":"78","annais":2005,"nombre":8},{"preusuel":"ABDALLAH","sexe":"m","dpt":"78","annais":2005,"nombre":4},{"preusuel":"ABDEL","sexe":"m","dpt":"78","annais":2005,"nombre":5},{"preusuel":"ABDERRAHMANE","sexe":"m","dpt":"78","annais":2005,"nombre":3},{"preusuel":"ABDOU","sexe":"m","dpt":"78","annais":2005,"nombre":3},{"preusuel":"ABDOULAYE","sexe":"m","dpt":"78","annais":2005,"nombre":3},{"preusuel":"ACHILLE","sexe":"m","dpt":"78","annais":2005,"nombre":6},{"preusuel":"ADAM","sexe":"m","dpt":"78","annais":2005,"nombre":50},{"preusuel":"ADAMA","sexe":"m","dpt":"78","annais":2005,"nombre":3},{"preusuel":"ADAME","sexe":"m","dpt":"78","annais":2005,"nombre":8},{"preusuel":"ADEL","sexe":"m","dpt":"78","annais":2005,"nombre":3},{"preusuel":"ADELE","sexe":"f","dpt":"78","annais":2005,"nombre":18},{"preusuel":"ADELINE","sexe":"f","dpt":"78","annais":2005,"nombre":6},{"preusuel":"ADEM","sexe":"m","dpt":"78","annais":2005,"nombre":7},{"preusuel":"ADIL","sexe":"m","dpt":"78","annais":2005,"nombre":3},{"preusuel":"ADRIAN","sexe":"m","dpt":"78","annais":2005,"nombre":6},{"preusuel":"ADRIEN","sexe":"m","dpt":"78","annais":2005,"nombre":54},{"preusuel":"AGATHE","sexe":"f","dpt":"78","annais":2005,"nombre":34},{"preusuel":"AGNES","sexe":"f","dpt":"78","annais":2005,"nombre":3},{"preusuel":"AHMED","sexe":"m","dpt":"78","annais":2005,"nombre":9},{"preusuel":"AIMERIC","sexe":"m","dpt":"78","annais":2005,"nombre":4},{"preusuel":"AIMIE","sexe":"f","dpt":"78","annais":2005,"nombre":3},{"preusuel":"AISSATA","sexe":"f","dpt":"78","annais":2005,"nombre":9},{"preusuel":"ALAN","sexe":"m","dpt":"78","annais":2005,"nombre":11},{"preusuel":"ALBAN","sexe":"m","dpt":"78","annais":2005,"nombre":13},{"preusuel":"ALBANE","sexe":"f","dpt":"78","annais":2005,"nombre":12},{"preusuel":"ALBIN","sexe":"m","dpt":"78","annais":2005,"nombre":4},{"preusuel":"ALESSANDRO","sexe":"m","dpt":"78","annais":2005,"nombre":4},{"preusuel":"ALEX","sexe":"m","dpt":"78","annais":2005,"nombre":10},{"preusuel":"ALEXANDRA","sexe":"f","dpt":"78","annais":2005,"nombre":13},{"preusuel":"ALEXANDRE","sexe":"m","dpt":"78","annais":2005,"nombre":125},{"preusuel":"ALEXANE","sexe":"f","dpt":"78","annais":2005,"nombre":4},{"preusuel":"ALEXI","sexe":"m","dpt":"78","annais":2005,"nombre":3},{"preusuel":"ALEXIA","sexe":"f","dpt":"78","annais":2005,"nombre":12},{"preusuel":"ALEXIS","sexe":"m","dpt":"78","annais":2005,"nombre":87},{"preusuel":"ALEXY","sexe":"m","dpt":"78","annais":2005,"nombre":6},{"preusuel":"ALEYNA","sexe":"f","dpt":"78","annais":2005,"nombre":5},{"preusuel":"ALI","sexe":"m","dpt":"78","annais":2005,"nombre":9},{"preusuel":"ALICE","sexe":"f","dpt":"78","annais":2005,"nombre":54},{"preusuel":"ALICIA","sexe":"f","dpt":"78","annais":2005,"nombre":40},{"preusuel":"ALIENOR","sexe":"f","dpt":"78","annais":2005,"nombre":12},{"preusuel":"ALINE","sexe":"f","dpt":"78","annais":2005,"nombre":3},{"preusuel":"ALISON","sexe":"f","dpt":"78","annais":2005,"nombre":4},{"preusuel":"ALIX","sexe":"f","dpt":"78","annais":2005,"nombre":20},{"preusuel":"ALIX","sexe":"m","dpt":"78","annais":2005,"nombre":6},{"preusuel":"ALIYAH","sexe":"f","dpt":"78","annais":2005,"nombre":5},{"preusuel":"ALLAN","sexe":"m","dpt":"78","annais":2005,"nombre":13},{"preusuel":"ALYA","sexe":"f","dpt":"78","annais":2005,"nombre":4},{"preusuel":"ALYCIA","sexe":"f","dpt":"78","annais":2005,"nombre":3},{"preusuel":"ALYSSA","sexe":"f","dpt":"78","annais":2005,"nombre":17},{"preusuel":"ALYSSIA","sexe":"f","dpt":"78","annais":2005,"nombre":3},{"preusuel":"AMAL","sexe":"f","dpt":"78","annais":2005,"nombre":3},{"preusuel":"AMANDINE","sexe":"f","dpt":"78","annais":2005,"nombre":39},{"preusuel":"AMAURY","sexe":"m","dpt":"78","annais":2005,"nombre":15},{"preusuel":"AMBRE","sexe":"f","dpt":"78","annais":2005,"nombre":52},{"preusuel":"AMBROISE","sexe":"m","dpt":"78","annais":2005,"nombre":5},{"preusuel":"AMEL","sexe":"f","dpt":"78","annais":2005,"nombre":13},{"preusuel":"AMELIA","sexe":"f","dpt":"78","annais":2005,"nombre":5},{"preusuel":"AMELIE","sexe":"f","dpt":"78","annais":2005,"nombre":34},{"preusuel":"AMIN","sexe":"m","dpt":"78","annais":2005,"nombre":6},{"preusuel":"AMINA","sexe":"f","dpt":"78","annais":2005,"nombre":14},{"preusuel":"AMINATA","sexe":"f","dpt":"78","annais":2005,"nombre":13},{"preusuel":"AMINE","sexe":"m","dpt":"78","annais":2005,"nombre":40},{"preusuel":"AMIR","sexe":"m","dpt":"78","annais":2005,"nombre":7},{"preusuel":"AMIRA","sexe":"f","dpt":"78","annais":2005,"nombre":4},{"preusuel":"AMY","sexe":"f","dpt":"78","annais":2005,"nombre":5},{"preusuel":"ANA","sexe":"f","dpt":"78","annais":2005,"nombre":4},{"preusuel":"ANAE","sexe":"f","dpt":"78","annais":2005,"nombre":3},{"preusuel":"ANAEL","sexe":"f","dpt":"78","annais":2005,"nombre":3},{"preusuel":"ANAELLE","sexe":"f","dpt":"78","annais":2005,"nombre":39},{"preusuel":"ANAIS","sexe":"f","dpt":"78","annais":2005,"nombre":82},{"preusuel":"ANAS","sexe":"m","dpt":"78","annais":2005,"nombre":10},{"preusuel":"ANASS","sexe":"m","dpt":"78","annais":2005,"nombre":4},{"preusuel":"ANASTASIA","sexe":"f","dpt":"78","annais":2005,"nombre":3},{"preusuel":"ANATOLE","sexe":"m","dpt":"78","annais":2005,"nombre":5},{"preusuel":"ANDRE","sexe":"m","dpt":"78","annais":2005,"nombre":4},{"preusuel":"ANDREA","sexe":"f","dpt":"78","annais":2005,"nombre":24},{"preusuel":"ANDREA","sexe":"m","dpt":"78","annais":2005,"nombre":8},{"preusuel":"ANDRES","sexe":"m","dpt":"78","annais":2005,"nombre":3},{"preusuel":"ANDREW","sexe":"m","dpt":"78","annais":2005,"nombre":4},{"preusuel":"ANDY","sexe":"m","dpt":"78","annais":2005,"nombre":7},{"preusuel":"ANGEL","sexe":"f","dpt":"78","annais":2005,"nombre":3},{"preusuel":"ANGELE","sexe":"f","dpt":"78","annais":2005,"nombre":10},{"preusuel":"ANGELINA","sexe":"f","dpt":"78","annais":2005,"nombre":19},{"preusuel":"ANGELINE","sexe":"f","dpt":"78","annais":2005,"nombre":9},{"preusuel":"ANGELO","sexe":"m","dpt":"78","annais":2005,"nombre":4},{"preusuel":"ANIR","sexe":"m","dpt":"78","annais":2005,"nombre":3},{"preusuel":"ANIS","sexe":"m","dpt":"78","annais":2005,"nombre":6},{"preusuel":"ANISSA","sexe":"f","dpt":"78","annais":2005,"nombre":14},{"preusuel":"ANITA","sexe":"f","dpt":"78","annais":2005,"nombre":3},{"preusuel":"ANNA","sexe":"f","dpt":"78","annais":2005,"nombre":27},{"preusuel":"ANNAELLE","sexe":"f","dpt":"78","annais":2005,"nombre":5},{"preusuel":"ANNE","sexe":"f","dpt":"78","annais":2005,"nombre":3},{"preusuel":"ANNE-LISE","sexe":"f","dpt":"78","annais":2005,"nombre":3},{"preusuel":"ANOUCK","sexe":"f","dpt":"78","annais":2005,"nombre":3},{"preusuel":"ANOUK","sexe":"f","dpt":"78","annais":2005,"nombre":8},{"preusuel":"ANTHONY","sexe":"m","dpt":"78","annais":2005,"nombre":28},{"preusuel":"ANTOINE","sexe":"m","dpt":"78","annais":2005,"nombre":99},{"preusuel":"ANTON","sexe":"m","dpt":"78","annais":2005,"nombre":3},{"preusuel":"ANTONIN","sexe":"m","dpt":"78","annais":2005,"nombre":24},{"preusuel":"ANTONY","sexe":"m","dpt":"78","annais":2005,"nombre":4},{"preusuel":"APOLLINE","sexe":"f","dpt":"78","annais":2005,"nombre":9},{"preusuel":"ARIANE","sexe":"f","dpt":"78","annais":2005,"nombre":7},{"preusuel":"ARMAND","sexe":"m","dpt":"78","annais":2005,"nombre":8},{"preusuel":"ARMELLE","sexe":"f","dpt":"78","annais":2005,"nombre":3},{"preusuel":"ARNAUD","sexe":"m","dpt":"78","annais":2005,"nombre":4},{"preusuel":"ARSENE","sexe":"m","dpt":"78","annais":2005,"nombre":3},{"preusuel":"ARTHUR","sexe":"m","dpt":"78","annais":2005,"nombre":86},{"preusuel":"ARTUS","sexe":"m","dpt":"78","annais":2005,"nombre":3},{"preusuel":"ARWEN","sexe":"f","dpt":"78","annais":2005,"nombre":4},{"preusuel":"ASHLEY","sexe":"f","dpt":"78","annais":2005,"nombre":5},{"preusuel":"ASMA","sexe":"f","dpt":"78","annais":2005,"nombre":14},{"preusuel":"ASSA","sexe":"f","dpt":"78","annais":2005,"nombre":3},{"preusuel":"ASSIA","sexe":"f","dpt":"78","annais":2005,"nombre":18},{"preusuel":"ASTRID","sexe":"f","dpt":"78","annais":2005,"nombre":5},{"preusuel":"ATHENAIS","sexe":"f","dpt":"78","annais":2005,"nombre":3},{"preusuel":"AUDE","sexe":"f","dpt":"78","annais":2005,"nombre":4},{"preusuel":"AUDREY","sexe":"f","dpt":"78","annais":2005,"nombre":19},{"preusuel":"AUGUSTE","sexe":"m","dpt":"78","annais":2005,"nombre":3},{"preusuel":"AUGUSTIN","sexe":"m","dpt":"78","annais":2005,"nombre":23},{"preusuel":"AURELIE","sexe":"f","dpt":"78","annais":2005,"nombre":11},{"preusuel":"AURELIEN","sexe":"m","dpt":"78","annais":2005,"nombre":27},{"preusuel":"AURIANE","sexe":"f","dpt":"78","annais":2005,"nombre":4},{"preusuel":"AURORE","sexe":"f","dpt":"78","annais":2005,"nombre":13},{"preusuel":"AWA","sexe":"f","dpt":"78","annais":2005,"nombre":3},{"preusuel":"AXEL","sexe":"m","dpt":"78","annais":2005,"nombre":64},{"preusuel":"AXELLE","sexe":"f","dpt":"78","annais":2005,"nombre":11},{"preusuel":"AYA","sexe":"f","dpt":"78","annais":2005,"nombre":10},{"preusuel":"AYMAN","sexe":"m","dpt":"78","annais":2005,"nombre":7},{"preusuel":"AYMANE","sexe":"m","dpt":"78","annais":2005,"nombre":3},{"preusuel":"AYMEN","sexe":"m","dpt":"78","annais":2005,"nombre":8},{"preusuel":"AYMERIC","sexe":"m","dpt":"78","annais":2005,"nombre":11},{"preusuel":"AYOUB","sexe":"m","dpt":"78","annais":2005,"nombre":31},{"preusuel":"BAPTISTE","sexe":"m","dpt":"78","annais":2005,"nombre":76},{"preusuel":"BARBARA","sexe":"f","dpt":"78","annais":2005,"nombre":4},{"preusuel":"BARTHELEMY","sexe":"m","dpt":"78","annais":2005,"nombre":3},{"preusuel":"BASILE","sexe":"m","dpt":"78","annais":2005,"nombre":3},{"preusuel":"BASTIAN","sexe":"m","dpt":"78","annais":2005,"nombre":5},{"preusuel":"BASTIEN","sexe":"m","dpt":"78","annais":2005,"nombre":29},{"preusuel":"BENEDICTE","sexe":"f","dpt":"78","annais":2005,"nombre":5},{"preusuel":"BENJAMIN","sexe":"m","dpt":"78","annais":2005,"nombre":40},{"preusuel":"BENOIT","sexe":"m","dpt":"78","annais":2005,"nombre":15},{"preusuel":"BERENICE","sexe":"f","dpt":"78","annais":2005,"nombre":13},{"preusuel":"BERTILLE","sexe":"f","dpt":"78","annais":2005,"nombre":4},{"preusuel":"BIANCA","sexe":"f","dpt":"78","annais":2005,"nombre":3},{"preusuel":"BILAL","sexe":"m","dpt":"78","annais":2005,"nombre":12},{"preusuel":"BILEL","sexe":"m","dpt":"78","annais":2005,"nombre":7},{"preusuel":"BILLAL","sexe":"m","dpt":"78","annais":2005,"nombre":4},{"preusuel":"BINTOU","sexe":"f","dpt":"78","annais":2005,"nombre":3},{"preusuel":"BLANCHE","sexe":"f","dpt":"78","annais":2005,"nombre":10},{"preusuel":"BOUCHRA","sexe":"f","dpt":"78","annais":2005,"nombre":3},{"preusuel":"BRANDON","sexe":"m","dpt":"78","annais":2005,"nombre":5},{"preusuel":"BRAYAN","sexe":"m","dpt":"78","annais":2005,"nombre":3},{"preusuel":"BRIAC","sexe":"m","dpt":"78","annais":2005,"nombre":3},{"preusuel":"BRIEUC","sexe":"m","dpt":"78","annais":2005,"nombre":6},{"preusuel":"BRYAN","sexe":"m","dpt":"78","annais":2005,"nombre":20},{"preusuel":"CALISTA","sexe":"f","dpt":"78","annais":2005,"nombre":5},{"preusuel":"CALVIN","sexe":"m","dpt":"78","annais":2005,"nombre":6},{"preusuel":"CAMELIA","sexe":"f","dpt":"78","annais":2005,"nombre":5},{"preusuel":"CAMILLE","sexe":"f","dpt":"78","annais":2005,"nombre":100},{"preusuel":"CAMILLE","sexe":"m","dpt":"78","annais":2005,"nombre":6},{"preusuel":"CANDICE","sexe":"f","dpt":"78","annais":2005,"nombre":30},{"preusuel":"CAPUCINE","sexe":"f","dpt":"78","annais":2005,"nombre":20},{"preusuel":"CARLA","sexe":"f","dpt":"78","annais":2005,"nombre":28},{"preusuel":"CAROLINE","sexe":"f","dpt":"78","annais":2005,"nombre":6},{"preusuel":"CASSANDRA","sexe":"f","dpt":"78","annais":2005,"nombre":22},{"preusuel":"CASSANDRE","sexe":"f","dpt":"78","annais":2005,"nombre":7},{"preusuel":"CATHERINE","sexe":"f","dpt":"78","annais":2005,"nombre":4},{"preusuel":"CATHY","sexe":"f","dpt":"78","annais":2005,"nombre":5},{"preusuel":"CECILE","sexe":"f","dpt":"78","annais":2005,"nombre":14},{"preusuel":"CECILIA","sexe":"f","dpt":"78","annais":2005,"nombre":8},{"preusuel":"CEDRIC","sexe":"m","dpt":"78","annais":2005,"nombre":8},{"preusuel":"CELESTE","sexe":"f","dpt":"78","annais":2005,"nombre":5},{"preusuel":"CELIA","sexe":"f","dpt":"78","annais":2005,"nombre":36},{"preusuel":"CELIAN","sexe":"m","dpt":"78","annais":2005,"nombre":6},{"preusuel":"CELINE","sexe":"f","dpt":"78","annais":2005,"nombre":7},{"preusuel":"CELYA","sexe":"f","dpt":"78","annais":2005,"nombre":5},{"preusuel":"CHAIMA","sexe":"f","dpt":"78","annais":2005,"nombre":16},{"preusuel":"CHARLENE","sexe":"f","dpt":"78","annais":2005,"nombre":5},{"preusuel":"CHARLES","sexe":"m","dpt":"78","annais":2005,"nombre":25},{"preusuel":"CHARLIE","sexe":"f","dpt":"78","annais":2005,"nombre":3},{"preusuel":"CHARLIE","sexe":"m","dpt":"78","annais":2005,"nombre":4},{"preusuel":"CHARLINE","sexe":"f","dpt":"78","annais":2005,"nombre":14},{"preusuel":"CHARLOTTE","sexe":"f","dpt":"78","annais":2005,"nombre":59},{"preusuel":"CHELSEA","sexe":"f","dpt":"78","annais":2005,"nombre":4},{"preusuel":"CHEYENNE","sexe":"f","dpt":"78","annais":2005,"nombre":4},{"preusuel":"CHIARA","sexe":"f","dpt":"78","annais":2005,"nombre":12},{"preusuel":"CHLOE","sexe":"f","dpt":"78","annais":2005,"nombre":122},{"preusuel":"CHRISTOPHER","sexe":"m","dpt":"78","annais":2005,"nombre":9},{"preusuel":"CLAIRE","sexe":"f","dpt":"78","annais":2005,"nombre":27},{"preusuel":"CLARA","sexe":"f","dpt":"78","annais":2005,"nombre":117},{"preusuel":"CLARISSE","sexe":"f","dpt":"78","annais":2005,"nombre":18},{"preusuel":"CLAUDIA","sexe":"f","dpt":"78","annais":2005,"nombre":3},{"preusuel":"CLEA","sexe":"f","dpt":"78","annais":2005,"nombre":11},{"preusuel":"CLELIA","sexe":"f","dpt":"78","annais":2005,"nombre":6},{"preusuel":"CLEMENCE","sexe":"f","dpt":"78","annais":2005,"nombre":53},{"preusuel":"CLEMENT","sexe":"m","dpt":"78","annais":2005,"nombre":98},{"preusuel":"CLEMENTINE","sexe":"f","dpt":"78","annais":2005,"nombre":16},{"preusuel":"CLEO","sexe":"f","dpt":"78","annais":2005,"nombre":4},{"preusuel":"CLOE","sexe":"f","dpt":"78","annais":2005,"nombre":11},{"preusuel":"CLOTILDE","sexe":"f","dpt":"78","annais":2005,"nombre":7},{"preusuel":"CLOVIS","sexe":"m","dpt":"78","annais":2005,"nombre":5},{"preusuel":"COLIN","sexe":"m","dpt":"78","annais":2005,"nombre":5},{"preusuel":"COLINE","sexe":"f","dpt":"78","annais":2005,"nombre":15},{"preusuel":"COLOMBE","sexe":"f","dpt":"78","annais":2005,"nombre":4},{"preusuel":"COME","sexe":"m","dpt":"78","annais":2005,"nombre":19},{"preusuel":"CONSTANCE","sexe":"f","dpt":"78","annais":2005,"nombre":13},{"preusuel":"CORALIE","sexe":"f","dpt":"78","annais":2005,"nombre":8},{"preusuel":"CORALINE","sexe":"f","dpt":"78","annais":2005,"nombre":5},{"preusuel":"CORENTIN","sexe":"m","dpt":"78","annais":2005,"nombre":40},{"preusuel":"COUMBA","sexe":"f","dpt":"78","annais":2005,"nombre":3},{"preusuel":"CRYSTAL","sexe":"f","dpt":"78","annais":2005,"nombre":3},{"preusuel":"CYPRIEN","sexe":"m","dpt":"78","annais":2005,"nombre":12},{"preusuel":"CYRIELLE","sexe":"f","dpt":"78","annais":2005,"nombre":6},{"preusuel":"CYRIL","sexe":"m","dpt":"78","annais":2005,"nombre":8},{"preusuel":"DAMIEN","sexe":"m","dpt":"78","annais":2005,"nombre":22},{"preusuel":"DANIEL","sexe":"m","dpt":"78","annais":2005,"nombre":3},{"preusuel":"DAPHNE","sexe":"f","dpt":"78","annais":2005,"nombre":7},{"preusuel":"DAVID","sexe":"m","dpt":"78","annais":2005,"nombre":15},{"preusuel":"DELPHINE","sexe":"f","dpt":"78","annais":2005,"nombre":3},{"preusuel":"DENIS","sexe":"m","dpt":"78","annais":2005,"nombre":3},{"preusuel":"DIANA","sexe":"f","dpt":"78","annais":2005,"nombre":8},{"preusuel":"DIANE","sexe":"f","dpt":"78","annais":2005,"nombre":17},{"preusuel":"DIEGO","sexe":"m","dpt":"78","annais":2005,"nombre":12},{"preusuel":"DIEYNABA","sexe":"f","dpt":"78","annais":2005,"nombre":3},{"preusuel":"DILWEN","sexe":"f","dpt":"78","annais":2005,"nombre":3},{"preusuel":"DIMITRI","sexe":"m","dpt":"78","annais":2005,"nombre":11},{"preusuel":"DINA","sexe":"f","dpt":"78","annais":2005,"nombre":3},{"preusuel":"DIOGO","sexe":"m","dpt":"78","annais":2005,"nombre":3},{"preusuel":"DJESSY","sexe":"m","dpt":"78","annais":2005,"nombre":3},{"preusuel":"DJIBRIL","sexe":"m","dpt":"78","annais":2005,"nombre":8},{"preusuel":"DOMITILLE","sexe":"f","dpt":"78","annais":2005,"nombre":5},{"preusuel":"DORIAN","sexe":"m","dpt":"78","annais":2005,"nombre":24},{"preusuel":"DORIANE","sexe":"f","dpt":"78","annais":2005,"nombre":5},{"preusuel":"DORYAN","sexe":"m","dpt":"78","annais":2005,"nombre":3},{"preusuel":"DOUNIA","sexe":"f","dpt":"78","annais":2005,"nombre":9},{"preusuel":"DRISS","sexe":"m","dpt":"78","annais":2005,"nombre":3},{"preusuel":"DYLAN","sexe":"m","dpt":"78","annais":2005,"nombre":26},{"preusuel":"EDEN","sexe":"f","dpt":"78","annais":2005,"nombre":5},{"preusuel":"EDEN","sexe":"m","dpt":"78","annais":2005,"nombre":3},{"preusuel":"EDGAR","sexe":"m","dpt":"78","annais":2005,"nombre":3},{"preusuel":"EDOUARD","sexe":"m","dpt":"78","annais":2005,"nombre":7},{"preusuel":"EL","sexe":"f","dpt":"78","annais":2005,"nombre":3},{"preusuel":"ELEA","sexe":"f","dpt":"78","annais":2005,"nombre":25},{"preusuel":"ELEANORE","sexe":"f","dpt":"78","annais":2005,"nombre":3},{"preusuel":"ELENA","sexe":"f","dpt":"78","annais":2005,"nombre":23},{"preusuel":"ELEONORE","sexe":"f","dpt":"78","annais":2005,"nombre":14},{"preusuel":"ELIA","sexe":"f","dpt":"78","annais":2005,"nombre":4},{"preusuel":"ELIAS","sexe":"m","dpt":"78","annais":2005,"nombre":13},{"preusuel":"ELIE","sexe":"m","dpt":"78","annais":2005,"nombre":4},{"preusuel":"ELIF","sexe":"f","dpt":"78","annais":2005,"nombre":3},{"preusuel":"ELIJAH","sexe":"m","dpt":"78","annais":2005,"nombre":3},{"preusuel":"ELINA","sexe":"f","dpt":"78","annais":2005,"nombre":3},{"preusuel":"ELINE","sexe":"f","dpt":"78","annais":2005,"nombre":4},{"preusuel":"ELIOT","sexe":"m","dpt":"78","annais":2005,"nombre":7},{"preusuel":"ELIOTT","sexe":"m","dpt":"78","annais":2005,"nombre":24},{"preusuel":"ELISA","sexe":"f","dpt":"78","annais":2005,"nombre":40},{"preusuel":"ELISABETH","sexe":"f","dpt":"78","annais":2005,"nombre":9},{"preusuel":"ELISE","sexe":"f","dpt":"78","annais":2005,"nombre":28},{"preusuel":"ELIZA","sexe":"f","dpt":"78","annais":2005,"nombre":3},{"preusuel":"ELLA","sexe":"f","dpt":"78","annais":2005,"nombre":6},{"preusuel":"ELLIOT","sexe":"m","dpt":"78","annais":2005,"nombre":11},{"preusuel":"ELOANE","sexe":"f","dpt":"78","annais":2005,"nombre":3},{"preusuel":"ELODIE","sexe":"f","dpt":"78","annais":2005,"nombre":15},{"preusuel":"ELOI","sexe":"m","dpt":"78","annais":2005,"nombre":11},{"preusuel":"ELOISE","sexe":"f","dpt":"78","annais":2005,"nombre":26},{"preusuel":"ELOUAN","sexe":"m","dpt":"78","annais":2005,"nombre":8},{"preusuel":"ELSA","sexe":"f","dpt":"78","annais":2005,"nombre":21},{"preusuel":"ELYA","sexe":"f","dpt":"78","annais":2005,"nombre":4},{"preusuel":"EMELINE","sexe":"f","dpt":"78","annais":2005,"nombre":17},{"preusuel":"EMERIC","sexe":"m","dpt":"78","annais":2005,"nombre":5},{"preusuel":"EMIE","sexe":"f","dpt":"78","annais":2005,"nombre":5},{"preusuel":"EMILE","sexe":"m","dpt":"78","annais":2005,"nombre":4},{"preusuel":"EMILIE","sexe":"f","dpt":"78","annais":2005,"nombre":46},{"preusuel":"EMILIEN","sexe":"m","dpt":"78","annais":2005,"nombre":11},{"preusuel":"EMMA","sexe":"f","dpt":"78","annais":2005,"nombre":160},{"preusuel":"EMMANUEL","sexe":"m","dpt":"78","annais":2005,"nombre":9},{"preusuel":"EMMANUELLE","sexe":"f","dpt":"78","annais":2005,"nombre":3},{"preusuel":"EMMELINE","sexe":"f","dpt":"78","annais":2005,"nombre":3},{"preusuel":"EMMIE","sexe":"f","dpt":"78","annais":2005,"nombre":4},{"preusuel":"EMMY","sexe":"f","dpt":"78","annais":2005,"nombre":6},{"preusuel":"EMRE","sexe":"m","dpt":"78","annais":2005,"nombre":4},{"preusuel":"EMY","sexe":"f","dpt":"78","annais":2005,"nombre":5},{"preusuel":"ENGUERRAND","sexe":"m","dpt":"78","annais":2005,"nombre":6},{"preusuel":"ENOLA","sexe":"f","dpt":"78","annais":2005,"nombre":7},{"preusuel":"ENORA","sexe":"f","dpt":"78","annais":2005,"nombre":20},{"preusuel":"ENZO","sexe":"m","dpt":"78","annais":2005,"nombre":156},{"preusuel":"ERINE","sexe":"f","dpt":"78","annais":2005,"nombre":5},{"preusuel":"ERNEST","sexe":"m","dpt":"78","annais":2005,"nombre":3},{"preusuel":"ERWAN","sexe":"m","dpt":"78","annais":2005,"nombre":29},{"preusuel":"ERWANN","sexe":"m","dpt":"78","annais":2005,"nombre":10},{"preusuel":"ESTEBAN","sexe":"m","dpt":"78","annais":2005,"nombre":24},{"preusuel":"ESTELLE","sexe":"f","dpt":"78","annais":2005,"nombre":18},{"preusuel":"ESTHER","sexe":"f","dpt":"78","annais":2005,"nombre":12},{"preusuel":"ETAN","sexe":"m","dpt":"78","annais":2005,"nombre":3},{"preusuel":"ETHAN","sexe":"m","dpt":"78","annais":2005,"nombre":46},{"preusuel":"ETIENNE","sexe":"m","dpt":"78","annais":2005,"nombre":17},{"preusuel":"EUGENIE","sexe":"f","dpt":"78","annais":2005,"nombre":9},{"preusuel":"EULALIE","sexe":"f","dpt":"78","annais":2005,"nombre":3},{"preusuel":"EVA","sexe":"f","dpt":"78","annais":2005,"nombre":69},{"preusuel":"EVAN","sexe":"m","dpt":"78","annais":2005,"nombre":39},{"preusuel":"EVANN","sexe":"m","dpt":"78","annais":2005,"nombre":5},{"preusuel":"EVANS","sexe":"m","dpt":"78","annais":2005,"nombre":3},{"preusuel":"EVE","sexe":"f","dpt":"78","annais":2005,"nombre":6},{"preusuel":"EWAN","sexe":"m","dpt":"78","annais":2005,"nombre":10},{"preusuel":"EWEN","sexe":"m","dpt":"78","annais":2005,"nombre":22},{"preusuel":"FABIEN","sexe":"m","dpt":"78","annais":2005,"nombre":6},{"preusuel":"FABIO","sexe":"m","dpt":"78","annais":2005,"nombre":10},{"preusuel":"FANNY","sexe":"f","dpt":"78","annais":2005,"nombre":13},{"preusuel":"FANTA","sexe":"f","dpt":"78","annais":2005,"nombre":6},{"preusuel":"FARAH","sexe":"f","dpt":"78","annais":2005,"nombre":5},{"preusuel":"FARES","sexe":"m","dpt":"78","annais":2005,"nombre":7},{"preusuel":"FATIMA","sexe":"f","dpt":"78","annais":2005,"nombre":7},{"preusuel":"FATIMATA","sexe":"f","dpt":"78","annais":2005,"nombre":6},{"preusuel":"FATOU","sexe":"f","dpt":"78","annais":2005,"nombre":4},{"preusuel":"FATOUMATA","sexe":"f","dpt":"78","annais":2005,"nombre":9},{"preusuel":"FAUSTINE","sexe":"f","dpt":"78","annais":2005,"nombre":9},{"preusuel":"FELICIE","sexe":"f","dpt":"78","annais":2005,"nombre":4},{"preusuel":"FELIX","sexe":"m","dpt":"78","annais":2005,"nombre":4},{"preusuel":"FIONA","sexe":"f","dpt":"78","annais":2005,"nombre":4},{"preusuel":"FLAVIE","sexe":"f","dpt":"78","annais":2005,"nombre":9},{"preusuel":"FLAVIEN","sexe":"m","dpt":"78","annais":2005,"nombre":5},{"preusuel":"FLAVIO","sexe":"m","dpt":"78","annais":2005,"nombre":5},{"preusuel":"FLEUR","sexe":"f","dpt":"78","annais":2005,"nombre":5},{"preusuel":"FLORA","sexe":"f","dpt":"78","annais":2005,"nombre":12},{"preusuel":"FLORE","sexe":"f","dpt":"78","annais":2005,"nombre":6},{"preusuel":"FLORENT","sexe":"m","dpt":"78","annais":2005,"nombre":7},{"preusuel":"FLORENTIN","sexe":"m","dpt":"78","annais":2005,"nombre":3},{"preusuel":"FLORIAN","sexe":"m","dpt":"78","annais":2005,"nombre":40},{"preusuel":"FLORIANE","sexe":"f","dpt":"78","annais":2005,"nombre":3},{"preusuel":"FLORINE","sexe":"f","dpt":"78","annais":2005,"nombre":6},{"preusuel":"FODE","sexe":"m","dpt":"78","annais":2005,"nombre":3},{"preusuel":"FRANCOIS","sexe":"m","dpt":"78","annais":2005,"nombre":10},{"preusuel":"GABIN","sexe":"m","dpt":"78","annais":2005,"nombre":16},{"preusuel":"GABRIEL","sexe":"m","dpt":"78","annais":2005,"nombre":77},{"preusuel":"GABRIELLE","sexe":"f","dpt":"78","annais":2005,"nombre":13},{"preusuel":"GAEL","sexe":"m","dpt":"78","annais":2005,"nombre":5},{"preusuel":"GAELLE","sexe":"f","dpt":"78","annais":2005,"nombre":5},{"preusuel":"GAETAN","sexe":"m","dpt":"78","annais":2005,"nombre":15},{"preusuel":"GARANCE","sexe":"f","dpt":"78","annais":2005,"nombre":12},{"preusuel":"GASPARD","sexe":"m","dpt":"78","annais":2005,"nombre":17},{"preusuel":"GAUTHIER","sexe":"m","dpt":"78","annais":2005,"nombre":15},{"preusuel":"GAUTIER","sexe":"m","dpt":"78","annais":2005,"nombre":3},{"preusuel":"GEOFFREY","sexe":"m","dpt":"78","annais":2005,"nombre":3},{"preusuel":"GLADYS","sexe":"f","dpt":"78","annais":2005,"nombre":3},{"preusuel":"GLORIA","sexe":"f","dpt":"78","annais":2005,"nombre":3},{"preusuel":"GRACE","sexe":"f","dpt":"78","annais":2005,"nombre":4},{"preusuel":"GREGOIRE","sexe":"m","dpt":"78","annais":2005,"nombre":20},{"preusuel":"GREGORY","sexe":"m","dpt":"78","annais":2005,"nombre":9},{"preusuel":"GUILHEM","sexe":"m","dpt":"78","annais":2005,"nombre":8},{"preusuel":"GUILLAUME","sexe":"m","dpt":"78","annais":2005,"nombre":34},{"preusuel":"GUILLEMETTE","sexe":"f","dpt":"78","annais":2005,"nombre":6},{"preusuel":"GUSTAVE","sexe":"m","dpt":"78","annais":2005,"nombre":3},{"preusuel":"GWENAELLE","sexe":"f","dpt":"78","annais":2005,"nombre":4},{"preusuel":"GWENDAL","sexe":"m","dpt":"78","annais":2005,"nombre":5},{"preusuel":"HABY","sexe":"f","dpt":"78","annais":2005,"nombre":5},{"preusuel":"HADRIEN","sexe":"m","dpt":"78","annais":2005,"nombre":7},{"preusuel":"HAFSA","sexe":"f","dpt":"78","annais":2005,"nombre":6},{"preusuel":"HAJAR","sexe":"f","dpt":"78","annais":2005,"nombre":14},{"preusuel":"HAKIM","sexe":"m","dpt":"78","annais":2005,"nombre":3},{"preusuel":"HALIMA","sexe":"f","dpt":"78","annais":2005,"nombre":3},{"preusuel":"HAMIDOU","sexe":"m","dpt":"78","annais":2005,"nombre":4},{"preusuel":"HAMZA","sexe":"m","dpt":"78","annais":2005,"nombre":11},{"preusuel":"HANNA","sexe":"f","dpt":"78","annais":2005,"nombre":6},{"preusuel":"HASSAN","sexe":"m","dpt":"78","annais":2005,"nombre":5},{"preusuel":"HAWA","sexe":"f","dpt":"78","annais":2005,"nombre":11},{"preusuel":"HECTOR","sexe":"m","dpt":"78","annais":2005,"nombre":4},{"preusuel":"HELENA","sexe":"f","dpt":"78","annais":2005,"nombre":6},{"preusuel":"HELENE","sexe":"f","dpt":"78","annais":2005,"nombre":9},{"preusuel":"HELOISE","sexe":"f","dpt":"78","annais":2005,"nombre":26},{"preusuel":"HENRI","sexe":"m","dpt":"78","annais":2005,"nombre":10},{"preusuel":"HERMINE","sexe":"f","dpt":"78","annais":2005,"nombre":7},{"preusuel":"HERMIONE","sexe":"f","dpt":"78","annais":2005,"nombre":4},{"preusuel":"HICHAM","sexe":"m","dpt":"78","annais":2005,"nombre":3},{"preusuel":"HIPPOLYTE","sexe":"m","dpt":"78","annais":2005,"nombre":4},{"preusuel":"HORTENSE","sexe":"f","dpt":"78","annais":2005,"nombre":6},{"preusuel":"HUGO","sexe":"m","dpt":"78","annais":2005,"nombre":108},{"preusuel":"HUGUES","sexe":"m","dpt":"78","annais":2005,"nombre":4},{"preusuel":"IAN","sexe":"m","dpt":"78","annais":2005,"nombre":3},{"preusuel":"IBRAHIM","sexe":"m","dpt":"78","annais":2005,"nombre":12},{"preusuel":"IBRAHIMA","sexe":"m","dpt":"78","annais":2005,"nombre":3},{"preusuel":"IBTISSAM","sexe":"f","dpt":"78","annais":2005,"nombre":3},{"preusuel":"IDRIS","sexe":"m","dpt":"78","annais":2005,"nombre":4},{"preusuel":"IDRISS","sexe":"m","dpt":"78","annais":2005,"nombre":3},{"preusuel":"IKRAM","sexe":"f","dpt":"78","annais":2005,"nombre":3},{"preusuel":"ILAN","sexe":"m","dpt":"78","annais":2005,"nombre":8},{"preusuel":"ILANA","sexe":"f","dpt":"78","annais":2005,"nombre":8},{"preusuel":"ILENA","sexe":"f","dpt":"78","annais":2005,"nombre":3},{"preusuel":"ILHAN","sexe":"m","dpt":"78","annais":2005,"nombre":6},{"preusuel":"ILIAN","sexe":"m","dpt":"78","annais":2005,"nombre":11},{"preusuel":"ILIANA","sexe":"f","dpt":"78","annais":2005,"nombre":4},{"preusuel":"ILIAS","sexe":"m","dpt":"78","annais":2005,"nombre":4},{"preusuel":"ILIES","sexe":"m","dpt":"78","annais":2005,"nombre":8},{"preusuel":"ILLONA","sexe":"f","dpt":"78","annais":2005,"nombre":5},{"preusuel":"ILONA","sexe":"f","dpt":"78","annais":2005,"nombre":15},{"preusuel":"ILYANA","sexe":"f","dpt":"78","annais":2005,"nombre":3},{"preusuel":"ILYAS","sexe":"m","dpt":"78","annais":2005,"nombre":9},{"preusuel":"ILYES","sexe":"m","dpt":"78","annais":2005,"nombre":23},{"preusuel":"IMAD","sexe":"m","dpt":"78","annais":2005,"nombre":3},{"preusuel":"IMANE","sexe":"f","dpt":"78","annais":2005,"nombre":17},{"preusuel":"IMEN","sexe":"f","dpt":"78","annais":2005,"nombre":6},{"preusuel":"IMENE","sexe":"f","dpt":"78","annais":2005,"nombre":10},{"preusuel":"IMRAN","sexe":"m","dpt":"78","annais":2005,"nombre":4},{"preusuel":"IMRANE","sexe":"m","dpt":"78","annais":2005,"nombre":4},{"preusuel":"INES","sexe":"f","dpt":"78","annais":2005,"nombre":127},{"preusuel":"IONA","sexe":"f","dpt":"78","annais":2005,"nombre":3},{"preusuel":"IREM","sexe":"f","dpt":"78","annais":2005,"nombre":3},{"preusuel":"IRIS","sexe":"f","dpt":"78","annais":2005,"nombre":12},{"preusuel":"ISAAC","sexe":"m","dpt":"78","annais":2005,"nombre":3},{"preusuel":"ISABELLE","sexe":"f","dpt":"78","annais":2005,"nombre":5},{"preusuel":"ISAURE","sexe":"f","dpt":"78","annais":2005,"nombre":3},{"preusuel":"ISMAEL","sexe":"m","dpt":"78","annais":2005,"nombre":14},{"preusuel":"ISSA","sexe":"m","dpt":"78","annais":2005,"nombre":6},{"preusuel":"ISSAM","sexe":"m","dpt":"78","annais":2005,"nombre":8},{"preusuel":"IVAN","sexe":"m","dpt":"78","annais":2005,"nombre":3},{"preusuel":"JACQUES","sexe":"m","dpt":"78","annais":2005,"nombre":3},{"preusuel":"JADE","sexe":"f","dpt":"78","annais":2005,"nombre":73},{"preusuel":"JAMES","sexe":"m","dpt":"78","annais":2005,"nombre":5},{"preusuel":"JASMINE","sexe":"f","dpt":"78","annais":2005,"nombre":3},{"preusuel":"JASON","sexe":"m","dpt":"78","annais":2005,"nombre":7},{"preusuel":"JAWAD","sexe":"m","dpt":"78","annais":2005,"nombre":4},{"preusuel":"JAWED","sexe":"m","dpt":"78","annais":2005,"nombre":3},{"preusuel":"JAYSON","sexe":"m","dpt":"78","annais":2005,"nombre":3},{"preusuel":"JEAN","sexe":"m","dpt":"78","annais":2005,"nombre":13},{"preusuel":"JEAN-BAPTISTE","sexe":"m","dpt":"78","annais":2005,"nombre":11},{"preusuel":"JEANNE","sexe":"f","dpt":"78","annais":2005,"nombre":44},{"preusuel":"JENNA","sexe":"f","dpt":"78","annais":2005,"nombre":3},{"preusuel":"JEREMIE","sexe":"m","dpt":"78","annais":2005,"nombre":4},{"preusuel":"JEREMY","sexe":"m","dpt":"78","annais":2005,"nombre":13},{"preusuel":"JEROME","sexe":"m","dpt":"78","annais":2005,"nombre":3},{"preusuel":"JESSICA","sexe":"f","dpt":"78","annais":2005,"nombre":7},{"preusuel":"JESSY","sexe":"m","dpt":"78","annais":2005,"nombre":3},{"preusuel":"JIBRIL","sexe":"m","dpt":"78","annais":2005,"nombre":5},{"preusuel":"JIMMY","sexe":"m","dpt":"78","annais":2005,"nombre":5},{"preusuel":"JOACHIM","sexe":"m","dpt":"78","annais":2005,"nombre":3},{"preusuel":"JOANA","sexe":"f","dpt":"78","annais":2005,"nombre":6},{"preusuel":"JOANNA","sexe":"f","dpt":"78","annais":2005,"nombre":3},{"preusuel":"JOHAN","sexe":"m","dpt":"78","annais":2005,"nombre":10},{"preusuel":"JOHANN","sexe":"m","dpt":"78","annais":2005,"nombre":5},{"preusuel":"JONATHAN","sexe":"m","dpt":"78","annais":2005,"nombre":6},{"preusuel":"JORDAN","sexe":"m","dpt":"78","annais":2005,"nombre":19},{"preusuel":"JORIS","sexe":"m","dpt":"78","annais":2005,"nombre":6},{"preusuel":"JOSEPH","sexe":"m","dpt":"78","annais":2005,"nombre":12},{"preusuel":"JOSEPHINE","sexe":"f","dpt":"78","annais":2005,"nombre":14},{"preusuel":"JOSHUA","sexe":"m","dpt":"78","annais":2005,"nombre":6},{"preusuel":"JUDE","sexe":"m","dpt":"78","annais":2005,"nombre":3},{"preusuel":"JULES","sexe":"m","dpt":"78","annais":2005,"nombre":61},{"preusuel":"JULIA","sexe":"f","dpt":"78","annais":2005,"nombre":15},{"preusuel":"JULIAN","sexe":"m","dpt":"78","annais":2005,"nombre":11},{"preusuel":"JULIANE","sexe":"f","dpt":"78","annais":2005,"nombre":3},{"preusuel":"JULIE","sexe":"f","dpt":"78","annais":2005,"nombre":73},{"preusuel":"JULIEN","sexe":"m","dpt":"78","annais":2005,"nombre":68},{"preusuel":"JULIETTE","sexe":"f","dpt":"78","annais":2005,"nombre":76},{"preusuel":"JULINE","sexe":"f","dpt":"78","annais":2005,"nombre":3},{"preusuel":"JUSTIN","sexe":"m","dpt":"78","annais":2005,"nombre":4},{"preusuel":"JUSTINE","sexe":"f","dpt":"78","annais":2005,"nombre":46},{"preusuel":"KAHINA","sexe":"f","dpt":"78","annais":2005,"nombre":6},{"preusuel":"KAIS","sexe":"m","dpt":"78","annais":2005,"nombre":5},{"preusuel":"KAMEL","sexe":"m","dpt":"78","annais":2005,"nombre":4},{"preusuel":"KAMELIA","sexe":"f","dpt":"78","annais":2005,"nombre":3},{"preusuel":"KAREN","sexe":"f","dpt":"78","annais":2005,"nombre":5},{"preusuel":"KARIM","sexe":"m","dpt":"78","annais":2005,"nombre":4},{"preusuel":"KARL","sexe":"m","dpt":"78","annais":2005,"nombre":4},{"preusuel":"KASSANDRA","sexe":"f","dpt":"78","annais":2005,"nombre":8},{"preusuel":"KATELL","sexe":"f","dpt":"78","annais":2005,"nombre":4},{"preusuel":"KATIA","sexe":"f","dpt":"78","annais":2005,"nombre":3},{"preusuel":"KAWTAR","sexe":"f","dpt":"78","annais":2005,"nombre":3},{"preusuel":"KAYNA","sexe":"f","dpt":"78","annais":2005,"nombre":3},{"preusuel":"KELIA","sexe":"f","dpt":"78","annais":2005,"nombre":5},{"preusuel":"KELIAN","sexe":"m","dpt":"78","annais":2005,"nombre":3},{"preusuel":"KELLY","sexe":"f","dpt":"78","annais":2005,"nombre":8},{"preusuel":"KELVIN","sexe":"m","dpt":"78","annais":2005,"nombre":3},{"preusuel":"KELYAN","sexe":"m","dpt":"78","annais":2005,"nombre":5},{"preusuel":"KENAN","sexe":"m","dpt":"78","annais":2005,"nombre":6},{"preusuel":"KENCY","sexe":"f","dpt":"78","annais":2005,"nombre":3},{"preusuel":"KENZA","sexe":"f","dpt":"78","annais":2005,"nombre":11},{"preusuel":"KENZO","sexe":"m","dpt":"78","annais":2005,"nombre":8},{"preusuel":"KESSY","sexe":"f","dpt":"78","annais":2005,"nombre":5},{"preusuel":"KEVIN","sexe":"m","dpt":"78","annais":2005,"nombre":15},{"preusuel":"KEYNA","sexe":"f","dpt":"78","annais":2005,"nombre":3},{"preusuel":"KHADIJA","sexe":"f","dpt":"78","annais":2005,"nombre":5},{"preusuel":"KILIAN","sexe":"m","dpt":"78","annais":2005,"nombre":15},{"preusuel":"KILLIAN","sexe":"m","dpt":"78","annais":2005,"nombre":30},{"preusuel":"KILYAN","sexe":"m","dpt":"78","annais":2005,"nombre":5},{"preusuel":"KIM","sexe":"f","dpt":"78","annais":2005,"nombre":8},{"preusuel":"KIMBERLEY","sexe":"f","dpt":"78","annais":2005,"nombre":4},{"preusuel":"KLARA","sexe":"f","dpt":"78","annais":2005,"nombre":4},{"preusuel":"KRIS","sexe":"m","dpt":"78","annais":2005,"nombre":3},{"preusuel":"KYLIAN","sexe":"m","dpt":"78","annais":2005,"nombre":27},{"preusuel":"KYLIANN","sexe":"m","dpt":"78","annais":2005,"nombre":3},{"preusuel":"KYLLIAN","sexe":"m","dpt":"78","annais":2005,"nombre":7},{"preusuel":"LAETICIA","sexe":"f","dpt":"78","annais":2005,"nombre":4},{"preusuel":"LAETITIA","sexe":"f","dpt":"78","annais":2005,"nombre":14},{"preusuel":"LAILA","sexe":"f","dpt":"78","annais":2005,"nombre":3},{"preusuel":"LALIE","sexe":"f","dpt":"78","annais":2005,"nombre":3},{"preusuel":"LALY","sexe":"f","dpt":"78","annais":2005,"nombre":3},{"preusuel":"LAMIA","sexe":"f","dpt":"78","annais":2005,"nombre":6},{"preusuel":"LANA","sexe":"f","dpt":"78","annais":2005,"nombre":21},{"preusuel":"LARA","sexe":"f","dpt":"78","annais":2005,"nombre":6},{"preusuel":"LAURA","sexe":"f","dpt":"78","annais":2005,"nombre":72},{"preusuel":"LAURANE","sexe":"f","dpt":"78","annais":2005,"nombre":3},{"preusuel":"LAURE","sexe":"f","dpt":"78","annais":2005,"nombre":11},{"preusuel":"LAURELINE","sexe":"f","dpt":"78","annais":2005,"nombre":4},{"preusuel":"LAURIANE","sexe":"f","dpt":"78","annais":2005,"nombre":4},{"preusuel":"LAURINE","sexe":"f","dpt":"78","annais":2005,"nombre":5},{"preusuel":"LAURYN","sexe":"f","dpt":"78","annais":2005,"nombre":4},{"preusuel":"LAURYNE","sexe":"f","dpt":"78","annais":2005,"nombre":5},{"preusuel":"LEA","sexe":"f","dpt":"78","annais":2005,"nombre":124},{"preusuel":"LEANA","sexe":"f","dpt":"78","annais":2005,"nombre":6},{"preusuel":"LEANDRE","sexe":"m","dpt":"78","annais":2005,"nombre":5},{"preusuel":"LEANDRO","sexe":"m","dpt":"78","annais":2005,"nombre":4},{"preusuel":"LEANE","sexe":"f","dpt":"78","annais":2005,"nombre":35},{"preusuel":"LEANNE","sexe":"f","dpt":"78","annais":2005,"nombre":5},{"preusuel":"LEILA","sexe":"f","dpt":"78","annais":2005,"nombre":5},{"preusuel":"LEINA","sexe":"f","dpt":"78","annais":2005,"nombre":3},{"preusuel":"LENA","sexe":"f","dpt":"78","annais":2005,"nombre":46},{"preusuel":"LENI","sexe":"m","dpt":"78","annais":2005,"nombre":3},{"preusuel":"LENNY","sexe":"m","dpt":"78","annais":2005,"nombre":26},{"preusuel":"LENY","sexe":"m","dpt":"78","annais":2005,"nombre":7},{"preusuel":"LEO","sexe":"m","dpt":"78","annais":2005,"nombre":59},{"preusuel":"LEON","sexe":"m","dpt":"78","annais":2005,"nombre":4},{"preusuel":"LEONARD","sexe":"m","dpt":"78","annais":2005,"nombre":3},{"preusuel":"LEONIE","sexe":"f","dpt":"78","annais":2005,"nombre":26},{"preusuel":"LEOPOLD","sexe":"m","dpt":"78","annais":2005,"nombre":7},{"preusuel":"LESLIE","sexe":"f","dpt":"78","annais":2005,"nombre":3},{"preusuel":"LEYNA","sexe":"f","dpt":"78","annais":2005,"nombre":5},{"preusuel":"LIA","sexe":"f","dpt":"78","annais":2005,"nombre":4},{"preusuel":"LIAM","sexe":"m","dpt":"78","annais":2005,"nombre":6},{"preusuel":"LIANA","sexe":"f","dpt":"78","annais":2005,"nombre":3},{"preusuel":"LILA","sexe":"f","dpt":"78","annais":2005,"nombre":8},{"preusuel":"LILI","sexe":"f","dpt":"78","annais":2005,"nombre":5},{"preusuel":"LILIA","sexe":"f","dpt":"78","annais":2005,"nombre":6},{"preusuel":"LILIAN","sexe":"m","dpt":"78","annais":2005,"nombre":11},{"preusuel":"LILLY","sexe":"f","dpt":"78","annais":2005,"nombre":3},{"preusuel":"LILOU","sexe":"f","dpt":"78","annais":2005,"nombre":31},{"preusuel":"LILY","sexe":"f","dpt":"78","annais":2005,"nombre":11},{"preusuel":"LILY-ROSE","sexe":"f","dpt":"78","annais":2005,"nombre":3},{"preusuel":"LILYA","sexe":"f","dpt":"78","annais":2005,"nombre":4},{"preusuel":"LINA","sexe":"f","dpt":"78","annais":2005,"nombre":52},{"preusuel":"LINDA","sexe":"f","dpt":"78","annais":2005,"nombre":4},{"preusuel":"LINE","sexe":"f","dpt":"78","annais":2005,"nombre":3},{"preusuel":"LINO","sexe":"m","dpt":"78","annais":2005,"nombre":4},{"preusuel":"LIONEL","sexe":"m","dpt":"78","annais":2005,"nombre":3},{"preusuel":"LISA","sexe":"f","dpt":"78","annais":2005,"nombre":60},{"preusuel":"LISE","sexe":"f","dpt":"78","annais":2005,"nombre":17},{"preusuel":"LISON","sexe":"f","dpt":"78","annais":2005,"nombre":5},{"preusuel":"LIZEA","sexe":"f","dpt":"78","annais":2005,"nombre":5},{"preusuel":"LOAN","sexe":"m","dpt":"78","annais":2005,"nombre":11},{"preusuel":"LOANE","sexe":"f","dpt":"78","annais":2005,"nombre":12},{"preusuel":"LOANNE","sexe":"f","dpt":"78","annais":2005,"nombre":3},{"preusuel":"LOGAN","sexe":"m","dpt":"78","annais":2005,"nombre":7},{"preusuel":"LOGANN","sexe":"m","dpt":"78","annais":2005,"nombre":3},{"preusuel":"LOHAN","sexe":"m","dpt":"78","annais":2005,"nombre":3},{"preusuel":"LOIC","sexe":"m","dpt":"78","annais":2005,"nombre":22},{"preusuel":"LOIS","sexe":"f","dpt":"78","annais":2005,"nombre":4},{"preusuel":"LOISE","sexe":"f","dpt":"78","annais":2005,"nombre":4},{"preusuel":"LOLA","sexe":"f","dpt":"78","annais":2005,"nombre":57},{"preusuel":"LORA","sexe":"f","dpt":"78","annais":2005,"nombre":4},{"preusuel":"LORENZO","sexe":"m","dpt":"78","annais":2005,"nombre":14},{"preusuel":"LORIS","sexe":"m","dpt":"78","annais":2005,"nombre":5},{"preusuel":"LOU","sexe":"f","dpt":"78","annais":2005,"nombre":46},{"preusuel":"LOU","sexe":"m","dpt":"78","annais":2005,"nombre":3},{"preusuel":"LOU-ANN","sexe":"f","dpt":"78","annais":2005,"nombre":19},{"preusuel":"LOU-ANNE","sexe":"f","dpt":"78","annais":2005,"nombre":10},{"preusuel":"LOUANE","sexe":"f","dpt":"78","annais":2005,"nombre":10},{"preusuel":"LOUANN","sexe":"f","dpt":"78","annais":2005,"nombre":9},{"preusuel":"LOUANNE","sexe":"f","dpt":"78","annais":2005,"nombre":5},{"preusuel":"LOUBNA","sexe":"f","dpt":"78","annais":2005,"nombre":5},{"preusuel":"LOUIS","sexe":"m","dpt":"78","annais":2005,"nombre":97},{"preusuel":"LOUISA","sexe":"f","dpt":"78","annais":2005,"nombre":4},{"preusuel":"LOUISE","sexe":"f","dpt":"78","annais":2005,"nombre":52},{"preusuel":"LOUNA","sexe":"f","dpt":"78","annais":2005,"nombre":23},{"preusuel":"LOUP","sexe":"m","dpt":"78","annais":2005,"nombre":4},{"preusuel":"LUBIN","sexe":"m","dpt":"78","annais":2005,"nombre":3},{"preusuel":"LUC","sexe":"m","dpt":"78","annais":2005,"nombre":4},{"preusuel":"LUCA","sexe":"m","dpt":"78","annais":2005,"nombre":10},{"preusuel":"LUCAS","sexe":"m","dpt":"78","annais":2005,"nombre":132},{"preusuel":"LUCIE","sexe":"f","dpt":"78","annais":2005,"nombre":70},{"preusuel":"LUCIEN","sexe":"m","dpt":"78","annais":2005,"nombre":4},{"preusuel":"LUCILE","sexe":"f","dpt":"78","annais":2005,"nombre":16},{"preusuel":"LUCILLE","sexe":"f","dpt":"78","annais":2005,"nombre":5},{"preusuel":"LUCY","sexe":"f","dpt":"78","annais":2005,"nombre":4},{"preusuel":"LUDIVINE","sexe":"f","dpt":"78","annais":2005,"nombre":13},{"preusuel":"LUDOVIC","sexe":"m","dpt":"78","annais":2005,"nombre":5},{"preusuel":"LUKA","sexe":"m","dpt":"78","annais":2005,"nombre":8},{"preusuel":"LUKAS","sexe":"m","dpt":"78","annais":2005,"nombre":8},{"preusuel":"LUNA","sexe":"f","dpt":"78","annais":2005,"nombre":18},{"preusuel":"LYA","sexe":"f","dpt":"78","annais":2005,"nombre":5},{"preusuel":"LYDIA","sexe":"f","dpt":"78","annais":2005,"nombre":4},{"preusuel":"LYES","sexe":"m","dpt":"78","annais":2005,"nombre":3},{"preusuel":"LYLIAN","sexe":"m","dpt":"78","annais":2005,"nombre":4},{"preusuel":"LYNA","sexe":"f","dpt":"78","annais":2005,"nombre":10},{"preusuel":"MADELEINE","sexe":"f","dpt":"78","annais":2005,"nombre":7},{"preusuel":"MAEL","sexe":"m","dpt":"78","annais":2005,"nombre":29},{"preusuel":"MAELANE","sexe":"f","dpt":"78","annais":2005,"nombre":4},{"preusuel":"MAELIE","sexe":"f","dpt":"78","annais":2005,"nombre":3},{"preusuel":"MAELINE","sexe":"f","dpt":"78","annais":2005,"nombre":12},{"preusuel":"MAELLE","sexe":"f","dpt":"78","annais":2005,"nombre":39},{"preusuel":"MAELYS","sexe":"f","dpt":"78","annais":2005,"nombre":44},{"preusuel":"MAENA","sexe":"f","dpt":"78","annais":2005,"nombre":3},{"preusuel":"MAEVA","sexe":"f","dpt":"78","annais":2005,"nombre":41},{"preusuel":"MAHAMADOU","sexe":"m","dpt":"78","annais":2005,"nombre":3},{"preusuel":"MAHE","sexe":"m","dpt":"78","annais":2005,"nombre":3},{"preusuel":"MAIA","sexe":"f","dpt":"78","annais":2005,"nombre":5},{"preusuel":"MAILIS","sexe":"f","dpt":"78","annais":2005,"nombre":3},{"preusuel":"MAILYS","sexe":"f","dpt":"78","annais":2005,"nombre":15},{"preusuel":"MAIMOUNA","sexe":"f","dpt":"78","annais":2005,"nombre":4},{"preusuel":"MAISSA","sexe":"f","dpt":"78","annais":2005,"nombre":10},{"preusuel":"MAIWENN","sexe":"f","dpt":"78","annais":2005,"nombre":5},{"preusuel":"MALAK","sexe":"f","dpt":"78","annais":2005,"nombre":6},{"preusuel":"MALIK","sexe":"m","dpt":"78","annais":2005,"nombre":5},{"preusuel":"MALO","sexe":"m","dpt":"78","annais":2005,"nombre":15},{"preusuel":"MAMADOU","sexe":"m","dpt":"78","annais":2005,"nombre":8},{"preusuel":"MANAL","sexe":"f","dpt":"78","annais":2005,"nombre":5},{"preusuel":"MANEL","sexe":"f","dpt":"78","annais":2005,"nombre":14},{"preusuel":"MANELLE","sexe":"f","dpt":"78","annais":2005,"nombre":3},{"preusuel":"MANON","sexe":"f","dpt":"78","annais":2005,"nombre":125},{"preusuel":"MARC","sexe":"m","dpt":"78","annais":2005,"nombre":7},{"preusuel":"MARC-ANTOINE","sexe":"m","dpt":"78","annais":2005,"nombre":4},{"preusuel":"MARCEAU","sexe":"m","dpt":"78","annais":2005,"nombre":3},{"preusuel":"MARCO","sexe":"m","dpt":"78","annais":2005,"nombre":3},{"preusuel":"MARGAUX","sexe":"f","dpt":"78","annais":2005,"nombre":33},{"preusuel":"MARGOT","sexe":"f","dpt":"78","annais":2005,"nombre":38},{"preusuel":"MARGUERITE","sexe":"f","dpt":"78","annais":2005,"nombre":7},{"preusuel":"MARIA","sexe":"f","dpt":"78","annais":2005,"nombre":5},{"preusuel":"MARIAM","sexe":"f","dpt":"78","annais":2005,"nombre":11},{"preusuel":"MARIAMA","sexe":"f","dpt":"78","annais":2005,"nombre":3},{"preusuel":"MARIAME","sexe":"f","dpt":"78","annais":2005,"nombre":7},{"preusuel":"MARIE","sexe":"f","dpt":"78","annais":2005,"nombre":77},{"preusuel":"MARIE-LOU","sexe":"f","dpt":"78","annais":2005,"nombre":6},{"preusuel":"MARIN","sexe":"m","dpt":"78","annais":2005,"nombre":7},{"preusuel":"MARINA","sexe":"f","dpt":"78","annais":2005,"nombre":6},{"preusuel":"MARINE","sexe":"f","dpt":"78","annais":2005,"nombre":43},{"preusuel":"MARION","sexe":"f","dpt":"78","annais":2005,"nombre":33},{"preusuel":"MARIUS","sexe":"m","dpt":"78","annais":2005,"nombre":10},{"preusuel":"MAROUA","sexe":"f","dpt":"78","annais":2005,"nombre":4},{"preusuel":"MAROUANE","sexe":"m","dpt":"78","annais":2005,"nombre":4},{"preusuel":"MARTIN","sexe":"m","dpt":"78","annais":2005,"nombre":38},{"preusuel":"MARVIN","sexe":"m","dpt":"78","annais":2005,"nombre":6},{"preusuel":"MARWA","sexe":"f","dpt":"78","annais":2005,"nombre":10},{"preusuel":"MARWAN","sexe":"m","dpt":"78","annais":2005,"nombre":17},{"preusuel":"MARWANE","sexe":"m","dpt":"78","annais":2005,"nombre":8},{"preusuel":"MARYAM","sexe":"f","dpt":"78","annais":2005,"nombre":7},{"preusuel":"MARYLOU","sexe":"f","dpt":"78","annais":2005,"nombre":3},{"preusuel":"MATEO","sexe":"m","dpt":"78","annais":2005,"nombre":32},{"preusuel":"MATHEO","sexe":"m","dpt":"78","annais":2005,"nombre":75},{"preusuel":"MATHIAS","sexe":"m","dpt":"78","annais":2005,"nombre":22},{"preusuel":"MATHIEU","sexe":"m","dpt":"78","annais":2005,"nombre":38},{"preusuel":"MATHILDE","sexe":"f","dpt":"78","annais":2005,"nombre":80},{"preusuel":"MATHIS","sexe":"m","dpt":"78","annais":2005,"nombre":110},{"preusuel":"MATHURIN","sexe":"m","dpt":"78","annais":2005,"nombre":4},{"preusuel":"MATHYS","sexe":"m","dpt":"78","annais":2005,"nombre":29},{"preusuel":"MATIAS","sexe":"m","dpt":"78","annais":2005,"nombre":3},{"preusuel":"MATIS","sexe":"m","dpt":"78","annais":2005,"nombre":11},{"preusuel":"MATISSE","sexe":"m","dpt":"78","annais":2005,"nombre":7},{"preusuel":"MATTEO","sexe":"m","dpt":"78","annais":2005,"nombre":77},{"preusuel":"MATTHEO","sexe":"m","dpt":"78","annais":2005,"nombre":9},{"preusuel":"MATTHEW","sexe":"m","dpt":"78","annais":2005,"nombre":3},{"preusuel":"MATTHIAS","sexe":"m","dpt":"78","annais":2005,"nombre":8},{"preusuel":"MATTHIEU","sexe":"m","dpt":"78","annais":2005,"nombre":42},{"preusuel":"MATTHIS","sexe":"m","dpt":"78","annais":2005,"nombre":3},{"preusuel":"MATTIS","sexe":"m","dpt":"78","annais":2005,"nombre":4},{"preusuel":"MATYS","sexe":"m","dpt":"78","annais":2005,"nombre":3},{"preusuel":"MAUD","sexe":"f","dpt":"78","annais":2005,"nombre":10},{"preusuel":"MAX","sexe":"m","dpt":"78","annais":2005,"nombre":7},{"preusuel":"MAXENCE","sexe":"m","dpt":"78","annais":2005,"nombre":81},{"preusuel":"MAXENS","sexe":"m","dpt":"78","annais":2005,"nombre":3},{"preusuel":"MAXIME","sexe":"m","dpt":"78","annais":2005,"nombre":106},{"preusuel":"MAYA","sexe":"f","dpt":"78","annais":2005,"nombre":12},{"preusuel":"MAYEUL","sexe":"m","dpt":"78","annais":2005,"nombre":6},{"preusuel":"MAYLIS","sexe":"f","dpt":"78","annais":2005,"nombre":15},{"preusuel":"MAYSSA","sexe":"f","dpt":"78","annais":2005,"nombre":5},{"preusuel":"MEHDI","sexe":"m","dpt":"78","annais":2005,"nombre":27},{"preusuel":"MEISSA","sexe":"f","dpt":"78","annais":2005,"nombre":3},{"preusuel":"MELANIE","sexe":"f","dpt":"78","annais":2005,"nombre":13},{"preusuel":"MELINA","sexe":"f","dpt":"78","annais":2005,"nombre":6},{"preusuel":"MELINE","sexe":"f","dpt":"78","annais":2005,"nombre":22},{"preusuel":"MELISSA","sexe":"f","dpt":"78","annais":2005,"nombre":23},{"preusuel":"MELVIN","sexe":"m","dpt":"78","annais":2005,"nombre":7},{"preusuel":"MELVYN","sexe":"m","dpt":"78","annais":2005,"nombre":6},{"preusuel":"MELYA","sexe":"f","dpt":"78","annais":2005,"nombre":3},{"preusuel":"MERLIN","sexe":"m","dpt":"78","annais":2005,"nombre":3},{"preusuel":"MERWAN","sexe":"m","dpt":"78","annais":2005,"nombre":4},{"preusuel":"MERWANE","sexe":"m","dpt":"78","annais":2005,"nombre":3},{"preusuel":"MIA","sexe":"f","dpt":"78","annais":2005,"nombre":6},{"preusuel":"MICHAEL","sexe":"m","dpt":"78","annais":2005,"nombre":6},{"preusuel":"MICHEL","sexe":"m","dpt":"78","annais":2005,"nombre":4},{"preusuel":"MICKAEL","sexe":"m","dpt":"78","annais":2005,"nombre":10},{"preusuel":"MIGUEL","sexe":"m","dpt":"78","annais":2005,"nombre":3},{"preusuel":"MIKAIL","sexe":"m","dpt":"78","annais":2005,"nombre":3},{"preusuel":"MILA","sexe":"f","dpt":"78","annais":2005,"nombre":8},{"preusuel":"MILAN","sexe":"m","dpt":"78","annais":2005,"nombre":7},{"preusuel":"MINA","sexe":"f","dpt":"78","annais":2005,"nombre":3},{"preusuel":"MOHAMED","sexe":"m","dpt":"78","annais":2005,"nombre":55},{"preusuel":"MOHAMED-AMINE","sexe":"m","dpt":"78","annais":2005,"nombre":6},{"preusuel":"MOHAMMED","sexe":"m","dpt":"78","annais":2005,"nombre":5},{"preusuel":"MONA","sexe":"f","dpt":"78","annais":2005,"nombre":8},{"preusuel":"MORGAN","sexe":"f","dpt":"78","annais":2005,"nombre":4},{"preusuel":"MORGAN","sexe":"m","dpt":"78","annais":2005,"nombre":4},{"preusuel":"MORGANE","sexe":"f","dpt":"78","annais":2005,"nombre":44},{"preusuel":"MOUNIR","sexe":"m","dpt":"78","annais":2005,"nombre":4},{"preusuel":"MOUSSA","sexe":"m","dpt":"78","annais":2005,"nombre":14},{"preusuel":"MYLENE","sexe":"f","dpt":"78","annais":2005,"nombre":4},{"preusuel":"MYRIAM","sexe":"f","dpt":"78","annais":2005,"nombre":36},{"preusuel":"NABIL","sexe":"m","dpt":"78","annais":2005,"nombre":5},{"preusuel":"NADIR","sexe":"m","dpt":"78","annais":2005,"nombre":4},{"preusuel":"NAEL","sexe":"m","dpt":"78","annais":2005,"nombre":4},{"preusuel":"NAELLE","sexe":"f","dpt":"78","annais":2005,"nombre":4},{"preusuel":"NAIM","sexe":"m","dpt":"78","annais":2005,"nombre":12},{"preusuel":"NAOMIE","sexe":"f","dpt":"78","annais":2005,"nombre":7},{"preusuel":"NAOUFEL","sexe":"m","dpt":"78","annais":2005,"nombre":5},{"preusuel":"NASSIM","sexe":"m","dpt":"78","annais":2005,"nombre":13},{"preusuel":"NATACHA","sexe":"f","dpt":"78","annais":2005,"nombre":5},{"preusuel":"NATHAN","sexe":"m","dpt":"78","annais":2005,"nombre":113},{"preusuel":"NATHANAEL","sexe":"m","dpt":"78","annais":2005,"nombre":5},{"preusuel":"NAWEL","sexe":"f","dpt":"78","annais":2005,"nombre":12},{"preusuel":"NAWFEL","sexe":"m","dpt":"78","annais":2005,"nombre":5},{"preusuel":"NELLY","sexe":"f","dpt":"78","annais":2005,"nombre":3},{"preusuel":"NELSON","sexe":"m","dpt":"78","annais":2005,"nombre":5},{"preusuel":"NELYA","sexe":"f","dpt":"78","annais":2005,"nombre":3},{"preusuel":"NESRINE","sexe":"f","dpt":"78","annais":2005,"nombre":6},{"preusuel":"NICOLAS","sexe":"m","dpt":"78","annais":2005,"nombre":73},{"preusuel":"NIELS","sexe":"m","dpt":"78","annais":2005,"nombre":4},{"preusuel":"NILS","sexe":"m","dpt":"78","annais":2005,"nombre":10},{"preusuel":"NINA","sexe":"f","dpt":"78","annais":2005,"nombre":26},{"preusuel":"NINO","sexe":"m","dpt":"78","annais":2005,"nombre":6},{"preusuel":"NINON","sexe":"f","dpt":"78","annais":2005,"nombre":16},{"preusuel":"NOA","sexe":"f","dpt":"78","annais":2005,"nombre":4},{"preusuel":"NOA","sexe":"m","dpt":"78","annais":2005,"nombre":21},{"preusuel":"NOAH","sexe":"m","dpt":"78","annais":2005,"nombre":53},{"preusuel":"NOAM","sexe":"m","dpt":"78","annais":2005,"nombre":16},{"preusuel":"NOE","sexe":"m","dpt":"78","annais":2005,"nombre":32},{"preusuel":"NOELIE","sexe":"f","dpt":"78","annais":2005,"nombre":4},{"preusuel":"NOEMIE","sexe":"f","dpt":"78","annais":2005,"nombre":43},{"preusuel":"NOHAM","sexe":"m","dpt":"78","annais":2005,"nombre":5},{"preusuel":"NOHLAN","sexe":"m","dpt":"78","annais":2005,"nombre":3},{"preusuel":"NOLAN","sexe":"m","dpt":"78","annais":2005,"nombre":35},{"preusuel":"NOLANN","sexe":"m","dpt":"78","annais":2005,"nombre":6},{"preusuel":"NOLHAN","sexe":"m","dpt":"78","annais":2005,"nombre":9},{"preusuel":"NOLWENN","sexe":"f","dpt":"78","annais":2005,"nombre":3},{"preusuel":"NORA","sexe":"f","dpt":"78","annais":2005,"nombre":15},{"preusuel":"NORAH","sexe":"f","dpt":"78","annais":2005,"nombre":3},{"preusuel":"NOUR","sexe":"f","dpt":"78","annais":2005,"nombre":8},{"preusuel":"NOURA","sexe":"f","dpt":"78","annais":2005,"nombre":4},{"preusuel":"NUNO","sexe":"m","dpt":"78","annais":2005,"nombre":3},{"preusuel":"OCEANE","sexe":"f","dpt":"78","annais":2005,"nombre":79},{"preusuel":"OCTAVE","sexe":"m","dpt":"78","annais":2005,"nombre":7},{"preusuel":"OLIVIA","sexe":"f","dpt":"78","annais":2005,"nombre":19},{"preusuel":"OLIVIER","sexe":"m","dpt":"78","annais":2005,"nombre":8},{"preusuel":"OMAR","sexe":"m","dpt":"78","annais":2005,"nombre":6},{"preusuel":"OMBELINE","sexe":"f","dpt":"78","annais":2005,"nombre":8},{"preusuel":"ONDINE","sexe":"f","dpt":"78","annais":2005,"nombre":3},{"preusuel":"ORIANE","sexe":"f","dpt":"78","annais":2005,"nombre":10},{"preusuel":"ORLANE","sexe":"f","dpt":"78","annais":2005,"nombre":6},{"preusuel":"ORNELLA","sexe":"f","dpt":"78","annais":2005,"nombre":4},{"preusuel":"OSCAR","sexe":"m","dpt":"78","annais":2005,"nombre":20},{"preusuel":"OTHMANE","sexe":"m","dpt":"78","annais":2005,"nombre":3},{"preusuel":"OUMAR","sexe":"m","dpt":"78","annais":2005,"nombre":3},{"preusuel":"OUSMANE","sexe":"m","dpt":"78","annais":2005,"nombre":8},{"preusuel":"OWEN","sexe":"m","dpt":"78","annais":2005,"nombre":4},{"preusuel":"PABLO","sexe":"m","dpt":"78","annais":2005,"nombre":8},{"preusuel":"PACOME","sexe":"m","dpt":"78","annais":2005,"nombre":3},{"preusuel":"PALOMA","sexe":"f","dpt":"78","annais":2005,"nombre":5},{"preusuel":"PAOLA","sexe":"f","dpt":"78","annais":2005,"nombre":4},{"preusuel":"PAUL","sexe":"m","dpt":"78","annais":2005,"nombre":96},{"preusuel":"PAULA","sexe":"f","dpt":"78","annais":2005,"nombre":3},{"preusuel":"PAULINE","sexe":"f","dpt":"78","annais":2005,"nombre":49},{"preusuel":"PENELOPE","sexe":"f","dpt":"78","annais":2005,"nombre":4},{"preusuel":"PERRINE","sexe":"f","dpt":"78","annais":2005,"nombre":9},{"preusuel":"PHILIPPE","sexe":"m","dpt":"78","annais":2005,"nombre":3},{"preusuel":"PHILIPPINE","sexe":"f","dpt":"78","annais":2005,"nombre":8},{"preusuel":"PIA","sexe":"f","dpt":"78","annais":2005,"nombre":3},{"preusuel":"PIERRE","sexe":"m","dpt":"78","annais":2005,"nombre":48},{"preusuel":"PIERRE-LOUIS","sexe":"m","dpt":"78","annais":2005,"nombre":3},{"preusuel":"PIERRE-YVES","sexe":"m","dpt":"78","annais":2005,"nombre":3},{"preusuel":"PIERRICK","sexe":"m","dpt":"78","annais":2005,"nombre":4},{"preusuel":"PRUNE","sexe":"f","dpt":"78","annais":2005,"nombre":5},{"preusuel":"QUENTIN","sexe":"m","dpt":"78","annais":2005,"nombre":83},{"preusuel":"QUITTERIE","sexe":"f","dpt":"78","annais":2005,"nombre":6},{"preusuel":"RACHEL","sexe":"f","dpt":"78","annais":2005,"nombre":6},{"preusuel":"RAFAEL","sexe":"m","dpt":"78","annais":2005,"nombre":20},{"preusuel":"RANIA","sexe":"f","dpt":"78","annais":2005,"nombre":12},{"preusuel":"RANYA","sexe":"f","dpt":"78","annais":2005,"nombre":6},{"preusuel":"RAPHAEL","sexe":"m","dpt":"78","annais":2005,"nombre":126},{"preusuel":"RAPHAELLE","sexe":"f","dpt":"78","annais":2005,"nombre":13},{"preusuel":"RAYAN","sexe":"m","dpt":"78","annais":2005,"nombre":39},{"preusuel":"RAYANE","sexe":"m","dpt":"78","annais":2005,"nombre":17},{"preusuel":"REBECCA","sexe":"f","dpt":"78","annais":2005,"nombre":6},{"preusuel":"REDA","sexe":"m","dpt":"78","annais":2005,"nombre":11},{"preusuel":"REMI","sexe":"m","dpt":"78","annais":2005,"nombre":30},{"preusuel":"REMY","sexe":"m","dpt":"78","annais":2005,"nombre":10},{"preusuel":"RIYAD","sexe":"m","dpt":"78","annais":2005,"nombre":3},{"preusuel":"ROBIN","sexe":"m","dpt":"78","annais":2005,"nombre":28},{"preusuel":"ROCH","sexe":"m","dpt":"78","annais":2005,"nombre":4},{"preusuel":"ROMAIN","sexe":"m","dpt":"78","annais":2005,"nombre":83},{"preusuel":"ROMANE","sexe":"f","dpt":"78","annais":2005,"nombre":63},{"preusuel":"ROMEO","sexe":"m","dpt":"78","annais":2005,"nombre":3},{"preusuel":"ROMY","sexe":"f","dpt":"78","annais":2005,"nombre":3},{"preusuel":"RONAN","sexe":"m","dpt":"78","annais":2005,"nombre":9},{"preusuel":"ROSE","sexe":"f","dpt":"78","annais":2005,"nombre":13},{"preusuel":"ROXANE","sexe":"f","dpt":"78","annais":2005,"nombre":9},{"preusuel":"RUBEN","sexe":"m","dpt":"78","annais":2005,"nombre":8},{"preusuel":"RUDY","sexe":"m","dpt":"78","annais":2005,"nombre":3},{"preusuel":"RYAD","sexe":"m","dpt":"78","annais":2005,"nombre":3},{"preusuel":"RYAN","sexe":"m","dpt":"78","annais":2005,"nombre":18},{"preusuel":"SABRI","sexe":"m","dpt":"78","annais":2005,"nombre":8},{"preusuel":"SABRINA","sexe":"f","dpt":"78","annais":2005,"nombre":7},{"preusuel":"SACHA","sexe":"f","dpt":"78","annais":2005,"nombre":3},{"preusuel":"SACHA","sexe":"m","dpt":"78","annais":2005,"nombre":23},{"preusuel":"SADIO","sexe":"m","dpt":"78","annais":2005,"nombre":6},{"preusuel":"SAFIA","sexe":"f","dpt":"78","annais":2005,"nombre":9},{"preusuel":"SAFIYA","sexe":"f","dpt":"78","annais":2005,"nombre":3},{"preusuel":"SAKINA","sexe":"f","dpt":"78","annais":2005,"nombre":5},{"preusuel":"SALMA","sexe":"f","dpt":"78","annais":2005,"nombre":19},{"preusuel":"SALMANE","sexe":"m","dpt":"78","annais":2005,"nombre":3},{"preusuel":"SALOME","sexe":"f","dpt":"78","annais":2005,"nombre":13},{"preusuel":"SAM","sexe":"m","dpt":"78","annais":2005,"nombre":4},{"preusuel":"SAMANTHA","sexe":"f","dpt":"78","annais":2005,"nombre":4},{"preusuel":"SAMBA","sexe":"m","dpt":"78","annais":2005,"nombre":6},{"preusuel":"SAMI","sexe":"m","dpt":"78","annais":2005,"nombre":10},{"preusuel":"SAMIA","sexe":"f","dpt":"78","annais":2005,"nombre":6},{"preusuel":"SAMIR","sexe":"m","dpt":"78","annais":2005,"nombre":5},{"preusuel":"SAMIRA","sexe":"f","dpt":"78","annais":2005,"nombre":3},{"preusuel":"SAMUEL","sexe":"m","dpt":"78","annais":2005,"nombre":30},{"preusuel":"SAMY","sexe":"m","dpt":"78","annais":2005,"nombre":17},{"preusuel":"SANA","sexe":"f","dpt":"78","annais":2005,"nombre":4},{"preusuel":"SANAA","sexe":"f","dpt":"78","annais":2005,"nombre":4},{"preusuel":"SANDRA","sexe":"f","dpt":"78","annais":2005,"nombre":4},{"preusuel":"SARA","sexe":"f","dpt":"78","annais":2005,"nombre":33},{"preusuel":"SARAH","sexe":"f","dpt":"78","annais":2005,"nombre":111},{"preusuel":"SASHA","sexe":"f","dpt":"78","annais":2005,"nombre":3},{"preusuel":"SASHA","sexe":"m","dpt":"78","annais":2005,"nombre":5},{"preusuel":"SATINE","sexe":"f","dpt":"78","annais":2005,"nombre":3},{"preusuel":"SEBASTIEN","sexe":"m","dpt":"78","annais":2005,"nombre":12},{"preusuel":"SELENA","sexe":"f","dpt":"78","annais":2005,"nombre":4},{"preusuel":"SELENE","sexe":"f","dpt":"78","annais":2005,"nombre":4},{"preusuel":"SELMA","sexe":"f","dpt":"78","annais":2005,"nombre":14},{"preusuel":"SERENA","sexe":"f","dpt":"78","annais":2005,"nombre":3},{"preusuel":"SERKAN","sexe":"m","dpt":"78","annais":2005,"nombre":3},{"preusuel":"SHAIMA","sexe":"f","dpt":"78","annais":2005,"nombre":4},{"preusuel":"SHANA","sexe":"f","dpt":"78","annais":2005,"nombre":3},{"preusuel":"SHANNA","sexe":"f","dpt":"78","annais":2005,"nombre":4},{"preusuel":"SIBYLLE","sexe":"f","dpt":"78","annais":2005,"nombre":3},{"preusuel":"SIDONIE","sexe":"f","dpt":"78","annais":2005,"nombre":4},{"preusuel":"SIMON","sexe":"m","dpt":"78","annais":2005,"nombre":22},{"preusuel":"SIRINE","sexe":"f","dpt":"78","annais":2005,"nombre":11},{"preusuel":"SIXTINE","sexe":"f","dpt":"78","annais":2005,"nombre":10},{"preusuel":"SOFIA","sexe":"f","dpt":"78","annais":2005,"nombre":24},{"preusuel":"SOFIAN","sexe":"m","dpt":"78","annais":2005,"nombre":5},{"preusuel":"SOFIANE","sexe":"m","dpt":"78","annais":2005,"nombre":30},{"preusuel":"SOHANE","sexe":"f","dpt":"78","annais":2005,"nombre":7},{"preusuel":"SOHEIL","sexe":"m","dpt":"78","annais":2005,"nombre":3},{"preusuel":"SOLAL","sexe":"m","dpt":"78","annais":2005,"nombre":3},{"preusuel":"SOLENE","sexe":"f","dpt":"78","annais":2005,"nombre":24},{"preusuel":"SOLENN","sexe":"f","dpt":"78","annais":2005,"nombre":11},{"preusuel":"SOLINE","sexe":"f","dpt":"78","annais":2005,"nombre":3},{"preusuel":"SONIA","sexe":"f","dpt":"78","annais":2005,"nombre":7},{"preusuel":"SOPHIA","sexe":"f","dpt":"78","annais":2005,"nombre":3},{"preusuel":"SOPHIE","sexe":"f","dpt":"78","annais":2005,"nombre":21},{"preusuel":"SORAYA","sexe":"f","dpt":"78","annais":2005,"nombre":3},{"preusuel":"SOUMAYA","sexe":"f","dpt":"78","annais":2005,"nombre":3},{"preusuel":"STANISLAS","sexe":"m","dpt":"78","annais":2005,"nombre":15},{"preusuel":"STELLA","sexe":"f","dpt":"78","annais":2005,"nombre":7},{"preusuel":"STEPHANE","sexe":"m","dpt":"78","annais":2005,"nombre":5},{"preusuel":"STEVEN","sexe":"m","dpt":"78","annais":2005,"nombre":8},{"preusuel":"SULLIVAN","sexe":"m","dpt":"78","annais":2005,"nombre":3},{"preusuel":"SUZANNE","sexe":"f","dpt":"78","annais":2005,"nombre":8},{"preusuel":"SWAN","sexe":"m","dpt":"78","annais":2005,"nombre":4},{"preusuel":"SWANN","sexe":"f","dpt":"78","annais":2005,"nombre":3},{"preusuel":"SWANN","sexe":"m","dpt":"78","annais":2005,"nombre":7},{"preusuel":"SYLVAIN","sexe":"m","dpt":"78","annais":2005,"nombre":4},{"preusuel":"SYRINE","sexe":"f","dpt":"78","annais":2005,"nombre":3},{"preusuel":"TAIS","sexe":"f","dpt":"78","annais":2005,"nombre":3},{"preusuel":"TALIA","sexe":"f","dpt":"78","annais":2005,"nombre":6},{"preusuel":"TANGUY","sexe":"m","dpt":"78","annais":2005,"nombre":10},{"preusuel":"TANYA","sexe":"f","dpt":"78","annais":2005,"nombre":3},{"preusuel":"TARA","sexe":"f","dpt":"78","annais":2005,"nombre":4},{"preusuel":"TASNIM","sexe":"f","dpt":"78","annais":2005,"nombre":4},{"preusuel":"TATIANA","sexe":"f","dpt":"78","annais":2005,"nombre":7},{"preusuel":"TEDDY","sexe":"m","dpt":"78","annais":2005,"nombre":6},{"preusuel":"TEO","sexe":"m","dpt":"78","annais":2005,"nombre":8},{"preusuel":"TERENCE","sexe":"m","dpt":"78","annais":2005,"nombre":3},{"preusuel":"TESS","sexe":"f","dpt":"78","annais":2005,"nombre":8},{"preusuel":"TESSA","sexe":"f","dpt":"78","annais":2005,"nombre":6},{"preusuel":"THAIS","sexe":"f","dpt":"78","annais":2005,"nombre":15},{"preusuel":"THEA","sexe":"f","dpt":"78","annais":2005,"nombre":3},{"preusuel":"THELMA","sexe":"f","dpt":"78","annais":2005,"nombre":3},{"preusuel":"THEMIS","sexe":"f","dpt":"78","annais":2005,"nombre":4},{"preusuel":"THEO","sexe":"m","dpt":"78","annais":2005,"nombre":96},{"preusuel":"THEOPHILE","sexe":"m","dpt":"78","annais":2005,"nombre":14},{"preusuel":"THEOTIME","sexe":"m","dpt":"78","annais":2005,"nombre":3},{"preusuel":"THIBAUD","sexe":"m","dpt":"78","annais":2005,"nombre":9},{"preusuel":"THIBAULT","sexe":"m","dpt":"78","annais":2005,"nombre":33},{"preusuel":"THIBAUT","sexe":"m","dpt":"78","annais":2005,"nombre":9},{"preusuel":"THOMAS","sexe":"m","dpt":"78","annais":2005,"nombre":134},{"preusuel":"TIAGO","sexe":"m","dpt":"78","annais":2005,"nombre":9},{"preusuel":"TIFENN","sexe":"f","dpt":"78","annais":2005,"nombre":9},{"preusuel":"TIFFANY","sexe":"f","dpt":"78","annais":2005,"nombre":6},{"preusuel":"TIM","sexe":"m","dpt":"78","annais":2005,"nombre":4},{"preusuel":"TIMEO","sexe":"m","dpt":"78","annais":2005,"nombre":11},{"preusuel":"TIMOTHE","sexe":"m","dpt":"78","annais":2005,"nombre":18},{"preusuel":"TIMOTHEE","sexe":"m","dpt":"78","annais":2005,"nombre":20},{"preusuel":"TIMOTHY","sexe":"m","dpt":"78","annais":2005,"nombre":3},{"preusuel":"TIPHAINE","sexe":"f","dpt":"78","annais":2005,"nombre":12},{"preusuel":"TIPHANIE","sexe":"f","dpt":"78","annais":2005,"nombre":3},{"preusuel":"TITOUAN","sexe":"m","dpt":"78","annais":2005,"nombre":25},{"preusuel":"TOM","sexe":"m","dpt":"78","annais":2005,"nombre":80},{"preusuel":"TONY","sexe":"m","dpt":"78","annais":2005,"nombre":8},{"preusuel":"TRISTAN","sexe":"m","dpt":"78","annais":2005,"nombre":37},{"preusuel":"UGO","sexe":"m","dpt":"78","annais":2005,"nombre":9},{"preusuel":"ULYSSE","sexe":"m","dpt":"78","annais":2005,"nombre":9},{"preusuel":"VALENTIN","sexe":"m","dpt":"78","annais":2005,"nombre":53},{"preusuel":"VALENTINE","sexe":"f","dpt":"78","annais":2005,"nombre":30},{"preusuel":"VALENTINO","sexe":"m","dpt":"78","annais":2005,"nombre":3},{"preusuel":"VANESSA","sexe":"f","dpt":"78","annais":2005,"nombre":7},{"preusuel":"VIANNEY","sexe":"m","dpt":"78","annais":2005,"nombre":10},{"preusuel":"VICTOIRE","sexe":"f","dpt":"78","annais":2005,"nombre":26},{"preusuel":"VICTOR","sexe":"m","dpt":"78","annais":2005,"nombre":41},{"preusuel":"VICTORIA","sexe":"f","dpt":"78","annais":2005,"nombre":22},{"preusuel":"VINCENT","sexe":"m","dpt":"78","annais":2005,"nombre":18},{"preusuel":"VIOLETTE","sexe":"f","dpt":"78","annais":2005,"nombre":4},{"preusuel":"VIRGILE","sexe":"m","dpt":"78","annais":2005,"nombre":6},{"preusuel":"WALID","sexe":"m","dpt":"78","annais":2005,"nombre":12},{"preusuel":"WASSILA","sexe":"f","dpt":"78","annais":2005,"nombre":5},{"preusuel":"WASSIM","sexe":"m","dpt":"78","annais":2005,"nombre":12},{"preusuel":"WENDY","sexe":"f","dpt":"78","annais":2005,"nombre":5},{"preusuel":"WILLIAM","sexe":"m","dpt":"78","annais":2005,"nombre":18},{"preusuel":"WISSAL","sexe":"f","dpt":"78","annais":2005,"nombre":3},{"preusuel":"WISSAM","sexe":"m","dpt":"78","annais":2005,"nombre":3},{"preusuel":"XAVIER","sexe":"m","dpt":"78","annais":2005,"nombre":3},{"preusuel":"YACINE","sexe":"m","dpt":"78","annais":2005,"nombre":12},{"preusuel":"YAEL","sexe":"m","dpt":"78","annais":2005,"nombre":3},{"preusuel":"YAELLE","sexe":"f","dpt":"78","annais":2005,"nombre":4},{"preusuel":"YANIS","sexe":"m","dpt":"78","annais":2005,"nombre":87},{"preusuel":"YANISS","sexe":"m","dpt":"78","annais":2005,"nombre":6},{"preusuel":"YANN","sexe":"m","dpt":"78","annais":2005,"nombre":23},{"preusuel":"YANNICK","sexe":"m","dpt":"78","annais":2005,"nombre":3},{"preusuel":"YANNIS","sexe":"m","dpt":"78","annais":2005,"nombre":5},{"preusuel":"YASMINA","sexe":"f","dpt":"78","annais":2005,"nombre":4},{"preusuel":"YASMINE","sexe":"f","dpt":"78","annais":2005,"nombre":45},{"preusuel":"YASSER","sexe":"m","dpt":"78","annais":2005,"nombre":6},{"preusuel":"YASSINE","sexe":"m","dpt":"78","annais":2005,"nombre":18},{"preusuel":"YLAN","sexe":"m","dpt":"78","annais":2005,"nombre":4},{"preusuel":"YOAN","sexe":"m","dpt":"78","annais":2005,"nombre":7},{"preusuel":"YOANN","sexe":"m","dpt":"78","annais":2005,"nombre":7},{"preusuel":"YOHAN","sexe":"m","dpt":"78","annais":2005,"nombre":3},{"preusuel":"YOHANN","sexe":"m","dpt":"78","annais":2005,"nombre":9},{"preusuel":"YOUCEF","sexe":"m","dpt":"78","annais":2005,"nombre":3},{"preusuel":"YOUNES","sexe":"m","dpt":"78","annais":2005,"nombre":13},{"preusuel":"YOUNESS","sexe":"m","dpt":"78","annais":2005,"nombre":3},{"preusuel":"YOUSRA","sexe":"f","dpt":"78","annais":2005,"nombre":10},{"preusuel":"YOUSSEF","sexe":"m","dpt":"78","annais":2005,"nombre":9},{"preusuel":"YVAN","sexe":"m","dpt":"78","annais":2005,"nombre":3},{"preusuel":"YVANN","sexe":"m","dpt":"78","annais":2005,"nombre":5},{"preusuel":"ZACHARIE","sexe":"m","dpt":"78","annais":2005,"nombre":3},{"preusuel":"ZAHRA","sexe":"f","dpt":"78","annais":2005,"nombre":3},{"preusuel":"ZAINEB","sexe":"f","dpt":"78","annais":2005,"nombre":3},{"preusuel":"ZAKARIA","sexe":"m","dpt":"78","annais":2005,"nombre":15},{"preusuel":"ZAKARIYA","sexe":"m","dpt":"78","annais":2005,"nombre":3},{"preusuel":"ZAKARYA","sexe":"m","dpt":"78","annais":2005,"nombre":5},{"preusuel":"ZINA","sexe":"f","dpt":"78","annais":2005,"nombre":3},{"preusuel":"ZOE","sexe":"f","dpt":"78","annais":2005,"nombre":48},{"preusuel":"ZOHRA","sexe":"f","dpt":"78","annais":2005,"nombre":3}]