[{"preusuel":"AALIYAH","sexe":"f","dpt":"92","annais":2005,"nombre":4},{"preusuel":"AARON","sexe":"m","dpt":"92","annais":2005,"nombre":24},{"preusuel":"ABDALLAH","sexe":"m","dpt":"92","annais":2005,"nombre":13},{"preusuel":"ABDELHAKIM","sexe":"m","dpt":"92","annais":2005,"nombre":3},{"preusuel":"ABDELKADER","sexe":"m","dpt":"92","annais":2005,"nombre":5},{"preusuel":"ABDELLAH","sexe":"m","dpt":"92","annais":2005,"nombre":5},{"preusuel":"ABDELRAHMANE","sexe":"m","dpt":"92","annais":2005,"nombre":3},{"preusuel":"ABDERRAHMANE","sexe":"m","dpt":"92","annais":2005,"nombre":4},{"preusuel":"ABDOULAYE","sexe":"m","dpt":"92","annais":2005,"nombre":7},{"preusuel":"ABEL","sexe":"m","dpt":"92","annais":2005,"nombre":7},{"preusuel":"ABOUBACAR","sexe":"m","dpt":"92","annais":2005,"nombre":3},{"preusuel":"ACHILLE","sexe":"m","dpt":"92","annais":2005,"nombre":13},{"preusuel":"ACHRAF","sexe":"m","dpt":"92","annais":2005,"nombre":6},{"preusuel":"ADA","sexe":"f","dpt":"92","annais":2005,"nombre":3},{"preusuel":"ADAM","sexe":"m","dpt":"92","annais":2005,"nombre":120},{"preusuel":"ADAMA","sexe":"m","dpt":"92","annais":2005,"nombre":5},{"preusuel":"ADAME","sexe":"m","dpt":"92","annais":2005,"nombre":7},{"preusuel":"ADAN","sexe":"m","dpt":"92","annais":2005,"nombre":4},{"preusuel":"ADEL","sexe":"m","dpt":"92","annais":2005,"nombre":10},{"preusuel":"ADELAIDE","sexe":"f","dpt":"92","annais":2005,"nombre":6},{"preusuel":"ADELE","sexe":"f","dpt":"92","annais":2005,"nombre":29},{"preusuel":"ADELIE","sexe":"f","dpt":"92","annais":2005,"nombre":6},{"preusuel":"ADEM","sexe":"m","dpt":"92","annais":2005,"nombre":7},{"preusuel":"ADLANE","sexe":"m","dpt":"92","annais":2005,"nombre":3},{"preusuel":"ADRIAN","sexe":"m","dpt":"92","annais":2005,"nombre":3},{"preusuel":"ADRIANA","sexe":"f","dpt":"92","annais":2005,"nombre":5},{"preusuel":"ADRIEN","sexe":"m","dpt":"92","annais":2005,"nombre":115},{"preusuel":"AGATHE","sexe":"f","dpt":"92","annais":2005,"nombre":52},{"preusuel":"AHLAM","sexe":"f","dpt":"92","annais":2005,"nombre":3},{"preusuel":"AHMED","sexe":"m","dpt":"92","annais":2005,"nombre":24},{"preusuel":"AICHA","sexe":"f","dpt":"92","annais":2005,"nombre":16},{"preusuel":"AIDAN","sexe":"m","dpt":"92","annais":2005,"nombre":4},{"preusuel":"AIDANN","sexe":"m","dpt":"92","annais":2005,"nombre":3},{"preusuel":"AIME","sexe":"m","dpt":"92","annais":2005,"nombre":3},{"preusuel":"AINHOA","sexe":"f","dpt":"92","annais":2005,"nombre":3},{"preusuel":"AISSATA","sexe":"f","dpt":"92","annais":2005,"nombre":3},{"preusuel":"AISSATOU","sexe":"f","dpt":"92","annais":2005,"nombre":4},{"preusuel":"AKRAM","sexe":"m","dpt":"92","annais":2005,"nombre":3},{"preusuel":"ALAN","sexe":"m","dpt":"92","annais":2005,"nombre":16},{"preusuel":"ALANA","sexe":"f","dpt":"92","annais":2005,"nombre":3},{"preusuel":"ALARIC","sexe":"m","dpt":"92","annais":2005,"nombre":3},{"preusuel":"ALBAN","sexe":"m","dpt":"92","annais":2005,"nombre":12},{"preusuel":"ALBANE","sexe":"f","dpt":"92","annais":2005,"nombre":16},{"preusuel":"ALBIN","sexe":"m","dpt":"92","annais":2005,"nombre":4},{"preusuel":"ALEJANDRO","sexe":"m","dpt":"92","annais":2005,"nombre":3},{"preusuel":"ALESSANDRO","sexe":"m","dpt":"92","annais":2005,"nombre":5},{"preusuel":"ALESSIO","sexe":"m","dpt":"92","annais":2005,"nombre":4},{"preusuel":"ALEX","sexe":"m","dpt":"92","annais":2005,"nombre":15},{"preusuel":"ALEXA","sexe":"f","dpt":"92","annais":2005,"nombre":3},{"preusuel":"ALEXANDER","sexe":"m","dpt":"92","annais":2005,"nombre":7},{"preusuel":"ALEXANDRA","sexe":"f","dpt":"92","annais":2005,"nombre":36},{"preusuel":"ALEXANDRE","sexe":"m","dpt":"92","annais":2005,"nombre":215},{"preusuel":"ALEXANDRINE","sexe":"f","dpt":"92","annais":2005,"nombre":3},{"preusuel":"ALEXIA","sexe":"f","dpt":"92","annais":2005,"nombre":29},{"preusuel":"ALEXIANE","sexe":"f","dpt":"92","annais":2005,"nombre":5},{"preusuel":"ALEXIS","sexe":"m","dpt":"92","annais":2005,"nombre":94},{"preusuel":"ALEXY","sexe":"m","dpt":"92","annais":2005,"nombre":4},{"preusuel":"ALI","sexe":"m","dpt":"92","annais":2005,"nombre":20},{"preusuel":"ALICE","sexe":"f","dpt":"92","annais":2005,"nombre":81},{"preusuel":"ALICIA","sexe":"f","dpt":"92","annais":2005,"nombre":37},{"preusuel":"ALIENOR","sexe":"f","dpt":"92","annais":2005,"nombre":6},{"preusuel":"ALIETTE","sexe":"f","dpt":"92","annais":2005,"nombre":3},{"preusuel":"ALINE","sexe":"f","dpt":"92","annais":2005,"nombre":5},{"preusuel":"ALISON","sexe":"f","dpt":"92","annais":2005,"nombre":5},{"preusuel":"ALISSA","sexe":"f","dpt":"92","annais":2005,"nombre":3},{"preusuel":"ALIX","sexe":"f","dpt":"92","annais":2005,"nombre":44},{"preusuel":"ALIX","sexe":"m","dpt":"92","annais":2005,"nombre":6},{"preusuel":"ALIYA","sexe":"f","dpt":"92","annais":2005,"nombre":7},{"preusuel":"ALIYAH","sexe":"f","dpt":"92","annais":2005,"nombre":3},{"preusuel":"ALIZEE","sexe":"f","dpt":"92","annais":2005,"nombre":9},{"preusuel":"ALLAN","sexe":"m","dpt":"92","annais":2005,"nombre":13},{"preusuel":"ALMA","sexe":"f","dpt":"92","annais":2005,"nombre":6},{"preusuel":"ALOIS","sexe":"m","dpt":"92","annais":2005,"nombre":5},{"preusuel":"ALOYS","sexe":"m","dpt":"92","annais":2005,"nombre":4},{"preusuel":"ALVIN","sexe":"m","dpt":"92","annais":2005,"nombre":3},{"preusuel":"ALYA","sexe":"f","dpt":"92","annais":2005,"nombre":12},{"preusuel":"ALYCIA","sexe":"f","dpt":"92","annais":2005,"nombre":13},{"preusuel":"ALYSON","sexe":"f","dpt":"92","annais":2005,"nombre":3},{"preusuel":"ALYSSA","sexe":"f","dpt":"92","annais":2005,"nombre":16},{"preusuel":"ALYSSIA","sexe":"f","dpt":"92","annais":2005,"nombre":5},{"preusuel":"AMADOU","sexe":"m","dpt":"92","annais":2005,"nombre":6},{"preusuel":"AMAL","sexe":"f","dpt":"92","annais":2005,"nombre":3},{"preusuel":"AMANDA","sexe":"f","dpt":"92","annais":2005,"nombre":4},{"preusuel":"AMANDINE","sexe":"f","dpt":"92","annais":2005,"nombre":33},{"preusuel":"AMANI","sexe":"f","dpt":"92","annais":2005,"nombre":3},{"preusuel":"AMAR","sexe":"m","dpt":"92","annais":2005,"nombre":4},{"preusuel":"AMAURY","sexe":"m","dpt":"92","annais":2005,"nombre":22},{"preusuel":"AMBRE","sexe":"f","dpt":"92","annais":2005,"nombre":61},{"preusuel":"AMBRINE","sexe":"f","dpt":"92","annais":2005,"nombre":4},{"preusuel":"AMBROISE","sexe":"m","dpt":"92","annais":2005,"nombre":6},{"preusuel":"AMEL","sexe":"f","dpt":"92","annais":2005,"nombre":18},{"preusuel":"AMELIA","sexe":"f","dpt":"92","annais":2005,"nombre":10},{"preusuel":"AMELIE","sexe":"f","dpt":"92","annais":2005,"nombre":24},{"preusuel":"AMIN","sexe":"m","dpt":"92","annais":2005,"nombre":9},{"preusuel":"AMINA","sexe":"f","dpt":"92","annais":2005,"nombre":22},{"preusuel":"AMINATA","sexe":"f","dpt":"92","annais":2005,"nombre":18},{"preusuel":"AMINE","sexe":"m","dpt":"92","annais":2005,"nombre":55},{"preusuel":"AMIR","sexe":"m","dpt":"92","annais":2005,"nombre":14},{"preusuel":"AMIRA","sexe":"f","dpt":"92","annais":2005,"nombre":10},{"preusuel":"ANA","sexe":"f","dpt":"92","annais":2005,"nombre":11},{"preusuel":"ANAE","sexe":"f","dpt":"92","annais":2005,"nombre":9},{"preusuel":"ANAEL","sexe":"f","dpt":"92","annais":2005,"nombre":4},{"preusuel":"ANAELLE","sexe":"f","dpt":"92","annais":2005,"nombre":20},{"preusuel":"ANAIS","sexe":"f","dpt":"92","annais":2005,"nombre":109},{"preusuel":"ANAS","sexe":"m","dpt":"92","annais":2005,"nombre":16},{"preusuel":"ANASTASIA","sexe":"f","dpt":"92","annais":2005,"nombre":9},{"preusuel":"ANATOLE","sexe":"m","dpt":"92","annais":2005,"nombre":14},{"preusuel":"ANDRE","sexe":"m","dpt":"92","annais":2005,"nombre":10},{"preusuel":"ANDREA","sexe":"f","dpt":"92","annais":2005,"nombre":27},{"preusuel":"ANDREA","sexe":"m","dpt":"92","annais":2005,"nombre":26},{"preusuel":"ANDREAS","sexe":"m","dpt":"92","annais":2005,"nombre":7},{"preusuel":"ANDY","sexe":"m","dpt":"92","annais":2005,"nombre":16},{"preusuel":"ANGE","sexe":"f","dpt":"92","annais":2005,"nombre":4},{"preusuel":"ANGE","sexe":"m","dpt":"92","annais":2005,"nombre":11},{"preusuel":"ANGELA","sexe":"f","dpt":"92","annais":2005,"nombre":6},{"preusuel":"ANGELE","sexe":"f","dpt":"92","annais":2005,"nombre":14},{"preusuel":"ANGELINA","sexe":"f","dpt":"92","annais":2005,"nombre":11},{"preusuel":"ANGELO","sexe":"m","dpt":"92","annais":2005,"nombre":3},{"preusuel":"ANGIE","sexe":"f","dpt":"92","annais":2005,"nombre":4},{"preusuel":"ANIA","sexe":"f","dpt":"92","annais":2005,"nombre":4},{"preusuel":"ANIS","sexe":"m","dpt":"92","annais":2005,"nombre":20},{"preusuel":"ANISSA","sexe":"f","dpt":"92","annais":2005,"nombre":12},{"preusuel":"ANNA","sexe":"f","dpt":"92","annais":2005,"nombre":59},{"preusuel":"ANNABELLE","sexe":"f","dpt":"92","annais":2005,"nombre":4},{"preusuel":"ANNAELLE","sexe":"f","dpt":"92","annais":2005,"nombre":11},{"preusuel":"ANNE","sexe":"f","dpt":"92","annais":2005,"nombre":10},{"preusuel":"ANNE-CHARLOTTE","sexe":"f","dpt":"92","annais":2005,"nombre":3},{"preusuel":"ANNE-SOPHIE","sexe":"f","dpt":"92","annais":2005,"nombre":6},{"preusuel":"ANOUK","sexe":"f","dpt":"92","annais":2005,"nombre":10},{"preusuel":"ANTHEA","sexe":"f","dpt":"92","annais":2005,"nombre":3},{"preusuel":"ANTHONY","sexe":"m","dpt":"92","annais":2005,"nombre":26},{"preusuel":"ANTOINE","sexe":"m","dpt":"92","annais":2005,"nombre":160},{"preusuel":"ANTON","sexe":"m","dpt":"92","annais":2005,"nombre":9},{"preusuel":"ANTONELLA","sexe":"f","dpt":"92","annais":2005,"nombre":3},{"preusuel":"ANTONI","sexe":"m","dpt":"92","annais":2005,"nombre":3},{"preusuel":"ANTONIN","sexe":"m","dpt":"92","annais":2005,"nombre":24},{"preusuel":"ANTONY","sexe":"m","dpt":"92","annais":2005,"nombre":6},{"preusuel":"APOLLINE","sexe":"f","dpt":"92","annais":2005,"nombre":28},{"preusuel":"ARI","sexe":"m","dpt":"92","annais":2005,"nombre":3},{"preusuel":"ARIANE","sexe":"f","dpt":"92","annais":2005,"nombre":11},{"preusuel":"ARIELLE","sexe":"f","dpt":"92","annais":2005,"nombre":3},{"preusuel":"ARISTIDE","sexe":"m","dpt":"92","annais":2005,"nombre":4},{"preusuel":"ARMAND","sexe":"m","dpt":"92","annais":2005,"nombre":17},{"preusuel":"ARNAUD","sexe":"m","dpt":"92","annais":2005,"nombre":16},{"preusuel":"ARSENE","sexe":"m","dpt":"92","annais":2005,"nombre":12},{"preusuel":"ARTHUR","sexe":"m","dpt":"92","annais":2005,"nombre":138},{"preusuel":"ARTHUS","sexe":"m","dpt":"92","annais":2005,"nombre":5},{"preusuel":"ARWEN","sexe":"f","dpt":"92","annais":2005,"nombre":5},{"preusuel":"ASHLEY","sexe":"f","dpt":"92","annais":2005,"nombre":12},{"preusuel":"ASMA","sexe":"f","dpt":"92","annais":2005,"nombre":12},{"preusuel":"ASMAA","sexe":"f","dpt":"92","annais":2005,"nombre":7},{"preusuel":"ASSA","sexe":"f","dpt":"92","annais":2005,"nombre":3},{"preusuel":"ASSIA","sexe":"f","dpt":"92","annais":2005,"nombre":26},{"preusuel":"ASTRID","sexe":"f","dpt":"92","annais":2005,"nombre":10},{"preusuel":"ATHENAIS","sexe":"f","dpt":"92","annais":2005,"nombre":6},{"preusuel":"AUBANE","sexe":"f","dpt":"92","annais":2005,"nombre":4},{"preusuel":"AUBIN","sexe":"m","dpt":"92","annais":2005,"nombre":4},{"preusuel":"AUDE","sexe":"f","dpt":"92","annais":2005,"nombre":8},{"preusuel":"AUDREY","sexe":"f","dpt":"92","annais":2005,"nombre":24},{"preusuel":"AUGUSTIN","sexe":"m","dpt":"92","annais":2005,"nombre":25},{"preusuel":"AURELE","sexe":"m","dpt":"92","annais":2005,"nombre":3},{"preusuel":"AURELIA","sexe":"f","dpt":"92","annais":2005,"nombre":5},{"preusuel":"AURELIE","sexe":"f","dpt":"92","annais":2005,"nombre":11},{"preusuel":"AURELIEN","sexe":"m","dpt":"92","annais":2005,"nombre":35},{"preusuel":"AURIANE","sexe":"f","dpt":"92","annais":2005,"nombre":11},{"preusuel":"AURORE","sexe":"f","dpt":"92","annais":2005,"nombre":14},{"preusuel":"AVA","sexe":"f","dpt":"92","annais":2005,"nombre":20},{"preusuel":"AWA","sexe":"f","dpt":"92","annais":2005,"nombre":6},{"preusuel":"AXEL","sexe":"m","dpt":"92","annais":2005,"nombre":72},{"preusuel":"AXELLE","sexe":"f","dpt":"92","annais":2005,"nombre":19},{"preusuel":"AYA","sexe":"f","dpt":"92","annais":2005,"nombre":21},{"preusuel":"AYLAN","sexe":"m","dpt":"92","annais":2005,"nombre":5},{"preusuel":"AYMAN","sexe":"m","dpt":"92","annais":2005,"nombre":10},{"preusuel":"AYMANE","sexe":"m","dpt":"92","annais":2005,"nombre":5},{"preusuel":"AYMEN","sexe":"m","dpt":"92","annais":2005,"nombre":16},{"preusuel":"AYMERIC","sexe":"m","dpt":"92","annais":2005,"nombre":21},{"preusuel":"AYMERICK","sexe":"m","dpt":"92","annais":2005,"nombre":4},{"preusuel":"AYOUB","sexe":"m","dpt":"92","annais":2005,"nombre":35},{"preusuel":"AZIZA","sexe":"f","dpt":"92","annais":2005,"nombre":4},{"preusuel":"BACHIR","sexe":"m","dpt":"92","annais":2005,"nombre":3},{"preusuel":"BADIS","sexe":"m","dpt":"92","annais":2005,"nombre":4},{"preusuel":"BADR","sexe":"m","dpt":"92","annais":2005,"nombre":4},{"preusuel":"BAKARY","sexe":"m","dpt":"92","annais":2005,"nombre":3},{"preusuel":"BALTHAZAR","sexe":"m","dpt":"92","annais":2005,"nombre":3},{"preusuel":"BAPTISTE","sexe":"m","dpt":"92","annais":2005,"nombre":83},{"preusuel":"BARNABE","sexe":"m","dpt":"92","annais":2005,"nombre":3},{"preusuel":"BARTHELEMY","sexe":"m","dpt":"92","annais":2005,"nombre":3},{"preusuel":"BASILE","sexe":"m","dpt":"92","annais":2005,"nombre":19},{"preusuel":"BASTIEN","sexe":"m","dpt":"92","annais":2005,"nombre":34},{"preusuel":"BEATRICE","sexe":"f","dpt":"92","annais":2005,"nombre":6},{"preusuel":"BENEDICTE","sexe":"f","dpt":"92","annais":2005,"nombre":3},{"preusuel":"BENJAMIN","sexe":"m","dpt":"92","annais":2005,"nombre":58},{"preusuel":"BENOIT","sexe":"m","dpt":"92","annais":2005,"nombre":9},{"preusuel":"BERENICE","sexe":"f","dpt":"92","annais":2005,"nombre":12},{"preusuel":"BERYL","sexe":"f","dpt":"92","annais":2005,"nombre":3},{"preusuel":"BETTY","sexe":"f","dpt":"92","annais":2005,"nombre":4},{"preusuel":"BIANCA","sexe":"f","dpt":"92","annais":2005,"nombre":3},{"preusuel":"BILAL","sexe":"m","dpt":"92","annais":2005,"nombre":24},{"preusuel":"BILEL","sexe":"m","dpt":"92","annais":2005,"nombre":9},{"preusuel":"BILLAL","sexe":"m","dpt":"92","annais":2005,"nombre":3},{"preusuel":"BILLEL","sexe":"m","dpt":"92","annais":2005,"nombre":3},{"preusuel":"BLANCHE","sexe":"f","dpt":"92","annais":2005,"nombre":13},{"preusuel":"BLANDINE","sexe":"f","dpt":"92","annais":2005,"nombre":6},{"preusuel":"BOUBACAR","sexe":"m","dpt":"92","annais":2005,"nombre":4},{"preusuel":"BRAHIM","sexe":"m","dpt":"92","annais":2005,"nombre":5},{"preusuel":"BRAYAN","sexe":"m","dpt":"92","annais":2005,"nombre":5},{"preusuel":"BRIAC","sexe":"m","dpt":"92","annais":2005,"nombre":4},{"preusuel":"BRIAN","sexe":"m","dpt":"92","annais":2005,"nombre":5},{"preusuel":"BRICE","sexe":"m","dpt":"92","annais":2005,"nombre":3},{"preusuel":"BRIEUC","sexe":"m","dpt":"92","annais":2005,"nombre":5},{"preusuel":"BRUNE","sexe":"f","dpt":"92","annais":2005,"nombre":4},{"preusuel":"BRUNO","sexe":"m","dpt":"92","annais":2005,"nombre":7},{"preusuel":"BRYAN","sexe":"m","dpt":"92","annais":2005,"nombre":16},{"preusuel":"CALIXTE","sexe":"m","dpt":"92","annais":2005,"nombre":3},{"preusuel":"CALLISTA","sexe":"f","dpt":"92","annais":2005,"nombre":4},{"preusuel":"CAMELIA","sexe":"f","dpt":"92","annais":2005,"nombre":12},{"preusuel":"CAMERON","sexe":"m","dpt":"92","annais":2005,"nombre":5},{"preusuel":"CAMILLE","sexe":"f","dpt":"92","annais":2005,"nombre":141},{"preusuel":"CAMILLE","sexe":"m","dpt":"92","annais":2005,"nombre":13},{"preusuel":"CANDICE","sexe":"f","dpt":"92","annais":2005,"nombre":33},{"preusuel":"CAPUCINE","sexe":"f","dpt":"92","annais":2005,"nombre":38},{"preusuel":"CARINE","sexe":"f","dpt":"92","annais":2005,"nombre":4},{"preusuel":"CARL","sexe":"m","dpt":"92","annais":2005,"nombre":3},{"preusuel":"CARLA","sexe":"f","dpt":"92","annais":2005,"nombre":72},{"preusuel":"CARMEN","sexe":"f","dpt":"92","annais":2005,"nombre":4},{"preusuel":"CAROLE","sexe":"f","dpt":"92","annais":2005,"nombre":4},{"preusuel":"CAROLINE","sexe":"f","dpt":"92","annais":2005,"nombre":18},{"preusuel":"CASSANDRA","sexe":"f","dpt":"92","annais":2005,"nombre":15},{"preusuel":"CASSANDRE","sexe":"f","dpt":"92","annais":2005,"nombre":16},{"preusuel":"CATHERINE","sexe":"f","dpt":"92","annais":2005,"nombre":6},{"preusuel":"CECILE","sexe":"f","dpt":"92","annais":2005,"nombre":9},{"preusuel":"CECILIA","sexe":"f","dpt":"92","annais":2005,"nombre":13},{"preusuel":"CEDRIC","sexe":"m","dpt":"92","annais":2005,"nombre":7},{"preusuel":"CELESTE","sexe":"f","dpt":"92","annais":2005,"nombre":9},{"preusuel":"CELESTIN","sexe":"m","dpt":"92","annais":2005,"nombre":4},{"preusuel":"CELIA","sexe":"f","dpt":"92","annais":2005,"nombre":53},{"preusuel":"CELIAN","sexe":"m","dpt":"92","annais":2005,"nombre":5},{"preusuel":"CELINA","sexe":"f","dpt":"92","annais":2005,"nombre":5},{"preusuel":"CELINE","sexe":"f","dpt":"92","annais":2005,"nombre":18},{"preusuel":"CELYA","sexe":"f","dpt":"92","annais":2005,"nombre":4},{"preusuel":"CERISE","sexe":"f","dpt":"92","annais":2005,"nombre":3},{"preusuel":"CESAR","sexe":"m","dpt":"92","annais":2005,"nombre":7},{"preusuel":"CHAHINE","sexe":"m","dpt":"92","annais":2005,"nombre":4},{"preusuel":"CHAHINEZ","sexe":"f","dpt":"92","annais":2005,"nombre":4},{"preusuel":"CHAIMA","sexe":"f","dpt":"92","annais":2005,"nombre":23},{"preusuel":"CHAINEZ","sexe":"f","dpt":"92","annais":2005,"nombre":3},{"preusuel":"CHARBEL","sexe":"m","dpt":"92","annais":2005,"nombre":4},{"preusuel":"CHARLENE","sexe":"f","dpt":"92","annais":2005,"nombre":5},{"preusuel":"CHARLES","sexe":"m","dpt":"92","annais":2005,"nombre":40},{"preusuel":"CHARLES-EMMANUEL","sexe":"m","dpt":"92","annais":2005,"nombre":3},{"preusuel":"CHARLIE","sexe":"m","dpt":"92","annais":2005,"nombre":3},{"preusuel":"CHARLINE","sexe":"f","dpt":"92","annais":2005,"nombre":7},{"preusuel":"CHARLOTTE","sexe":"f","dpt":"92","annais":2005,"nombre":93},{"preusuel":"CHARLY","sexe":"m","dpt":"92","annais":2005,"nombre":6},{"preusuel":"CHAYMA","sexe":"f","dpt":"92","annais":2005,"nombre":6},{"preusuel":"CHERINE","sexe":"f","dpt":"92","annais":2005,"nombre":4},{"preusuel":"CHEYENNE","sexe":"f","dpt":"92","annais":2005,"nombre":5},{"preusuel":"CHIARA","sexe":"f","dpt":"92","annais":2005,"nombre":29},{"preusuel":"CHIRINE","sexe":"f","dpt":"92","annais":2005,"nombre":3},{"preusuel":"CHLOE","sexe":"f","dpt":"92","annais":2005,"nombre":160},{"preusuel":"CHRIS","sexe":"m","dpt":"92","annais":2005,"nombre":4},{"preusuel":"CHRISTELLE","sexe":"f","dpt":"92","annais":2005,"nombre":3},{"preusuel":"CHRISTIAN","sexe":"m","dpt":"92","annais":2005,"nombre":7},{"preusuel":"CHRISTOPHE","sexe":"m","dpt":"92","annais":2005,"nombre":8},{"preusuel":"CHRISTOPHER","sexe":"m","dpt":"92","annais":2005,"nombre":9},{"preusuel":"CINDY","sexe":"f","dpt":"92","annais":2005,"nombre":6},{"preusuel":"CLAIRE","sexe":"f","dpt":"92","annais":2005,"nombre":26},{"preusuel":"CLARA","sexe":"f","dpt":"92","annais":2005,"nombre":156},{"preusuel":"CLARISSE","sexe":"f","dpt":"92","annais":2005,"nombre":24},{"preusuel":"CLAUDIA","sexe":"f","dpt":"92","annais":2005,"nombre":11},{"preusuel":"CLEA","sexe":"f","dpt":"92","annais":2005,"nombre":9},{"preusuel":"CLELIA","sexe":"f","dpt":"92","annais":2005,"nombre":11},{"preusuel":"CLEMENCE","sexe":"f","dpt":"92","annais":2005,"nombre":75},{"preusuel":"CLEMENT","sexe":"m","dpt":"92","annais":2005,"nombre":114},{"preusuel":"CLEMENTINE","sexe":"f","dpt":"92","annais":2005,"nombre":27},{"preusuel":"CLEO","sexe":"f","dpt":"92","annais":2005,"nombre":7},{"preusuel":"CLOE","sexe":"f","dpt":"92","annais":2005,"nombre":10},{"preusuel":"CLOTHILDE","sexe":"f","dpt":"92","annais":2005,"nombre":3},{"preusuel":"CLOTILDE","sexe":"f","dpt":"92","annais":2005,"nombre":6},{"preusuel":"CLOVIS","sexe":"m","dpt":"92","annais":2005,"nombre":6},{"preusuel":"COLIN","sexe":"m","dpt":"92","annais":2005,"nombre":8},{"preusuel":"COLINE","sexe":"f","dpt":"92","annais":2005,"nombre":19},{"preusuel":"COLOMBE","sexe":"f","dpt":"92","annais":2005,"nombre":5},{"preusuel":"COME","sexe":"m","dpt":"92","annais":2005,"nombre":26},{"preusuel":"CONSTANCE","sexe":"f","dpt":"92","annais":2005,"nombre":24},{"preusuel":"CORALIE","sexe":"f","dpt":"92","annais":2005,"nombre":26},{"preusuel":"CORALINE","sexe":"f","dpt":"92","annais":2005,"nombre":5},{"preusuel":"CORENTIN","sexe":"m","dpt":"92","annais":2005,"nombre":41},{"preusuel":"CORTO","sexe":"m","dpt":"92","annais":2005,"nombre":3},{"preusuel":"CYNTHIA","sexe":"f","dpt":"92","annais":2005,"nombre":6},{"preusuel":"CYPRIEN","sexe":"m","dpt":"92","annais":2005,"nombre":9},{"preusuel":"CYRIELLE","sexe":"f","dpt":"92","annais":2005,"nombre":3},{"preusuel":"CYRIL","sexe":"m","dpt":"92","annais":2005,"nombre":12},{"preusuel":"DALIA","sexe":"f","dpt":"92","annais":2005,"nombre":3},{"preusuel":"DAMIEN","sexe":"m","dpt":"92","annais":2005,"nombre":32},{"preusuel":"DAN","sexe":"m","dpt":"92","annais":2005,"nombre":11},{"preusuel":"DANI","sexe":"m","dpt":"92","annais":2005,"nombre":3},{"preusuel":"DANIA","sexe":"f","dpt":"92","annais":2005,"nombre":3},{"preusuel":"DANIEL","sexe":"m","dpt":"92","annais":2005,"nombre":20},{"preusuel":"DANIELA","sexe":"f","dpt":"92","annais":2005,"nombre":4},{"preusuel":"DANNY","sexe":"m","dpt":"92","annais":2005,"nombre":5},{"preusuel":"DANY","sexe":"m","dpt":"92","annais":2005,"nombre":3},{"preusuel":"DAPHNE","sexe":"f","dpt":"92","annais":2005,"nombre":18},{"preusuel":"DAPHNEE","sexe":"f","dpt":"92","annais":2005,"nombre":3},{"preusuel":"DARIA","sexe":"f","dpt":"92","annais":2005,"nombre":3},{"preusuel":"DARINE","sexe":"f","dpt":"92","annais":2005,"nombre":3},{"preusuel":"DAVID","sexe":"m","dpt":"92","annais":2005,"nombre":38},{"preusuel":"DEAN","sexe":"m","dpt":"92","annais":2005,"nombre":3},{"preusuel":"DEBORAH","sexe":"f","dpt":"92","annais":2005,"nombre":10},{"preusuel":"DELPHINE","sexe":"f","dpt":"92","annais":2005,"nombre":4},{"preusuel":"DENIS","sexe":"m","dpt":"92","annais":2005,"nombre":4},{"preusuel":"DIANA","sexe":"f","dpt":"92","annais":2005,"nombre":11},{"preusuel":"DIANE","sexe":"f","dpt":"92","annais":2005,"nombre":29},{"preusuel":"DIEGO","sexe":"m","dpt":"92","annais":2005,"nombre":18},{"preusuel":"DIMITRI","sexe":"m","dpt":"92","annais":2005,"nombre":16},{"preusuel":"DIVINE","sexe":"f","dpt":"92","annais":2005,"nombre":3},{"preusuel":"DJIBRIL","sexe":"m","dpt":"92","annais":2005,"nombre":14},{"preusuel":"DOMITILLE","sexe":"f","dpt":"92","annais":2005,"nombre":11},{"preusuel":"DONIA","sexe":"f","dpt":"92","annais":2005,"nombre":4},{"preusuel":"DONOVAN","sexe":"m","dpt":"92","annais":2005,"nombre":3},{"preusuel":"DORIAN","sexe":"m","dpt":"92","annais":2005,"nombre":24},{"preusuel":"DORIANE","sexe":"f","dpt":"92","annais":2005,"nombre":9},{"preusuel":"DORINE","sexe":"f","dpt":"92","annais":2005,"nombre":4},{"preusuel":"DORYAN","sexe":"m","dpt":"92","annais":2005,"nombre":4},{"preusuel":"DOUNIA","sexe":"f","dpt":"92","annais":2005,"nombre":13},{"preusuel":"DRISS","sexe":"m","dpt":"92","annais":2005,"nombre":6},{"preusuel":"DYLAN","sexe":"m","dpt":"92","annais":2005,"nombre":39},{"preusuel":"EDEN","sexe":"f","dpt":"92","annais":2005,"nombre":15},{"preusuel":"EDEN","sexe":"m","dpt":"92","annais":2005,"nombre":5},{"preusuel":"EDGAR","sexe":"m","dpt":"92","annais":2005,"nombre":5},{"preusuel":"EDOUARD","sexe":"m","dpt":"92","annais":2005,"nombre":16},{"preusuel":"EILEEN","sexe":"f","dpt":"92","annais":2005,"nombre":4},{"preusuel":"EL","sexe":"m","dpt":"92","annais":2005,"nombre":4},{"preusuel":"ELEA","sexe":"f","dpt":"92","annais":2005,"nombre":12},{"preusuel":"ELEANOR","sexe":"f","dpt":"92","annais":2005,"nombre":5},{"preusuel":"ELEANORE","sexe":"f","dpt":"92","annais":2005,"nombre":3},{"preusuel":"ELENA","sexe":"f","dpt":"92","annais":2005,"nombre":15},{"preusuel":"ELEONORE","sexe":"f","dpt":"92","annais":2005,"nombre":27},{"preusuel":"ELIA","sexe":"f","dpt":"92","annais":2005,"nombre":8},{"preusuel":"ELIAS","sexe":"m","dpt":"92","annais":2005,"nombre":36},{"preusuel":"ELIE","sexe":"m","dpt":"92","annais":2005,"nombre":10},{"preusuel":"ELIEL","sexe":"m","dpt":"92","annais":2005,"nombre":3},{"preusuel":"ELIJAH","sexe":"m","dpt":"92","annais":2005,"nombre":4},{"preusuel":"ELINA","sexe":"f","dpt":"92","annais":2005,"nombre":9},{"preusuel":"ELINE","sexe":"f","dpt":"92","annais":2005,"nombre":5},{"preusuel":"ELIO","sexe":"m","dpt":"92","annais":2005,"nombre":10},{"preusuel":"ELIOT","sexe":"m","dpt":"92","annais":2005,"nombre":17},{"preusuel":"ELIOTT","sexe":"m","dpt":"92","annais":2005,"nombre":39},{"preusuel":"ELISA","sexe":"f","dpt":"92","annais":2005,"nombre":51},{"preusuel":"ELISABETH","sexe":"f","dpt":"92","annais":2005,"nombre":11},{"preusuel":"ELISE","sexe":"f","dpt":"92","annais":2005,"nombre":39},{"preusuel":"ELIZABETH","sexe":"f","dpt":"92","annais":2005,"nombre":3},{"preusuel":"ELLA","sexe":"f","dpt":"92","annais":2005,"nombre":7},{"preusuel":"ELLIOT","sexe":"m","dpt":"92","annais":2005,"nombre":16},{"preusuel":"ELODIE","sexe":"f","dpt":"92","annais":2005,"nombre":31},{"preusuel":"ELOI","sexe":"m","dpt":"92","annais":2005,"nombre":11},{"preusuel":"ELOISE","sexe":"f","dpt":"92","annais":2005,"nombre":29},{"preusuel":"ELORA","sexe":"f","dpt":"92","annais":2005,"nombre":3},{"preusuel":"ELOUAN","sexe":"m","dpt":"92","annais":2005,"nombre":10},{"preusuel":"ELSA","sexe":"f","dpt":"92","annais":2005,"nombre":47},{"preusuel":"ELVIRE","sexe":"f","dpt":"92","annais":2005,"nombre":5},{"preusuel":"ELYA","sexe":"f","dpt":"92","annais":2005,"nombre":3},{"preusuel":"ELYAS","sexe":"m","dpt":"92","annais":2005,"nombre":5},{"preusuel":"ELYES","sexe":"m","dpt":"92","annais":2005,"nombre":9},{"preusuel":"ELYSE","sexe":"f","dpt":"92","annais":2005,"nombre":3},{"preusuel":"ELYSSA","sexe":"f","dpt":"92","annais":2005,"nombre":3},{"preusuel":"EMA","sexe":"f","dpt":"92","annais":2005,"nombre":5},{"preusuel":"EMELINE","sexe":"f","dpt":"92","annais":2005,"nombre":11},{"preusuel":"EMERIC","sexe":"m","dpt":"92","annais":2005,"nombre":6},{"preusuel":"EMIE","sexe":"f","dpt":"92","annais":2005,"nombre":3},{"preusuel":"EMILE","sexe":"m","dpt":"92","annais":2005,"nombre":9},{"preusuel":"EMILIA","sexe":"f","dpt":"92","annais":2005,"nombre":3},{"preusuel":"EMILIE","sexe":"f","dpt":"92","annais":2005,"nombre":73},{"preusuel":"EMILIEN","sexe":"m","dpt":"92","annais":2005,"nombre":4},{"preusuel":"EMILY","sexe":"f","dpt":"92","annais":2005,"nombre":8},{"preusuel":"EMMA","sexe":"f","dpt":"92","annais":2005,"nombre":195},{"preusuel":"EMMANUEL","sexe":"m","dpt":"92","annais":2005,"nombre":19},{"preusuel":"EMMANUELLE","sexe":"f","dpt":"92","annais":2005,"nombre":15},{"preusuel":"EMMIE","sexe":"f","dpt":"92","annais":2005,"nombre":4},{"preusuel":"EMMY","sexe":"f","dpt":"92","annais":2005,"nombre":4},{"preusuel":"EMNA","sexe":"f","dpt":"92","annais":2005,"nombre":5},{"preusuel":"EMY","sexe":"f","dpt":"92","annais":2005,"nombre":4},{"preusuel":"ENOLA","sexe":"f","dpt":"92","annais":2005,"nombre":6},{"preusuel":"ENORA","sexe":"f","dpt":"92","annais":2005,"nombre":14},{"preusuel":"ENZO","sexe":"m","dpt":"92","annais":2005,"nombre":164},{"preusuel":"ERIC","sexe":"m","dpt":"92","annais":2005,"nombre":8},{"preusuel":"ERINE","sexe":"f","dpt":"92","annais":2005,"nombre":4},{"preusuel":"ERWAN","sexe":"m","dpt":"92","annais":2005,"nombre":31},{"preusuel":"ERWANN","sexe":"m","dpt":"92","annais":2005,"nombre":11},{"preusuel":"ESMA","sexe":"f","dpt":"92","annais":2005,"nombre":3},{"preusuel":"ESTEBAN","sexe":"m","dpt":"92","annais":2005,"nombre":37},{"preusuel":"ESTELLE","sexe":"f","dpt":"92","annais":2005,"nombre":16},{"preusuel":"ESTHER","sexe":"f","dpt":"92","annais":2005,"nombre":16},{"preusuel":"ETHAN","sexe":"m","dpt":"92","annais":2005,"nombre":74},{"preusuel":"ETHEL","sexe":"f","dpt":"92","annais":2005,"nombre":5},{"preusuel":"ETIENNE","sexe":"m","dpt":"92","annais":2005,"nombre":24},{"preusuel":"EUGENIE","sexe":"f","dpt":"92","annais":2005,"nombre":10},{"preusuel":"EULALIE","sexe":"f","dpt":"92","annais":2005,"nombre":4},{"preusuel":"EVA","sexe":"f","dpt":"92","annais":2005,"nombre":86},{"preusuel":"EVAN","sexe":"m","dpt":"92","annais":2005,"nombre":45},{"preusuel":"EVANN","sexe":"m","dpt":"92","annais":2005,"nombre":11},{"preusuel":"EVANS","sexe":"m","dpt":"92","annais":2005,"nombre":3},{"preusuel":"EVE","sexe":"f","dpt":"92","annais":2005,"nombre":21},{"preusuel":"EWAN","sexe":"m","dpt":"92","annais":2005,"nombre":10},{"preusuel":"EWANN","sexe":"m","dpt":"92","annais":2005,"nombre":3},{"preusuel":"EWEN","sexe":"m","dpt":"92","annais":2005,"nombre":8},{"preusuel":"EYAL","sexe":"m","dpt":"92","annais":2005,"nombre":4},{"preusuel":"EYTAN","sexe":"m","dpt":"92","annais":2005,"nombre":3},{"preusuel":"FABIEN","sexe":"m","dpt":"92","annais":2005,"nombre":6},{"preusuel":"FABIO","sexe":"m","dpt":"92","annais":2005,"nombre":13},{"preusuel":"FAIZA","sexe":"f","dpt":"92","annais":2005,"nombre":3},{"preusuel":"FANNY","sexe":"f","dpt":"92","annais":2005,"nombre":27},{"preusuel":"FANTA","sexe":"f","dpt":"92","annais":2005,"nombre":3},{"preusuel":"FANTINE","sexe":"f","dpt":"92","annais":2005,"nombre":3},{"preusuel":"FARAH","sexe":"f","dpt":"92","annais":2005,"nombre":15},{"preusuel":"FARES","sexe":"m","dpt":"92","annais":2005,"nombre":8},{"preusuel":"FATIMA","sexe":"f","dpt":"92","annais":2005,"nombre":11},{"preusuel":"FATMA","sexe":"f","dpt":"92","annais":2005,"nombre":3},{"preusuel":"FATOU","sexe":"f","dpt":"92","annais":2005,"nombre":3},{"preusuel":"FATOUMA","sexe":"f","dpt":"92","annais":2005,"nombre":3},{"preusuel":"FATOUMATA","sexe":"f","dpt":"92","annais":2005,"nombre":15},{"preusuel":"FAUSTINE","sexe":"f","dpt":"92","annais":2005,"nombre":20},{"preusuel":"FELICIA","sexe":"f","dpt":"92","annais":2005,"nombre":3},{"preusuel":"FELIX","sexe":"m","dpt":"92","annais":2005,"nombre":15},{"preusuel":"FERYEL","sexe":"f","dpt":"92","annais":2005,"nombre":3},{"preusuel":"FILIP","sexe":"m","dpt":"92","annais":2005,"nombre":4},{"preusuel":"FIONA","sexe":"f","dpt":"92","annais":2005,"nombre":8},{"preusuel":"FIRAS","sexe":"m","dpt":"92","annais":2005,"nombre":3},{"preusuel":"FLAVIA","sexe":"f","dpt":"92","annais":2005,"nombre":3},{"preusuel":"FLAVIE","sexe":"f","dpt":"92","annais":2005,"nombre":12},{"preusuel":"FLAVIO","sexe":"m","dpt":"92","annais":2005,"nombre":4},{"preusuel":"FLEUR","sexe":"f","dpt":"92","annais":2005,"nombre":8},{"preusuel":"FLORA","sexe":"f","dpt":"92","annais":2005,"nombre":12},{"preusuel":"FLORE","sexe":"f","dpt":"92","annais":2005,"nombre":17},{"preusuel":"FLORENCE","sexe":"f","dpt":"92","annais":2005,"nombre":3},{"preusuel":"FLORENT","sexe":"m","dpt":"92","annais":2005,"nombre":4},{"preusuel":"FLORIAN","sexe":"m","dpt":"92","annais":2005,"nombre":31},{"preusuel":"FLORIANE","sexe":"f","dpt":"92","annais":2005,"nombre":4},{"preusuel":"FOUAD","sexe":"m","dpt":"92","annais":2005,"nombre":6},{"preusuel":"FRANCESCA","sexe":"f","dpt":"92","annais":2005,"nombre":3},{"preusuel":"FRANCIS","sexe":"m","dpt":"92","annais":2005,"nombre":3},{"preusuel":"FRANCISCO","sexe":"m","dpt":"92","annais":2005,"nombre":3},{"preusuel":"FRANCOIS","sexe":"m","dpt":"92","annais":2005,"nombre":11},{"preusuel":"FRANCOIS-XAVIER","sexe":"m","dpt":"92","annais":2005,"nombre":3},{"preusuel":"FREDERIC","sexe":"m","dpt":"92","annais":2005,"nombre":3},{"preusuel":"GABIN","sexe":"m","dpt":"92","annais":2005,"nombre":24},{"preusuel":"GABRIEL","sexe":"m","dpt":"92","annais":2005,"nombre":136},{"preusuel":"GABRIELA","sexe":"f","dpt":"92","annais":2005,"nombre":3},{"preusuel":"GABRIELLA","sexe":"f","dpt":"92","annais":2005,"nombre":5},{"preusuel":"GABRIELLE","sexe":"f","dpt":"92","annais":2005,"nombre":27},{"preusuel":"GAEL","sexe":"m","dpt":"92","annais":2005,"nombre":7},{"preusuel":"GAELLE","sexe":"f","dpt":"92","annais":2005,"nombre":6},{"preusuel":"GAETAN","sexe":"m","dpt":"92","annais":2005,"nombre":18},{"preusuel":"GARANCE","sexe":"f","dpt":"92","annais":2005,"nombre":17},{"preusuel":"GASPAR","sexe":"m","dpt":"92","annais":2005,"nombre":3},{"preusuel":"GASPARD","sexe":"m","dpt":"92","annais":2005,"nombre":31},{"preusuel":"GATIEN","sexe":"m","dpt":"92","annais":2005,"nombre":4},{"preusuel":"GAUTHIER","sexe":"m","dpt":"92","annais":2005,"nombre":11},{"preusuel":"GENEVIEVE","sexe":"f","dpt":"92","annais":2005,"nombre":3},{"preusuel":"GEORGES","sexe":"m","dpt":"92","annais":2005,"nombre":4},{"preusuel":"GIANNI","sexe":"m","dpt":"92","annais":2005,"nombre":8},{"preusuel":"GIOVANNI","sexe":"m","dpt":"92","annais":2005,"nombre":3},{"preusuel":"GLORIA","sexe":"f","dpt":"92","annais":2005,"nombre":3},{"preusuel":"GRACE","sexe":"f","dpt":"92","annais":2005,"nombre":13},{"preusuel":"GREGOIRE","sexe":"m","dpt":"92","annais":2005,"nombre":24},{"preusuel":"GREGORY","sexe":"m","dpt":"92","annais":2005,"nombre":5},{"preusuel":"GUILHEM","sexe":"m","dpt":"92","annais":2005,"nombre":8},{"preusuel":"GUILLAUME","sexe":"m","dpt":"92","annais":2005,"nombre":54},{"preusuel":"GURVAN","sexe":"m","dpt":"92","annais":2005,"nombre":3},{"preusuel":"GUSTAVE","sexe":"m","dpt":"92","annais":2005,"nombre":5},{"preusuel":"GUY","sexe":"m","dpt":"92","annais":2005,"nombre":4},{"preusuel":"GWENAELLE","sexe":"f","dpt":"92","annais":2005,"nombre":3},{"preusuel":"GWENDAL","sexe":"m","dpt":"92","annais":2005,"nombre":6},{"preusuel":"GWENDOLINE","sexe":"f","dpt":"92","annais":2005,"nombre":4},{"preusuel":"HABIB","sexe":"m","dpt":"92","annais":2005,"nombre":4},{"preusuel":"HADRIEN","sexe":"m","dpt":"92","annais":2005,"nombre":13},{"preusuel":"HAFSA","sexe":"f","dpt":"92","annais":2005,"nombre":8},{"preusuel":"HAJAR","sexe":"f","dpt":"92","annais":2005,"nombre":9},{"preusuel":"HALIMA","sexe":"f","dpt":"92","annais":2005,"nombre":4},{"preusuel":"HAMZA","sexe":"m","dpt":"92","annais":2005,"nombre":20},{"preusuel":"HANA","sexe":"f","dpt":"92","annais":2005,"nombre":10},{"preusuel":"HANAE","sexe":"f","dpt":"92","annais":2005,"nombre":4},{"preusuel":"HANIA","sexe":"f","dpt":"92","annais":2005,"nombre":5},{"preusuel":"HANNA","sexe":"f","dpt":"92","annais":2005,"nombre":15},{"preusuel":"HANNAH","sexe":"f","dpt":"92","annais":2005,"nombre":4},{"preusuel":"HAROUN","sexe":"m","dpt":"92","annais":2005,"nombre":4},{"preusuel":"HASSAN","sexe":"m","dpt":"92","annais":2005,"nombre":4},{"preusuel":"HAWA","sexe":"f","dpt":"92","annais":2005,"nombre":7},{"preusuel":"HAYA","sexe":"f","dpt":"92","annais":2005,"nombre":3},{"preusuel":"HAYAT","sexe":"f","dpt":"92","annais":2005,"nombre":4},{"preusuel":"HECTOR","sexe":"m","dpt":"92","annais":2005,"nombre":13},{"preusuel":"HEDI","sexe":"m","dpt":"92","annais":2005,"nombre":6},{"preusuel":"HELEA","sexe":"f","dpt":"92","annais":2005,"nombre":3},{"preusuel":"HELENA","sexe":"f","dpt":"92","annais":2005,"nombre":13},{"preusuel":"HELENE","sexe":"f","dpt":"92","annais":2005,"nombre":13},{"preusuel":"HELOISE","sexe":"f","dpt":"92","annais":2005,"nombre":31},{"preusuel":"HENRI","sexe":"m","dpt":"92","annais":2005,"nombre":9},{"preusuel":"HENRY","sexe":"m","dpt":"92","annais":2005,"nombre":5},{"preusuel":"HERMINE","sexe":"f","dpt":"92","annais":2005,"nombre":4},{"preusuel":"HIBA","sexe":"f","dpt":"92","annais":2005,"nombre":5},{"preusuel":"HICHAM","sexe":"m","dpt":"92","annais":2005,"nombre":9},{"preusuel":"HICHEM","sexe":"m","dpt":"92","annais":2005,"nombre":3},{"preusuel":"HIPPOLYTE","sexe":"m","dpt":"92","annais":2005,"nombre":21},{"preusuel":"HOCINE","sexe":"m","dpt":"92","annais":2005,"nombre":5},{"preusuel":"HORTENSE","sexe":"f","dpt":"92","annais":2005,"nombre":9},{"preusuel":"HUGO","sexe":"m","dpt":"92","annais":2005,"nombre":132},{"preusuel":"HUGUES","sexe":"m","dpt":"92","annais":2005,"nombre":5},{"preusuel":"HYLAN","sexe":"m","dpt":"92","annais":2005,"nombre":3},{"preusuel":"IAN","sexe":"m","dpt":"92","annais":2005,"nombre":3},{"preusuel":"IANIS","sexe":"m","dpt":"92","annais":2005,"nombre":3},{"preusuel":"IBRAHIM","sexe":"m","dpt":"92","annais":2005,"nombre":18},{"preusuel":"IBRAHIMA","sexe":"m","dpt":"92","annais":2005,"nombre":3},{"preusuel":"IBTISSEM","sexe":"f","dpt":"92","annais":2005,"nombre":3},{"preusuel":"IDRISS","sexe":"m","dpt":"92","annais":2005,"nombre":6},{"preusuel":"IGOR","sexe":"m","dpt":"92","annais":2005,"nombre":4},{"preusuel":"IKRAM","sexe":"f","dpt":"92","annais":2005,"nombre":5},{"preusuel":"ILAN","sexe":"m","dpt":"92","annais":2005,"nombre":28},{"preusuel":"ILANA","sexe":"f","dpt":"92","annais":2005,"nombre":5},{"preusuel":"ILANN","sexe":"m","dpt":"92","annais":2005,"nombre":3},{"preusuel":"ILHAM","sexe":"f","dpt":"92","annais":2005,"nombre":9},{"preusuel":"ILHAN","sexe":"m","dpt":"92","annais":2005,"nombre":6},{"preusuel":"ILHEM","sexe":"f","dpt":"92","annais":2005,"nombre":3},{"preusuel":"ILIAN","sexe":"m","dpt":"92","annais":2005,"nombre":15},{"preusuel":"ILIANA","sexe":"f","dpt":"92","annais":2005,"nombre":3},{"preusuel":"ILIAS","sexe":"m","dpt":"92","annais":2005,"nombre":8},{"preusuel":"ILIES","sexe":"m","dpt":"92","annais":2005,"nombre":5},{"preusuel":"ILONA","sexe":"f","dpt":"92","annais":2005,"nombre":28},{"preusuel":"ILYAN","sexe":"m","dpt":"92","annais":2005,"nombre":4},{"preusuel":"ILYANA","sexe":"f","dpt":"92","annais":2005,"nombre":5},{"preusuel":"ILYAS","sexe":"m","dpt":"92","annais":2005,"nombre":6},{"preusuel":"ILYASSE","sexe":"m","dpt":"92","annais":2005,"nombre":3},{"preusuel":"ILYES","sexe":"m","dpt":"92","annais":2005,"nombre":26},{"preusuel":"ILYESS","sexe":"m","dpt":"92","annais":2005,"nombre":5},{"preusuel":"IMAD","sexe":"m","dpt":"92","annais":2005,"nombre":3},{"preusuel":"IMAN","sexe":"f","dpt":"92","annais":2005,"nombre":9},{"preusuel":"IMANE","sexe":"f","dpt":"92","annais":2005,"nombre":29},{"preusuel":"IMEN","sexe":"f","dpt":"92","annais":2005,"nombre":9},{"preusuel":"IMENE","sexe":"f","dpt":"92","annais":2005,"nombre":9},{"preusuel":"IMRAN","sexe":"m","dpt":"92","annais":2005,"nombre":3},{"preusuel":"IMRANE","sexe":"m","dpt":"92","annais":2005,"nombre":5},{"preusuel":"INAS","sexe":"f","dpt":"92","annais":2005,"nombre":3},{"preusuel":"INAYA","sexe":"f","dpt":"92","annais":2005,"nombre":3},{"preusuel":"INDIA","sexe":"f","dpt":"92","annais":2005,"nombre":3},{"preusuel":"INES","sexe":"f","dpt":"92","annais":2005,"nombre":214},{"preusuel":"INSAF","sexe":"f","dpt":"92","annais":2005,"nombre":3},{"preusuel":"IRENE","sexe":"f","dpt":"92","annais":2005,"nombre":5},{"preusuel":"IRFANE","sexe":"m","dpt":"92","annais":2005,"nombre":3},{"preusuel":"IRINA","sexe":"f","dpt":"92","annais":2005,"nombre":3},{"preusuel":"IRIS","sexe":"f","dpt":"92","annais":2005,"nombre":19},{"preusuel":"ISAAC","sexe":"m","dpt":"92","annais":2005,"nombre":10},{"preusuel":"ISABELLA","sexe":"f","dpt":"92","annais":2005,"nombre":4},{"preusuel":"ISABELLE","sexe":"f","dpt":"92","annais":2005,"nombre":4},{"preusuel":"ISAURE","sexe":"f","dpt":"92","annais":2005,"nombre":10},{"preusuel":"ISMAEL","sexe":"m","dpt":"92","annais":2005,"nombre":20},{"preusuel":"ISMAIL","sexe":"m","dpt":"92","annais":2005,"nombre":9},{"preusuel":"ISRA","sexe":"f","dpt":"92","annais":2005,"nombre":5},{"preusuel":"ISSA","sexe":"m","dpt":"92","annais":2005,"nombre":6},{"preusuel":"ISSAM","sexe":"m","dpt":"92","annais":2005,"nombre":8},{"preusuel":"IVAN","sexe":"m","dpt":"92","annais":2005,"nombre":5},{"preusuel":"IYAD","sexe":"m","dpt":"92","annais":2005,"nombre":3},{"preusuel":"JACK","sexe":"m","dpt":"92","annais":2005,"nombre":4},{"preusuel":"JACQUES","sexe":"m","dpt":"92","annais":2005,"nombre":4},{"preusuel":"JAD","sexe":"m","dpt":"92","annais":2005,"nombre":3},{"preusuel":"JADE","sexe":"f","dpt":"92","annais":2005,"nombre":114},{"preusuel":"JALIL","sexe":"m","dpt":"92","annais":2005,"nombre":5},{"preusuel":"JAMES","sexe":"m","dpt":"92","annais":2005,"nombre":12},{"preusuel":"JANA","sexe":"f","dpt":"92","annais":2005,"nombre":5},{"preusuel":"JANNA","sexe":"f","dpt":"92","annais":2005,"nombre":8},{"preusuel":"JAROD","sexe":"m","dpt":"92","annais":2005,"nombre":5},{"preusuel":"JASMINE","sexe":"f","dpt":"92","annais":2005,"nombre":14},{"preusuel":"JASON","sexe":"m","dpt":"92","annais":2005,"nombre":9},{"preusuel":"JASSIM","sexe":"m","dpt":"92","annais":2005,"nombre":5},{"preusuel":"JAWAD","sexe":"m","dpt":"92","annais":2005,"nombre":4},{"preusuel":"JAYSON","sexe":"m","dpt":"92","annais":2005,"nombre":3},{"preusuel":"JEAN","sexe":"m","dpt":"92","annais":2005,"nombre":26},{"preusuel":"JEAN-BAPTISTE","sexe":"m","dpt":"92","annais":2005,"nombre":8},{"preusuel":"JEAN-PHILIPPE","sexe":"m","dpt":"92","annais":2005,"nombre":3},{"preusuel":"JEANNE","sexe":"f","dpt":"92","annais":2005,"nombre":75},{"preusuel":"JENNA","sexe":"f","dpt":"92","annais":2005,"nombre":7},{"preusuel":"JENNIFER","sexe":"f","dpt":"92","annais":2005,"nombre":3},{"preusuel":"JENNY","sexe":"f","dpt":"92","annais":2005,"nombre":3},{"preusuel":"JEREMIE","sexe":"m","dpt":"92","annais":2005,"nombre":11},{"preusuel":"JEREMY","sexe":"m","dpt":"92","annais":2005,"nombre":28},{"preusuel":"JEROME","sexe":"m","dpt":"92","annais":2005,"nombre":5},{"preusuel":"JESSICA","sexe":"f","dpt":"92","annais":2005,"nombre":10},{"preusuel":"JIBRIL","sexe":"m","dpt":"92","annais":2005,"nombre":3},{"preusuel":"JIHANE","sexe":"f","dpt":"92","annais":2005,"nombre":9},{"preusuel":"JOACHIM","sexe":"m","dpt":"92","annais":2005,"nombre":4},{"preusuel":"JOAN","sexe":"m","dpt":"92","annais":2005,"nombre":8},{"preusuel":"JOANA","sexe":"f","dpt":"92","annais":2005,"nombre":3},{"preusuel":"JOANNA","sexe":"f","dpt":"92","annais":2005,"nombre":4},{"preusuel":"JOCELYN","sexe":"m","dpt":"92","annais":2005,"nombre":3},{"preusuel":"JOEL","sexe":"m","dpt":"92","annais":2005,"nombre":4},{"preusuel":"JOHAN","sexe":"m","dpt":"92","annais":2005,"nombre":16},{"preusuel":"JOHANN","sexe":"m","dpt":"92","annais":2005,"nombre":4},{"preusuel":"JOHANNA","sexe":"f","dpt":"92","annais":2005,"nombre":11},{"preusuel":"JOHN","sexe":"m","dpt":"92","annais":2005,"nombre":4},{"preusuel":"JOLAN","sexe":"m","dpt":"92","annais":2005,"nombre":5},{"preusuel":"JONAS","sexe":"m","dpt":"92","annais":2005,"nombre":9},{"preusuel":"JONATHAN","sexe":"m","dpt":"92","annais":2005,"nombre":13},{"preusuel":"JORDAN","sexe":"m","dpt":"92","annais":2005,"nombre":24},{"preusuel":"JORIS","sexe":"m","dpt":"92","annais":2005,"nombre":5},{"preusuel":"JOSEPH","sexe":"m","dpt":"92","annais":2005,"nombre":28},{"preusuel":"JOSEPHINE","sexe":"f","dpt":"92","annais":2005,"nombre":32},{"preusuel":"JOSH","sexe":"m","dpt":"92","annais":2005,"nombre":4},{"preusuel":"JOSHUA","sexe":"m","dpt":"92","annais":2005,"nombre":9},{"preusuel":"JOSUE","sexe":"m","dpt":"92","annais":2005,"nombre":4},{"preusuel":"JOYCE","sexe":"f","dpt":"92","annais":2005,"nombre":5},{"preusuel":"JUDE","sexe":"m","dpt":"92","annais":2005,"nombre":3},{"preusuel":"JUDITH","sexe":"f","dpt":"92","annais":2005,"nombre":3},{"preusuel":"JULES","sexe":"m","dpt":"92","annais":2005,"nombre":91},{"preusuel":"JULIA","sexe":"f","dpt":"92","annais":2005,"nombre":43},{"preusuel":"JULIAN","sexe":"m","dpt":"92","annais":2005,"nombre":14},{"preusuel":"JULIANA","sexe":"f","dpt":"92","annais":2005,"nombre":3},{"preusuel":"JULIE","sexe":"f","dpt":"92","annais":2005,"nombre":88},{"preusuel":"JULIEN","sexe":"m","dpt":"92","annais":2005,"nombre":96},{"preusuel":"JULIETTE","sexe":"f","dpt":"92","annais":2005,"nombre":93},{"preusuel":"JUNIOR","sexe":"m","dpt":"92","annais":2005,"nombre":4},{"preusuel":"JUSTIN","sexe":"m","dpt":"92","annais":2005,"nombre":7},{"preusuel":"JUSTINE","sexe":"f","dpt":"92","annais":2005,"nombre":43},{"preusuel":"KADIATOU","sexe":"f","dpt":"92","annais":2005,"nombre":3},{"preusuel":"KAHINA","sexe":"f","dpt":"92","annais":2005,"nombre":7},{"preusuel":"KAIS","sexe":"m","dpt":"92","annais":2005,"nombre":7},{"preusuel":"KAISS","sexe":"m","dpt":"92","annais":2005,"nombre":3},{"preusuel":"KAMIL","sexe":"m","dpt":"92","annais":2005,"nombre":4},{"preusuel":"KAMILIA","sexe":"f","dpt":"92","annais":2005,"nombre":3},{"preusuel":"KAREL","sexe":"f","dpt":"92","annais":2005,"nombre":3},{"preusuel":"KAREN","sexe":"f","dpt":"92","annais":2005,"nombre":5},{"preusuel":"KARIM","sexe":"m","dpt":"92","annais":2005,"nombre":16},{"preusuel":"KARL","sexe":"m","dpt":"92","annais":2005,"nombre":6},{"preusuel":"KARLA","sexe":"f","dpt":"92","annais":2005,"nombre":5},{"preusuel":"KASSANDRA","sexe":"f","dpt":"92","annais":2005,"nombre":9},{"preusuel":"KATELL","sexe":"f","dpt":"92","annais":2005,"nombre":4},{"preusuel":"KAWTAR","sexe":"f","dpt":"92","annais":2005,"nombre":4},{"preusuel":"KAWTHAR","sexe":"f","dpt":"92","annais":2005,"nombre":4},{"preusuel":"KAYLIAH","sexe":"f","dpt":"92","annais":2005,"nombre":3},{"preusuel":"KAYNA","sexe":"f","dpt":"92","annais":2005,"nombre":3},{"preusuel":"KELIAN","sexe":"m","dpt":"92","annais":2005,"nombre":5},{"preusuel":"KELLY","sexe":"f","dpt":"92","annais":2005,"nombre":3},{"preusuel":"KELVIN","sexe":"m","dpt":"92","annais":2005,"nombre":4},{"preusuel":"KELYAN","sexe":"m","dpt":"92","annais":2005,"nombre":4},{"preusuel":"KENAN","sexe":"m","dpt":"92","annais":2005,"nombre":3},{"preusuel":"KENNY","sexe":"m","dpt":"92","annais":2005,"nombre":9},{"preusuel":"KENZA","sexe":"f","dpt":"92","annais":2005,"nombre":18},{"preusuel":"KENZO","sexe":"m","dpt":"92","annais":2005,"nombre":4},{"preusuel":"KEREN","sexe":"f","dpt":"92","annais":2005,"nombre":5},{"preusuel":"KEVIN","sexe":"m","dpt":"92","annais":2005,"nombre":49},{"preusuel":"KEZIA","sexe":"f","dpt":"92","annais":2005,"nombre":3},{"preusuel":"KHADIJA","sexe":"f","dpt":"92","annais":2005,"nombre":6},{"preusuel":"KHALED","sexe":"m","dpt":"92","annais":2005,"nombre":4},{"preusuel":"KHALIL","sexe":"m","dpt":"92","annais":2005,"nombre":6},{"preusuel":"KILIAN","sexe":"m","dpt":"92","annais":2005,"nombre":12},{"preusuel":"KILLIAN","sexe":"m","dpt":"92","annais":2005,"nombre":29},{"preusuel":"KILYAN","sexe":"m","dpt":"92","annais":2005,"nombre":9},{"preusuel":"KIM","sexe":"f","dpt":"92","annais":2005,"nombre":3},{"preusuel":"KLARA","sexe":"f","dpt":"92","annais":2005,"nombre":4},{"preusuel":"KRIS","sexe":"m","dpt":"92","annais":2005,"nombre":3},{"preusuel":"KYAN","sexe":"m","dpt":"92","annais":2005,"nombre":4},{"preusuel":"KYARA","sexe":"f","dpt":"92","annais":2005,"nombre":4},{"preusuel":"KYLIAN","sexe":"m","dpt":"92","annais":2005,"nombre":33},{"preusuel":"KYLIANN","sexe":"m","dpt":"92","annais":2005,"nombre":4},{"preusuel":"KYLLIAN","sexe":"m","dpt":"92","annais":2005,"nombre":16},{"preusuel":"LAETITIA","sexe":"f","dpt":"92","annais":2005,"nombre":31},{"preusuel":"LAHNA","sexe":"f","dpt":"92","annais":2005,"nombre":3},{"preusuel":"LALIE","sexe":"f","dpt":"92","annais":2005,"nombre":5},{"preusuel":"LAMIA","sexe":"f","dpt":"92","annais":2005,"nombre":5},{"preusuel":"LANA","sexe":"f","dpt":"92","annais":2005,"nombre":10},{"preusuel":"LANCELOT","sexe":"m","dpt":"92","annais":2005,"nombre":3},{"preusuel":"LANDRY","sexe":"m","dpt":"92","annais":2005,"nombre":3},{"preusuel":"LARA","sexe":"f","dpt":"92","annais":2005,"nombre":8},{"preusuel":"LAURA","sexe":"f","dpt":"92","annais":2005,"nombre":74},{"preusuel":"LAURE","sexe":"f","dpt":"92","annais":2005,"nombre":14},{"preusuel":"LAUREEN","sexe":"f","dpt":"92","annais":2005,"nombre":4},{"preusuel":"LAURENE","sexe":"f","dpt":"92","annais":2005,"nombre":7},{"preusuel":"LAURENT","sexe":"m","dpt":"92","annais":2005,"nombre":5},{"preusuel":"LAURIANE","sexe":"f","dpt":"92","annais":2005,"nombre":6},{"preusuel":"LAURIANNE","sexe":"f","dpt":"92","annais":2005,"nombre":4},{"preusuel":"LAURINE","sexe":"f","dpt":"92","annais":2005,"nombre":11},{"preusuel":"LAYANA","sexe":"f","dpt":"92","annais":2005,"nombre":3},{"preusuel":"LEA","sexe":"f","dpt":"92","annais":2005,"nombre":146},{"preusuel":"LEAH","sexe":"f","dpt":"92","annais":2005,"nombre":5},{"preusuel":"LEANA","sexe":"f","dpt":"92","annais":2005,"nombre":7},{"preusuel":"LEANDRE","sexe":"m","dpt":"92","annais":2005,"nombre":5},{"preusuel":"LEANDRO","sexe":"m","dpt":"92","annais":2005,"nombre":4},{"preusuel":"LEANE","sexe":"f","dpt":"92","annais":2005,"nombre":25},{"preusuel":"LEANNE","sexe":"f","dpt":"92","annais":2005,"nombre":4},{"preusuel":"LEELOU","sexe":"f","dpt":"92","annais":2005,"nombre":3},{"preusuel":"LEILA","sexe":"f","dpt":"92","annais":2005,"nombre":11},{"preusuel":"LEINA","sexe":"f","dpt":"92","annais":2005,"nombre":5},{"preusuel":"LENA","sexe":"f","dpt":"92","annais":2005,"nombre":56},{"preusuel":"LENNY","sexe":"m","dpt":"92","annais":2005,"nombre":24},{"preusuel":"LENY","sexe":"m","dpt":"92","annais":2005,"nombre":8},{"preusuel":"LEO","sexe":"m","dpt":"92","annais":2005,"nombre":75},{"preusuel":"LEO-PAUL","sexe":"m","dpt":"92","annais":2005,"nombre":6},{"preusuel":"LEON","sexe":"m","dpt":"92","annais":2005,"nombre":8},{"preusuel":"LEONARD","sexe":"m","dpt":"92","annais":2005,"nombre":13},{"preusuel":"LEONIE","sexe":"f","dpt":"92","annais":2005,"nombre":11},{"preusuel":"LEONORE","sexe":"f","dpt":"92","annais":2005,"nombre":6},{"preusuel":"LEOPOLD","sexe":"m","dpt":"92","annais":2005,"nombre":9},{"preusuel":"LEOPOLDINE","sexe":"f","dpt":"92","annais":2005,"nombre":4},{"preusuel":"LESLIE","sexe":"f","dpt":"92","annais":2005,"nombre":6},{"preusuel":"LETICIA","sexe":"f","dpt":"92","annais":2005,"nombre":4},{"preusuel":"LEYNA","sexe":"f","dpt":"92","annais":2005,"nombre":3},{"preusuel":"LIAM","sexe":"m","dpt":"92","annais":2005,"nombre":15},{"preusuel":"LILA","sexe":"f","dpt":"92","annais":2005,"nombre":13},{"preusuel":"LILAS","sexe":"f","dpt":"92","annais":2005,"nombre":3},{"preusuel":"LILI","sexe":"f","dpt":"92","annais":2005,"nombre":9},{"preusuel":"LILIA","sexe":"f","dpt":"92","annais":2005,"nombre":17},{"preusuel":"LILIAN","sexe":"m","dpt":"92","annais":2005,"nombre":15},{"preusuel":"LILLY","sexe":"f","dpt":"92","annais":2005,"nombre":3},{"preusuel":"LILOU","sexe":"f","dpt":"92","annais":2005,"nombre":45},{"preusuel":"LILY","sexe":"f","dpt":"92","annais":2005,"nombre":19},{"preusuel":"LILYA","sexe":"f","dpt":"92","annais":2005,"nombre":4},{"preusuel":"LINA","sexe":"f","dpt":"92","annais":2005,"nombre":105},{"preusuel":"LINDA","sexe":"f","dpt":"92","annais":2005,"nombre":7},{"preusuel":"LINDSAY","sexe":"f","dpt":"92","annais":2005,"nombre":5},{"preusuel":"LINE","sexe":"f","dpt":"92","annais":2005,"nombre":8},{"preusuel":"LINO","sexe":"m","dpt":"92","annais":2005,"nombre":3},{"preusuel":"LISA","sexe":"f","dpt":"92","annais":2005,"nombre":69},{"preusuel":"LISE","sexe":"f","dpt":"92","annais":2005,"nombre":17},{"preusuel":"LISON","sexe":"f","dpt":"92","annais":2005,"nombre":9},{"preusuel":"LIV","sexe":"f","dpt":"92","annais":2005,"nombre":3},{"preusuel":"LIVIA","sexe":"f","dpt":"92","annais":2005,"nombre":3},{"preusuel":"LIZEA","sexe":"f","dpt":"92","annais":2005,"nombre":3},{"preusuel":"LOAN","sexe":"f","dpt":"92","annais":2005,"nombre":4},{"preusuel":"LOAN","sexe":"m","dpt":"92","annais":2005,"nombre":12},{"preusuel":"LOANE","sexe":"f","dpt":"92","annais":2005,"nombre":19},{"preusuel":"LOANN","sexe":"f","dpt":"92","annais":2005,"nombre":6},{"preusuel":"LOANN","sexe":"m","dpt":"92","annais":2005,"nombre":3},{"preusuel":"LOANNE","sexe":"f","dpt":"92","annais":2005,"nombre":4},{"preusuel":"LOGAN","sexe":"m","dpt":"92","annais":2005,"nombre":9},{"preusuel":"LOHAN","sexe":"m","dpt":"92","annais":2005,"nombre":3},{"preusuel":"LOIC","sexe":"m","dpt":"92","annais":2005,"nombre":19},{"preusuel":"LOIS","sexe":"f","dpt":"92","annais":2005,"nombre":5},{"preusuel":"LOIS","sexe":"m","dpt":"92","annais":2005,"nombre":6},{"preusuel":"LOISE","sexe":"f","dpt":"92","annais":2005,"nombre":4},{"preusuel":"LOLA","sexe":"f","dpt":"92","annais":2005,"nombre":61},{"preusuel":"LORENA","sexe":"f","dpt":"92","annais":2005,"nombre":5},{"preusuel":"LORENE","sexe":"f","dpt":"92","annais":2005,"nombre":4},{"preusuel":"LORENZO","sexe":"m","dpt":"92","annais":2005,"nombre":25},{"preusuel":"LORIANE","sexe":"f","dpt":"92","annais":2005,"nombre":4},{"preusuel":"LORINE","sexe":"f","dpt":"92","annais":2005,"nombre":4},{"preusuel":"LORIS","sexe":"m","dpt":"92","annais":2005,"nombre":15},{"preusuel":"LORRAINE","sexe":"f","dpt":"92","annais":2005,"nombre":6},{"preusuel":"LOU","sexe":"f","dpt":"92","annais":2005,"nombre":63},{"preusuel":"LOU-ANN","sexe":"f","dpt":"92","annais":2005,"nombre":12},{"preusuel":"LOU-ANNE","sexe":"f","dpt":"92","annais":2005,"nombre":8},{"preusuel":"LOUAN","sexe":"m","dpt":"92","annais":2005,"nombre":3},{"preusuel":"LOUANE","sexe":"f","dpt":"92","annais":2005,"nombre":11},{"preusuel":"LOUANN","sexe":"f","dpt":"92","annais":2005,"nombre":4},{"preusuel":"LOUANNE","sexe":"f","dpt":"92","annais":2005,"nombre":7},{"preusuel":"LOUBNA","sexe":"f","dpt":"92","annais":2005,"nombre":8},{"preusuel":"LOUIS","sexe":"m","dpt":"92","annais":2005,"nombre":128},{"preusuel":"LOUISA","sexe":"f","dpt":"92","annais":2005,"nombre":4},{"preusuel":"LOUISE","sexe":"f","dpt":"92","annais":2005,"nombre":87},{"preusuel":"LOUISON","sexe":"f","dpt":"92","annais":2005,"nombre":5},{"preusuel":"LOUISON","sexe":"m","dpt":"92","annais":2005,"nombre":3},{"preusuel":"LOUKA","sexe":"m","dpt":"92","annais":2005,"nombre":3},{"preusuel":"LOUNA","sexe":"f","dpt":"92","annais":2005,"nombre":25},{"preusuel":"LOUP","sexe":"m","dpt":"92","annais":2005,"nombre":3},{"preusuel":"LUBIN","sexe":"m","dpt":"92","annais":2005,"nombre":3},{"preusuel":"LUC","sexe":"m","dpt":"92","annais":2005,"nombre":6},{"preusuel":"LUCA","sexe":"m","dpt":"92","annais":2005,"nombre":24},{"preusuel":"LUCAS","sexe":"m","dpt":"92","annais":2005,"nombre":136},{"preusuel":"LUCIA","sexe":"f","dpt":"92","annais":2005,"nombre":5},{"preusuel":"LUCIE","sexe":"f","dpt":"92","annais":2005,"nombre":101},{"preusuel":"LUCIEN","sexe":"m","dpt":"92","annais":2005,"nombre":8},{"preusuel":"LUCILE","sexe":"f","dpt":"92","annais":2005,"nombre":32},{"preusuel":"LUCILLE","sexe":"f","dpt":"92","annais":2005,"nombre":6},{"preusuel":"LUCY","sexe":"f","dpt":"92","annais":2005,"nombre":8},{"preusuel":"LUDIVINE","sexe":"f","dpt":"92","annais":2005,"nombre":20},{"preusuel":"LUDOVIC","sexe":"m","dpt":"92","annais":2005,"nombre":10},{"preusuel":"LUIGI","sexe":"m","dpt":"92","annais":2005,"nombre":3},{"preusuel":"LUKA","sexe":"m","dpt":"92","annais":2005,"nombre":11},{"preusuel":"LUKAS","sexe":"m","dpt":"92","annais":2005,"nombre":10},{"preusuel":"LUNA","sexe":"f","dpt":"92","annais":2005,"nombre":36},{"preusuel":"LYA","sexe":"f","dpt":"92","annais":2005,"nombre":3},{"preusuel":"LYDIA","sexe":"f","dpt":"92","annais":2005,"nombre":10},{"preusuel":"LYES","sexe":"m","dpt":"92","annais":2005,"nombre":4},{"preusuel":"LYLIA","sexe":"f","dpt":"92","annais":2005,"nombre":5},{"preusuel":"LYLIAN","sexe":"m","dpt":"92","annais":2005,"nombre":3},{"preusuel":"LYLOU","sexe":"f","dpt":"92","annais":2005,"nombre":5},{"preusuel":"LYNA","sexe":"f","dpt":"92","annais":2005,"nombre":14},{"preusuel":"LYNDA","sexe":"f","dpt":"92","annais":2005,"nombre":5},{"preusuel":"LYNE","sexe":"f","dpt":"92","annais":2005,"nombre":3},{"preusuel":"MADELEINE","sexe":"f","dpt":"92","annais":2005,"nombre":10},{"preusuel":"MADISON","sexe":"f","dpt":"92","annais":2005,"nombre":4},{"preusuel":"MAE","sexe":"f","dpt":"92","annais":2005,"nombre":6},{"preusuel":"MAEL","sexe":"m","dpt":"92","annais":2005,"nombre":34},{"preusuel":"MAELIE","sexe":"f","dpt":"92","annais":2005,"nombre":4},{"preusuel":"MAELINE","sexe":"f","dpt":"92","annais":2005,"nombre":4},{"preusuel":"MAELIS","sexe":"f","dpt":"92","annais":2005,"nombre":5},{"preusuel":"MAELLE","sexe":"f","dpt":"92","annais":2005,"nombre":54},{"preusuel":"MAELLY","sexe":"f","dpt":"92","annais":2005,"nombre":3},{"preusuel":"MAELLYS","sexe":"f","dpt":"92","annais":2005,"nombre":4},{"preusuel":"MAELY","sexe":"f","dpt":"92","annais":2005,"nombre":3},{"preusuel":"MAELYS","sexe":"f","dpt":"92","annais":2005,"nombre":42},{"preusuel":"MAEVA","sexe":"f","dpt":"92","annais":2005,"nombre":33},{"preusuel":"MAHAMADOU","sexe":"m","dpt":"92","annais":2005,"nombre":4},{"preusuel":"MAHAULT","sexe":"f","dpt":"92","annais":2005,"nombre":3},{"preusuel":"MAHAUT","sexe":"f","dpt":"92","annais":2005,"nombre":4},{"preusuel":"MAHDI","sexe":"m","dpt":"92","annais":2005,"nombre":4},{"preusuel":"MAHE","sexe":"m","dpt":"92","annais":2005,"nombre":3},{"preusuel":"MAIA","sexe":"f","dpt":"92","annais":2005,"nombre":12},{"preusuel":"MAILYS","sexe":"f","dpt":"92","annais":2005,"nombre":10},{"preusuel":"MAIMOUNA","sexe":"f","dpt":"92","annais":2005,"nombre":5},{"preusuel":"MAINA","sexe":"f","dpt":"92","annais":2005,"nombre":3},{"preusuel":"MAISSA","sexe":"f","dpt":"92","annais":2005,"nombre":10},{"preusuel":"MAISSANE","sexe":"f","dpt":"92","annais":2005,"nombre":7},{"preusuel":"MAIWEN","sexe":"f","dpt":"92","annais":2005,"nombre":3},{"preusuel":"MAIWENN","sexe":"f","dpt":"92","annais":2005,"nombre":8},{"preusuel":"MALAK","sexe":"f","dpt":"92","annais":2005,"nombre":5},{"preusuel":"MALCOLM","sexe":"m","dpt":"92","annais":2005,"nombre":3},{"preusuel":"MALCOM","sexe":"m","dpt":"92","annais":2005,"nombre":3},{"preusuel":"MALENA","sexe":"f","dpt":"92","annais":2005,"nombre":3},{"preusuel":"MALICK","sexe":"m","dpt":"92","annais":2005,"nombre":4},{"preusuel":"MALIK","sexe":"m","dpt":"92","annais":2005,"nombre":8},{"preusuel":"MALO","sexe":"m","dpt":"92","annais":2005,"nombre":27},{"preusuel":"MALOU","sexe":"f","dpt":"92","annais":2005,"nombre":3},{"preusuel":"MAMADOU","sexe":"m","dpt":"92","annais":2005,"nombre":13},{"preusuel":"MANAL","sexe":"f","dpt":"92","annais":2005,"nombre":8},{"preusuel":"MANEL","sexe":"f","dpt":"92","annais":2005,"nombre":19},{"preusuel":"MANELLE","sexe":"f","dpt":"92","annais":2005,"nombre":9},{"preusuel":"MANON","sexe":"f","dpt":"92","annais":2005,"nombre":114},{"preusuel":"MANUELA","sexe":"f","dpt":"92","annais":2005,"nombre":4},{"preusuel":"MARC","sexe":"m","dpt":"92","annais":2005,"nombre":20},{"preusuel":"MARC-ANTOINE","sexe":"m","dpt":"92","annais":2005,"nombre":7},{"preusuel":"MARCEAU","sexe":"m","dpt":"92","annais":2005,"nombre":9},{"preusuel":"MARCO","sexe":"m","dpt":"92","annais":2005,"nombre":3},{"preusuel":"MARCUS","sexe":"m","dpt":"92","annais":2005,"nombre":5},{"preusuel":"MARGAUX","sexe":"f","dpt":"92","annais":2005,"nombre":58},{"preusuel":"MARGOT","sexe":"f","dpt":"92","annais":2005,"nombre":39},{"preusuel":"MARGUERITE","sexe":"f","dpt":"92","annais":2005,"nombre":7},{"preusuel":"MARIA","sexe":"f","dpt":"92","annais":2005,"nombre":7},{"preusuel":"MARIAM","sexe":"f","dpt":"92","annais":2005,"nombre":15},{"preusuel":"MARIAME","sexe":"f","dpt":"92","annais":2005,"nombre":4},{"preusuel":"MARIANNE","sexe":"f","dpt":"92","annais":2005,"nombre":6},{"preusuel":"MARIE","sexe":"f","dpt":"92","annais":2005,"nombre":93},{"preusuel":"MARIE-LOU","sexe":"f","dpt":"92","annais":2005,"nombre":8},{"preusuel":"MARILOU","sexe":"f","dpt":"92","annais":2005,"nombre":13},{"preusuel":"MARIN","sexe":"m","dpt":"92","annais":2005,"nombre":15},{"preusuel":"MARINA","sexe":"f","dpt":"92","annais":2005,"nombre":12},{"preusuel":"MARINE","sexe":"f","dpt":"92","annais":2005,"nombre":44},{"preusuel":"MARION","sexe":"f","dpt":"92","annais":2005,"nombre":42},{"preusuel":"MARIUS","sexe":"m","dpt":"92","annais":2005,"nombre":17},{"preusuel":"MARLENE","sexe":"f","dpt":"92","annais":2005,"nombre":3},{"preusuel":"MARLON","sexe":"m","dpt":"92","annais":2005,"nombre":3},{"preusuel":"MARTIN","sexe":"m","dpt":"92","annais":2005,"nombre":52},{"preusuel":"MARVIN","sexe":"m","dpt":"92","annais":2005,"nombre":8},{"preusuel":"MARWA","sexe":"f","dpt":"92","annais":2005,"nombre":7},{"preusuel":"MARWAN","sexe":"m","dpt":"92","annais":2005,"nombre":22},{"preusuel":"MARWANE","sexe":"m","dpt":"92","annais":2005,"nombre":9},{"preusuel":"MARY","sexe":"f","dpt":"92","annais":2005,"nombre":3},{"preusuel":"MARYAM","sexe":"f","dpt":"92","annais":2005,"nombre":12},{"preusuel":"MASSIL","sexe":"m","dpt":"92","annais":2005,"nombre":3},{"preusuel":"MASSINISSA","sexe":"m","dpt":"92","annais":2005,"nombre":6},{"preusuel":"MATEO","sexe":"m","dpt":"92","annais":2005,"nombre":35},{"preusuel":"MATHEO","sexe":"m","dpt":"92","annais":2005,"nombre":45},{"preusuel":"MATHIAS","sexe":"m","dpt":"92","annais":2005,"nombre":37},{"preusuel":"MATHIEU","sexe":"m","dpt":"92","annais":2005,"nombre":70},{"preusuel":"MATHILDA","sexe":"f","dpt":"92","annais":2005,"nombre":4},{"preusuel":"MATHILDE","sexe":"f","dpt":"92","annais":2005,"nombre":99},{"preusuel":"MATHIS","sexe":"m","dpt":"92","annais":2005,"nombre":130},{"preusuel":"MATHURIN","sexe":"m","dpt":"92","annais":2005,"nombre":4},{"preusuel":"MATHYS","sexe":"m","dpt":"92","annais":2005,"nombre":29},{"preusuel":"MATILDE","sexe":"f","dpt":"92","annais":2005,"nombre":4},{"preusuel":"MATIS","sexe":"m","dpt":"92","annais":2005,"nombre":12},{"preusuel":"MATISSE","sexe":"m","dpt":"92","annais":2005,"nombre":3},{"preusuel":"MATT","sexe":"m","dpt":"92","annais":2005,"nombre":4},{"preusuel":"MATTEO","sexe":"m","dpt":"92","annais":2005,"nombre":76},{"preusuel":"MATTHEO","sexe":"m","dpt":"92","annais":2005,"nombre":3},{"preusuel":"MATTHEW","sexe":"m","dpt":"92","annais":2005,"nombre":5},{"preusuel":"MATTHIAS","sexe":"m","dpt":"92","annais":2005,"nombre":15},{"preusuel":"MATTHIEU","sexe":"m","dpt":"92","annais":2005,"nombre":45},{"preusuel":"MATTHIS","sexe":"m","dpt":"92","annais":2005,"nombre":3},{"preusuel":"MATTIAS","sexe":"m","dpt":"92","annais":2005,"nombre":3},{"preusuel":"MATYS","sexe":"m","dpt":"92","annais":2005,"nombre":4},{"preusuel":"MAUD","sexe":"f","dpt":"92","annais":2005,"nombre":14},{"preusuel":"MAUREEN","sexe":"f","dpt":"92","annais":2005,"nombre":3},{"preusuel":"MAX","sexe":"m","dpt":"92","annais":2005,"nombre":12},{"preusuel":"MAXANDRE","sexe":"m","dpt":"92","annais":2005,"nombre":3},{"preusuel":"MAXENCE","sexe":"m","dpt":"92","annais":2005,"nombre":63},{"preusuel":"MAXENS","sexe":"m","dpt":"92","annais":2005,"nombre":3},{"preusuel":"MAXIME","sexe":"m","dpt":"92","annais":2005,"nombre":163},{"preusuel":"MAXIMILIEN","sexe":"m","dpt":"92","annais":2005,"nombre":11},{"preusuel":"MAXINE","sexe":"f","dpt":"92","annais":2005,"nombre":3},{"preusuel":"MAY","sexe":"f","dpt":"92","annais":2005,"nombre":3},{"preusuel":"MAYA","sexe":"f","dpt":"92","annais":2005,"nombre":22},{"preusuel":"MAYEUL","sexe":"m","dpt":"92","annais":2005,"nombre":7},{"preusuel":"MAYLINE","sexe":"f","dpt":"92","annais":2005,"nombre":3},{"preusuel":"MAYLIS","sexe":"f","dpt":"92","annais":2005,"nombre":16},{"preusuel":"MAYSSA","sexe":"f","dpt":"92","annais":2005,"nombre":4},{"preusuel":"MEGANE","sexe":"f","dpt":"92","annais":2005,"nombre":3},{"preusuel":"MEHDI","sexe":"m","dpt":"92","annais":2005,"nombre":46},{"preusuel":"MEISSA","sexe":"f","dpt":"92","annais":2005,"nombre":3},{"preusuel":"MEISSANE","sexe":"f","dpt":"92","annais":2005,"nombre":3},{"preusuel":"MELANIE","sexe":"f","dpt":"92","annais":2005,"nombre":17},{"preusuel":"MELCHIOR","sexe":"m","dpt":"92","annais":2005,"nombre":4},{"preusuel":"MELIA","sexe":"f","dpt":"92","annais":2005,"nombre":3},{"preusuel":"MELINA","sexe":"f","dpt":"92","annais":2005,"nombre":25},{"preusuel":"MELINDA","sexe":"f","dpt":"92","annais":2005,"nombre":4},{"preusuel":"MELINE","sexe":"f","dpt":"92","annais":2005,"nombre":17},{"preusuel":"MELISSA","sexe":"f","dpt":"92","annais":2005,"nombre":44},{"preusuel":"MELODIE","sexe":"f","dpt":"92","annais":2005,"nombre":4},{"preusuel":"MELODY","sexe":"f","dpt":"92","annais":2005,"nombre":7},{"preusuel":"MELVIN","sexe":"m","dpt":"92","annais":2005,"nombre":9},{"preusuel":"MELVYN","sexe":"m","dpt":"92","annais":2005,"nombre":6},{"preusuel":"MELYNA","sexe":"f","dpt":"92","annais":2005,"nombre":3},{"preusuel":"MELYNE","sexe":"f","dpt":"92","annais":2005,"nombre":4},{"preusuel":"MENAHEM","sexe":"m","dpt":"92","annais":2005,"nombre":3},{"preusuel":"MERIEM","sexe":"f","dpt":"92","annais":2005,"nombre":11},{"preusuel":"MERLIN","sexe":"m","dpt":"92","annais":2005,"nombre":4},{"preusuel":"MERVIN","sexe":"m","dpt":"92","annais":2005,"nombre":3},{"preusuel":"MERWAN","sexe":"m","dpt":"92","annais":2005,"nombre":4},{"preusuel":"MERYEM","sexe":"f","dpt":"92","annais":2005,"nombre":4},{"preusuel":"MIA","sexe":"f","dpt":"92","annais":2005,"nombre":3},{"preusuel":"MICHAEL","sexe":"m","dpt":"92","annais":2005,"nombre":7},{"preusuel":"MICHEL","sexe":"m","dpt":"92","annais":2005,"nombre":4},{"preusuel":"MICKAEL","sexe":"m","dpt":"92","annais":2005,"nombre":7},{"preusuel":"MIGUEL","sexe":"m","dpt":"92","annais":2005,"nombre":9},{"preusuel":"MIKAEL","sexe":"m","dpt":"92","annais":2005,"nombre":3},{"preusuel":"MIKE","sexe":"m","dpt":"92","annais":2005,"nombre":4},{"preusuel":"MILA","sexe":"f","dpt":"92","annais":2005,"nombre":9},{"preusuel":"MILAN","sexe":"m","dpt":"92","annais":2005,"nombre":14},{"preusuel":"MILENA","sexe":"f","dpt":"92","annais":2005,"nombre":3},{"preusuel":"MILLA","sexe":"f","dpt":"92","annais":2005,"nombre":8},{"preusuel":"MILO","sexe":"m","dpt":"92","annais":2005,"nombre":13},{"preusuel":"MILOUD","sexe":"m","dpt":"92","annais":2005,"nombre":3},{"preusuel":"MINA","sexe":"f","dpt":"92","annais":2005,"nombre":7},{"preusuel":"MOHAMED","sexe":"m","dpt":"92","annais":2005,"nombre":85},{"preusuel":"MOHAMED-AMINE","sexe":"m","dpt":"92","annais":2005,"nombre":8},{"preusuel":"MOHAMMAD","sexe":"m","dpt":"92","annais":2005,"nombre":3},{"preusuel":"MOHAMMED","sexe":"m","dpt":"92","annais":2005,"nombre":14},{"preusuel":"MONA","sexe":"f","dpt":"92","annais":2005,"nombre":7},{"preusuel":"MORGAN","sexe":"m","dpt":"92","annais":2005,"nombre":16},{"preusuel":"MORGANE","sexe":"f","dpt":"92","annais":2005,"nombre":33},{"preusuel":"MOUHAMED","sexe":"m","dpt":"92","annais":2005,"nombre":5},{"preusuel":"MOUNIR","sexe":"m","dpt":"92","annais":2005,"nombre":3},{"preusuel":"MOUSSA","sexe":"m","dpt":"92","annais":2005,"nombre":13},{"preusuel":"MUSTAPHA","sexe":"m","dpt":"92","annais":2005,"nombre":5},{"preusuel":"MYA","sexe":"f","dpt":"92","annais":2005,"nombre":3},{"preusuel":"MYRIAM","sexe":"f","dpt":"92","annais":2005,"nombre":30},{"preusuel":"NABIL","sexe":"m","dpt":"92","annais":2005,"nombre":10},{"preusuel":"NACIM","sexe":"m","dpt":"92","annais":2005,"nombre":4},{"preusuel":"NADA","sexe":"f","dpt":"92","annais":2005,"nombre":5},{"preusuel":"NADIR","sexe":"m","dpt":"92","annais":2005,"nombre":4},{"preusuel":"NAEL","sexe":"m","dpt":"92","annais":2005,"nombre":20},{"preusuel":"NAELLE","sexe":"f","dpt":"92","annais":2005,"nombre":3},{"preusuel":"NAHIL","sexe":"m","dpt":"92","annais":2005,"nombre":3},{"preusuel":"NAILA","sexe":"f","dpt":"92","annais":2005,"nombre":9},{"preusuel":"NAIM","sexe":"m","dpt":"92","annais":2005,"nombre":8},{"preusuel":"NAOMI","sexe":"f","dpt":"92","annais":2005,"nombre":9},{"preusuel":"NAOMIE","sexe":"f","dpt":"92","annais":2005,"nombre":5},{"preusuel":"NASSIM","sexe":"m","dpt":"92","annais":2005,"nombre":22},{"preusuel":"NATACHA","sexe":"f","dpt":"92","annais":2005,"nombre":7},{"preusuel":"NATALIA","sexe":"f","dpt":"92","annais":2005,"nombre":4},{"preusuel":"NATHAN","sexe":"m","dpt":"92","annais":2005,"nombre":134},{"preusuel":"NATHANAEL","sexe":"m","dpt":"92","annais":2005,"nombre":9},{"preusuel":"NAWAL","sexe":"f","dpt":"92","annais":2005,"nombre":4},{"preusuel":"NAWEL","sexe":"f","dpt":"92","annais":2005,"nombre":9},{"preusuel":"NAYLA","sexe":"f","dpt":"92","annais":2005,"nombre":4},{"preusuel":"NEHLA","sexe":"f","dpt":"92","annais":2005,"nombre":3},{"preusuel":"NEIL","sexe":"m","dpt":"92","annais":2005,"nombre":7},{"preusuel":"NEILA","sexe":"f","dpt":"92","annais":2005,"nombre":3},{"preusuel":"NELL","sexe":"f","dpt":"92","annais":2005,"nombre":4},{"preusuel":"NELLY","sexe":"f","dpt":"92","annais":2005,"nombre":4},{"preusuel":"NELSON","sexe":"m","dpt":"92","annais":2005,"nombre":4},{"preusuel":"NEO","sexe":"m","dpt":"92","annais":2005,"nombre":5},{"preusuel":"NESRINE","sexe":"f","dpt":"92","annais":2005,"nombre":5},{"preusuel":"NESSRINE","sexe":"f","dpt":"92","annais":2005,"nombre":3},{"preusuel":"NICOLAS","sexe":"m","dpt":"92","annais":2005,"nombre":111},{"preusuel":"NIELS","sexe":"m","dpt":"92","annais":2005,"nombre":5},{"preusuel":"NILS","sexe":"m","dpt":"92","annais":2005,"nombre":10},{"preusuel":"NINA","sexe":"f","dpt":"92","annais":2005,"nombre":44},{"preusuel":"NINE","sexe":"f","dpt":"92","annais":2005,"nombre":3},{"preusuel":"NINO","sexe":"m","dpt":"92","annais":2005,"nombre":6},{"preusuel":"NINON","sexe":"f","dpt":"92","annais":2005,"nombre":12},{"preusuel":"NISRINE","sexe":"f","dpt":"92","annais":2005,"nombre":8},{"preusuel":"NOA","sexe":"f","dpt":"92","annais":2005,"nombre":20},{"preusuel":"NOA","sexe":"m","dpt":"92","annais":2005,"nombre":27},{"preusuel":"NOAH","sexe":"m","dpt":"92","annais":2005,"nombre":64},{"preusuel":"NOAM","sexe":"m","dpt":"92","annais":2005,"nombre":22},{"preusuel":"NOE","sexe":"m","dpt":"92","annais":2005,"nombre":41},{"preusuel":"NOEMIE","sexe":"f","dpt":"92","annais":2005,"nombre":67},{"preusuel":"NOHA","sexe":"f","dpt":"92","annais":2005,"nombre":3},{"preusuel":"NOHAM","sexe":"m","dpt":"92","annais":2005,"nombre":7},{"preusuel":"NOLAN","sexe":"m","dpt":"92","annais":2005,"nombre":26},{"preusuel":"NOLANN","sexe":"m","dpt":"92","annais":2005,"nombre":5},{"preusuel":"NOLHAN","sexe":"m","dpt":"92","annais":2005,"nombre":3},{"preusuel":"NOLWENN","sexe":"f","dpt":"92","annais":2005,"nombre":7},{"preusuel":"NOOR","sexe":"f","dpt":"92","annais":2005,"nombre":5},{"preusuel":"NORA","sexe":"f","dpt":"92","annais":2005,"nombre":20},{"preusuel":"NORAH","sexe":"f","dpt":"92","annais":2005,"nombre":6},{"preusuel":"NORDINE","sexe":"m","dpt":"92","annais":2005,"nombre":3},{"preusuel":"NORHANE","sexe":"f","dpt":"92","annais":2005,"nombre":4},{"preusuel":"NOUR","sexe":"f","dpt":"92","annais":2005,"nombre":28},{"preusuel":"NOUR","sexe":"m","dpt":"92","annais":2005,"nombre":4},{"preusuel":"NOURA","sexe":"f","dpt":"92","annais":2005,"nombre":5},{"preusuel":"OCEANE","sexe":"f","dpt":"92","annais":2005,"nombre":66},{"preusuel":"OCEANNE","sexe":"f","dpt":"92","annais":2005,"nombre":3},{"preusuel":"OCTAVE","sexe":"m","dpt":"92","annais":2005,"nombre":12},{"preusuel":"OLGA","sexe":"f","dpt":"92","annais":2005,"nombre":3},{"preusuel":"OLIVER","sexe":"m","dpt":"92","annais":2005,"nombre":3},{"preusuel":"OLIVIA","sexe":"f","dpt":"92","annais":2005,"nombre":26},{"preusuel":"OLIVIER","sexe":"m","dpt":"92","annais":2005,"nombre":9},{"preusuel":"OLYMPE","sexe":"f","dpt":"92","annais":2005,"nombre":5},{"preusuel":"OMAR","sexe":"m","dpt":"92","annais":2005,"nombre":18},{"preusuel":"OMBELINE","sexe":"f","dpt":"92","annais":2005,"nombre":7},{"preusuel":"OPHELIE","sexe":"f","dpt":"92","annais":2005,"nombre":6},{"preusuel":"ORANE","sexe":"f","dpt":"92","annais":2005,"nombre":5},{"preusuel":"ORIANE","sexe":"f","dpt":"92","annais":2005,"nombre":22},{"preusuel":"ORLANE","sexe":"f","dpt":"92","annais":2005,"nombre":7},{"preusuel":"ORNELLA","sexe":"f","dpt":"92","annais":2005,"nombre":8},{"preusuel":"OSCAR","sexe":"m","dpt":"92","annais":2005,"nombre":56},{"preusuel":"OTHMAN","sexe":"m","dpt":"92","annais":2005,"nombre":6},{"preusuel":"OUALID","sexe":"m","dpt":"92","annais":2005,"nombre":3},{"preusuel":"OUMAR","sexe":"m","dpt":"92","annais":2005,"nombre":4},{"preusuel":"OUMOU","sexe":"f","dpt":"92","annais":2005,"nombre":3},{"preusuel":"OUSMANE","sexe":"m","dpt":"92","annais":2005,"nombre":3},{"preusuel":"OUSSAMA","sexe":"m","dpt":"92","annais":2005,"nombre":5},{"preusuel":"OWEN","sexe":"m","dpt":"92","annais":2005,"nombre":10},{"preusuel":"PABLO","sexe":"m","dpt":"92","annais":2005,"nombre":8},{"preusuel":"PACOME","sexe":"m","dpt":"92","annais":2005,"nombre":7},{"preusuel":"PALOMA","sexe":"f","dpt":"92","annais":2005,"nombre":11},{"preusuel":"PAOLA","sexe":"f","dpt":"92","annais":2005,"nombre":6},{"preusuel":"PAOLO","sexe":"m","dpt":"92","annais":2005,"nombre":5},{"preusuel":"PAPE","sexe":"m","dpt":"92","annais":2005,"nombre":5},{"preusuel":"PATRICIA","sexe":"f","dpt":"92","annais":2005,"nombre":3},{"preusuel":"PATRICK","sexe":"m","dpt":"92","annais":2005,"nombre":4},{"preusuel":"PAUL","sexe":"m","dpt":"92","annais":2005,"nombre":145},{"preusuel":"PAUL-ANTOINE","sexe":"m","dpt":"92","annais":2005,"nombre":3},{"preusuel":"PAULINE","sexe":"f","dpt":"92","annais":2005,"nombre":73},{"preusuel":"PENELOPE","sexe":"f","dpt":"92","annais":2005,"nombre":12},{"preusuel":"PERLA","sexe":"f","dpt":"92","annais":2005,"nombre":4},{"preusuel":"PERRINE","sexe":"f","dpt":"92","annais":2005,"nombre":11},{"preusuel":"PETER","sexe":"m","dpt":"92","annais":2005,"nombre":5},{"preusuel":"PHARELL","sexe":"m","dpt":"92","annais":2005,"nombre":4},{"preusuel":"PHILEAS","sexe":"m","dpt":"92","annais":2005,"nombre":4},{"preusuel":"PHILIPPE","sexe":"m","dpt":"92","annais":2005,"nombre":11},{"preusuel":"PHILIPPINE","sexe":"f","dpt":"92","annais":2005,"nombre":26},{"preusuel":"PHILOMENE","sexe":"f","dpt":"92","annais":2005,"nombre":3},{"preusuel":"PIA","sexe":"f","dpt":"92","annais":2005,"nombre":10},{"preusuel":"PIERRE","sexe":"m","dpt":"92","annais":2005,"nombre":59},{"preusuel":"PIERRE-LOUIS","sexe":"m","dpt":"92","annais":2005,"nombre":9},{"preusuel":"PRISCILLA","sexe":"f","dpt":"92","annais":2005,"nombre":3},{"preusuel":"PRISCILLE","sexe":"f","dpt":"92","annais":2005,"nombre":3},{"preusuel":"PRUNE","sexe":"f","dpt":"92","annais":2005,"nombre":6},{"preusuel":"PRUNELLE","sexe":"f","dpt":"92","annais":2005,"nombre":3},{"preusuel":"QAYS","sexe":"m","dpt":"92","annais":2005,"nombre":3},{"preusuel":"QUENTIN","sexe":"m","dpt":"92","annais":2005,"nombre":92},{"preusuel":"QUITTERIE","sexe":"f","dpt":"92","annais":2005,"nombre":5},{"preusuel":"RABAH","sexe":"m","dpt":"92","annais":2005,"nombre":4},{"preusuel":"RACHA","sexe":"f","dpt":"92","annais":2005,"nombre":4},{"preusuel":"RACHEL","sexe":"f","dpt":"92","annais":2005,"nombre":16},{"preusuel":"RAFAEL","sexe":"m","dpt":"92","annais":2005,"nombre":31},{"preusuel":"RAMI","sexe":"m","dpt":"92","annais":2005,"nombre":3},{"preusuel":"RAMZI","sexe":"m","dpt":"92","annais":2005,"nombre":3},{"preusuel":"RANIA","sexe":"f","dpt":"92","annais":2005,"nombre":21},{"preusuel":"RANYA","sexe":"f","dpt":"92","annais":2005,"nombre":5},{"preusuel":"RAPHAEL","sexe":"m","dpt":"92","annais":2005,"nombre":182},{"preusuel":"RAPHAELLE","sexe":"f","dpt":"92","annais":2005,"nombre":14},{"preusuel":"RAYAN","sexe":"m","dpt":"92","annais":2005,"nombre":87},{"preusuel":"RAYANE","sexe":"m","dpt":"92","annais":2005,"nombre":32},{"preusuel":"REBECCA","sexe":"f","dpt":"92","annais":2005,"nombre":9},{"preusuel":"REDA","sexe":"m","dpt":"92","annais":2005,"nombre":5},{"preusuel":"REDWANE","sexe":"m","dpt":"92","annais":2005,"nombre":3},{"preusuel":"REMI","sexe":"m","dpt":"92","annais":2005,"nombre":26},{"preusuel":"REMY","sexe":"m","dpt":"92","annais":2005,"nombre":9},{"preusuel":"RIM","sexe":"f","dpt":"92","annais":2005,"nombre":3},{"preusuel":"RITA","sexe":"f","dpt":"92","annais":2005,"nombre":3},{"preusuel":"RIYAD","sexe":"m","dpt":"92","annais":2005,"nombre":11},{"preusuel":"ROBIN","sexe":"m","dpt":"92","annais":2005,"nombre":33},{"preusuel":"RODOLPHE","sexe":"m","dpt":"92","annais":2005,"nombre":6},{"preusuel":"RODRIGUE","sexe":"m","dpt":"92","annais":2005,"nombre":4},{"preusuel":"ROMAIN","sexe":"m","dpt":"92","annais":2005,"nombre":90},{"preusuel":"ROMAN","sexe":"m","dpt":"92","annais":2005,"nombre":14},{"preusuel":"ROMANE","sexe":"f","dpt":"92","annais":2005,"nombre":66},{"preusuel":"ROMEO","sexe":"m","dpt":"92","annais":2005,"nombre":10},{"preusuel":"ROMY","sexe":"f","dpt":"92","annais":2005,"nombre":6},{"preusuel":"RON","sexe":"m","dpt":"92","annais":2005,"nombre":3},{"preusuel":"RONAN","sexe":"m","dpt":"92","annais":2005,"nombre":4},{"preusuel":"ROSALIE","sexe":"f","dpt":"92","annais":2005,"nombre":6},{"preusuel":"ROSE","sexe":"f","dpt":"92","annais":2005,"nombre":20},{"preusuel":"ROXANE","sexe":"f","dpt":"92","annais":2005,"nombre":16},{"preusuel":"ROXANNE","sexe":"f","dpt":"92","annais":2005,"nombre":7},{"preusuel":"RUBEN","sexe":"m","dpt":"92","annais":2005,"nombre":34},{"preusuel":"RUBY","sexe":"f","dpt":"92","annais":2005,"nombre":4},{"preusuel":"RYAD","sexe":"m","dpt":"92","annais":2005,"nombre":5},{"preusuel":"RYAN","sexe":"m","dpt":"92","annais":2005,"nombre":33},{"preusuel":"RYM","sexe":"f","dpt":"92","annais":2005,"nombre":4},{"preusuel":"SAAD","sexe":"m","dpt":"92","annais":2005,"nombre":4},{"preusuel":"SABER","sexe":"m","dpt":"92","annais":2005,"nombre":3},{"preusuel":"SABRI","sexe":"m","dpt":"92","annais":2005,"nombre":7},{"preusuel":"SABRINA","sexe":"f","dpt":"92","annais":2005,"nombre":22},{"preusuel":"SABRINE","sexe":"f","dpt":"92","annais":2005,"nombre":7},{"preusuel":"SACHA","sexe":"f","dpt":"92","annais":2005,"nombre":8},{"preusuel":"SACHA","sexe":"m","dpt":"92","annais":2005,"nombre":57},{"preusuel":"SAFA","sexe":"f","dpt":"92","annais":2005,"nombre":4},{"preusuel":"SAFIA","sexe":"f","dpt":"92","annais":2005,"nombre":4},{"preusuel":"SAFIYA","sexe":"f","dpt":"92","annais":2005,"nombre":6},{"preusuel":"SAID","sexe":"m","dpt":"92","annais":2005,"nombre":9},{"preusuel":"SALIM","sexe":"m","dpt":"92","annais":2005,"nombre":7},{"preusuel":"SALIMA","sexe":"f","dpt":"92","annais":2005,"nombre":3},{"preusuel":"SALMA","sexe":"f","dpt":"92","annais":2005,"nombre":24},{"preusuel":"SALOME","sexe":"f","dpt":"92","annais":2005,"nombre":31},{"preusuel":"SAM","sexe":"m","dpt":"92","annais":2005,"nombre":8},{"preusuel":"SAMANTHA","sexe":"f","dpt":"92","annais":2005,"nombre":6},{"preusuel":"SAMBA","sexe":"m","dpt":"92","annais":2005,"nombre":4},{"preusuel":"SAMI","sexe":"m","dpt":"92","annais":2005,"nombre":20},{"preusuel":"SAMIA","sexe":"f","dpt":"92","annais":2005,"nombre":4},{"preusuel":"SAMIR","sexe":"m","dpt":"92","annais":2005,"nombre":4},{"preusuel":"SAMMY","sexe":"m","dpt":"92","annais":2005,"nombre":3},{"preusuel":"SAMUEL","sexe":"m","dpt":"92","annais":2005,"nombre":75},{"preusuel":"SAMY","sexe":"m","dpt":"92","annais":2005,"nombre":31},{"preusuel":"SANA","sexe":"f","dpt":"92","annais":2005,"nombre":8},{"preusuel":"SANAA","sexe":"f","dpt":"92","annais":2005,"nombre":6},{"preusuel":"SANDRA","sexe":"f","dpt":"92","annais":2005,"nombre":6},{"preusuel":"SANDRO","sexe":"m","dpt":"92","annais":2005,"nombre":5},{"preusuel":"SANDY","sexe":"f","dpt":"92","annais":2005,"nombre":5},{"preusuel":"SARA","sexe":"f","dpt":"92","annais":2005,"nombre":45},{"preusuel":"SARAH","sexe":"f","dpt":"92","annais":2005,"nombre":158},{"preusuel":"SARRA","sexe":"f","dpt":"92","annais":2005,"nombre":4},{"preusuel":"SASHA","sexe":"f","dpt":"92","annais":2005,"nombre":9},{"preusuel":"SASHA","sexe":"m","dpt":"92","annais":2005,"nombre":9},{"preusuel":"SATINE","sexe":"f","dpt":"92","annais":2005,"nombre":4},{"preusuel":"SEAN","sexe":"m","dpt":"92","annais":2005,"nombre":5},{"preusuel":"SEBASTIEN","sexe":"m","dpt":"92","annais":2005,"nombre":10},{"preusuel":"SEKOU","sexe":"m","dpt":"92","annais":2005,"nombre":6},{"preusuel":"SELENA","sexe":"f","dpt":"92","annais":2005,"nombre":3},{"preusuel":"SELENE","sexe":"f","dpt":"92","annais":2005,"nombre":3},{"preusuel":"SELIA","sexe":"f","dpt":"92","annais":2005,"nombre":3},{"preusuel":"SELIM","sexe":"m","dpt":"92","annais":2005,"nombre":6},{"preusuel":"SELMA","sexe":"f","dpt":"92","annais":2005,"nombre":27},{"preusuel":"SERENA","sexe":"f","dpt":"92","annais":2005,"nombre":14},{"preusuel":"SERINE","sexe":"f","dpt":"92","annais":2005,"nombre":3},{"preusuel":"SEYDOU","sexe":"m","dpt":"92","annais":2005,"nombre":5},{"preusuel":"SHAIMA","sexe":"f","dpt":"92","annais":2005,"nombre":5},{"preusuel":"SHAINA","sexe":"f","dpt":"92","annais":2005,"nombre":4},{"preusuel":"SHANA","sexe":"f","dpt":"92","annais":2005,"nombre":19},{"preusuel":"SHAYMA","sexe":"f","dpt":"92","annais":2005,"nombre":5},{"preusuel":"SHERINE","sexe":"f","dpt":"92","annais":2005,"nombre":3},{"preusuel":"SHIRAZ","sexe":"f","dpt":"92","annais":2005,"nombre":3},{"preusuel":"SHIREL","sexe":"f","dpt":"92","annais":2005,"nombre":5},{"preusuel":"SHIRINE","sexe":"f","dpt":"92","annais":2005,"nombre":6},{"preusuel":"SHIRLEY","sexe":"f","dpt":"92","annais":2005,"nombre":3},{"preusuel":"SIBYLLE","sexe":"f","dpt":"92","annais":2005,"nombre":8},{"preusuel":"SIDONIE","sexe":"f","dpt":"92","annais":2005,"nombre":8},{"preusuel":"SIHAM","sexe":"f","dpt":"92","annais":2005,"nombre":4},{"preusuel":"SIHEM","sexe":"f","dpt":"92","annais":2005,"nombre":3},{"preusuel":"SIMEON","sexe":"m","dpt":"92","annais":2005,"nombre":3},{"preusuel":"SIMON","sexe":"m","dpt":"92","annais":2005,"nombre":37},{"preusuel":"SIRINE","sexe":"f","dpt":"92","annais":2005,"nombre":32},{"preusuel":"SIXTINE","sexe":"f","dpt":"92","annais":2005,"nombre":17},{"preusuel":"SLIMANE","sexe":"m","dpt":"92","annais":2005,"nombre":3},{"preusuel":"SOFIA","sexe":"f","dpt":"92","annais":2005,"nombre":40},{"preusuel":"SOFIAN","sexe":"m","dpt":"92","annais":2005,"nombre":7},{"preusuel":"SOFIANE","sexe":"m","dpt":"92","annais":2005,"nombre":36},{"preusuel":"SOHANE","sexe":"f","dpt":"92","annais":2005,"nombre":5},{"preusuel":"SOHEIL","sexe":"m","dpt":"92","annais":2005,"nombre":3},{"preusuel":"SOLAL","sexe":"m","dpt":"92","annais":2005,"nombre":9},{"preusuel":"SOLENE","sexe":"f","dpt":"92","annais":2005,"nombre":34},{"preusuel":"SOLENN","sexe":"f","dpt":"92","annais":2005,"nombre":11},{"preusuel":"SOLINE","sexe":"f","dpt":"92","annais":2005,"nombre":8},{"preusuel":"SONIA","sexe":"f","dpt":"92","annais":2005,"nombre":14},{"preusuel":"SOPHIA","sexe":"f","dpt":"92","annais":2005,"nombre":19},{"preusuel":"SOPHIE","sexe":"f","dpt":"92","annais":2005,"nombre":36},{"preusuel":"SORAYA","sexe":"f","dpt":"92","annais":2005,"nombre":6},{"preusuel":"SOUKAINA","sexe":"f","dpt":"92","annais":2005,"nombre":4},{"preusuel":"SOULEYMANE","sexe":"m","dpt":"92","annais":2005,"nombre":4},{"preusuel":"SOUMAYA","sexe":"f","dpt":"92","annais":2005,"nombre":3},{"preusuel":"SOUMEYA","sexe":"f","dpt":"92","annais":2005,"nombre":6},{"preusuel":"STACY","sexe":"f","dpt":"92","annais":2005,"nombre":3},{"preusuel":"STAN","sexe":"m","dpt":"92","annais":2005,"nombre":4},{"preusuel":"STANISLAS","sexe":"m","dpt":"92","annais":2005,"nombre":16},{"preusuel":"STEEVE","sexe":"m","dpt":"92","annais":2005,"nombre":4},{"preusuel":"STELLA","sexe":"f","dpt":"92","annais":2005,"nombre":25},{"preusuel":"STEPHANE","sexe":"m","dpt":"92","annais":2005,"nombre":10},{"preusuel":"STEPHANIE","sexe":"f","dpt":"92","annais":2005,"nombre":6},{"preusuel":"STEVEN","sexe":"m","dpt":"92","annais":2005,"nombre":11},{"preusuel":"SUZANNE","sexe":"f","dpt":"92","annais":2005,"nombre":11},{"preusuel":"SWAN","sexe":"m","dpt":"92","annais":2005,"nombre":3},{"preusuel":"SWANN","sexe":"f","dpt":"92","annais":2005,"nombre":9},{"preusuel":"SWANN","sexe":"m","dpt":"92","annais":2005,"nombre":7},{"preusuel":"SYLIA","sexe":"f","dpt":"92","annais":2005,"nombre":4},{"preusuel":"SYLVAIN","sexe":"m","dpt":"92","annais":2005,"nombre":5},{"preusuel":"SYRINE","sexe":"f","dpt":"92","annais":2005,"nombre":10},{"preusuel":"TAINA","sexe":"f","dpt":"92","annais":2005,"nombre":4},{"preusuel":"TALA","sexe":"f","dpt":"92","annais":2005,"nombre":3},{"preusuel":"TALI","sexe":"f","dpt":"92","annais":2005,"nombre":4},{"preusuel":"TALIA","sexe":"f","dpt":"92","annais":2005,"nombre":3},{"preusuel":"TALYA","sexe":"f","dpt":"92","annais":2005,"nombre":3},{"preusuel":"TAMARA","sexe":"f","dpt":"92","annais":2005,"nombre":5},{"preusuel":"TANCREDE","sexe":"m","dpt":"92","annais":2005,"nombre":3},{"preusuel":"TANGUY","sexe":"m","dpt":"92","annais":2005,"nombre":7},{"preusuel":"TANIA","sexe":"f","dpt":"92","annais":2005,"nombre":6},{"preusuel":"TAO","sexe":"m","dpt":"92","annais":2005,"nombre":3},{"preusuel":"TARA","sexe":"f","dpt":"92","annais":2005,"nombre":7},{"preusuel":"TASNIM","sexe":"f","dpt":"92","annais":2005,"nombre":3},{"preusuel":"TASNIME","sexe":"f","dpt":"92","annais":2005,"nombre":3},{"preusuel":"TATIANA","sexe":"f","dpt":"92","annais":2005,"nombre":6},{"preusuel":"TEA","sexe":"f","dpt":"92","annais":2005,"nombre":6},{"preusuel":"TEO","sexe":"m","dpt":"92","annais":2005,"nombre":17},{"preusuel":"TERENCE","sexe":"m","dpt":"92","annais":2005,"nombre":4},{"preusuel":"TESNIM","sexe":"f","dpt":"92","annais":2005,"nombre":3},{"preusuel":"TESS","sexe":"f","dpt":"92","annais":2005,"nombre":16},{"preusuel":"TESSA","sexe":"f","dpt":"92","annais":2005,"nombre":9},{"preusuel":"THADDEE","sexe":"m","dpt":"92","annais":2005,"nombre":3},{"preusuel":"THAIS","sexe":"f","dpt":"92","annais":2005,"nombre":23},{"preusuel":"THEA","sexe":"f","dpt":"92","annais":2005,"nombre":4},{"preusuel":"THELMA","sexe":"f","dpt":"92","annais":2005,"nombre":5},{"preusuel":"THEO","sexe":"m","dpt":"92","annais":2005,"nombre":85},{"preusuel":"THEODORE","sexe":"m","dpt":"92","annais":2005,"nombre":10},{"preusuel":"THEOPHANE","sexe":"m","dpt":"92","annais":2005,"nombre":3},{"preusuel":"THEOPHILE","sexe":"m","dpt":"92","annais":2005,"nombre":14},{"preusuel":"THEOTIME","sexe":"m","dpt":"92","annais":2005,"nombre":3},{"preusuel":"THIBAUD","sexe":"m","dpt":"92","annais":2005,"nombre":11},{"preusuel":"THIBAULT","sexe":"m","dpt":"92","annais":2005,"nombre":34},{"preusuel":"THIBAUT","sexe":"m","dpt":"92","annais":2005,"nombre":8},{"preusuel":"THIERRY","sexe":"m","dpt":"92","annais":2005,"nombre":3},{"preusuel":"THOMAS","sexe":"m","dpt":"92","annais":2005,"nombre":196},{"preusuel":"TIAGO","sexe":"m","dpt":"92","annais":2005,"nombre":12},{"preusuel":"TIBO","sexe":"m","dpt":"92","annais":2005,"nombre":3},{"preusuel":"TIDIANE","sexe":"m","dpt":"92","annais":2005,"nombre":5},{"preusuel":"TIDJANE","sexe":"m","dpt":"92","annais":2005,"nombre":3},{"preusuel":"TIFENN","sexe":"f","dpt":"92","annais":2005,"nombre":3},{"preusuel":"TIFFANY","sexe":"f","dpt":"92","annais":2005,"nombre":6},{"preusuel":"TIM","sexe":"m","dpt":"92","annais":2005,"nombre":8},{"preusuel":"TIMEO","sexe":"m","dpt":"92","annais":2005,"nombre":11},{"preusuel":"TIMOTHE","sexe":"m","dpt":"92","annais":2005,"nombre":18},{"preusuel":"TIMOTHEE","sexe":"m","dpt":"92","annais":2005,"nombre":32},{"preusuel":"TINA","sexe":"f","dpt":"92","annais":2005,"nombre":3},{"preusuel":"TIPHAINE","sexe":"f","dpt":"92","annais":2005,"nombre":18},{"preusuel":"TITOUAN","sexe":"m","dpt":"92","annais":2005,"nombre":37},{"preusuel":"TIYA","sexe":"f","dpt":"92","annais":2005,"nombre":3},{"preusuel":"TOBIAS","sexe":"m","dpt":"92","annais":2005,"nombre":3},{"preusuel":"TOM","sexe":"m","dpt":"92","annais":2005,"nombre":89},{"preusuel":"TOMMY","sexe":"m","dpt":"92","annais":2005,"nombre":5},{"preusuel":"TONY","sexe":"m","dpt":"92","annais":2005,"nombre":13},{"preusuel":"TOSCANE","sexe":"f","dpt":"92","annais":2005,"nombre":4},{"preusuel":"TRISTAN","sexe":"m","dpt":"92","annais":2005,"nombre":39},{"preusuel":"UGO","sexe":"m","dpt":"92","annais":2005,"nombre":6},{"preusuel":"ULYSSE","sexe":"m","dpt":"92","annais":2005,"nombre":24},{"preusuel":"VADIM","sexe":"m","dpt":"92","annais":2005,"nombre":4},{"preusuel":"VALENTIN","sexe":"m","dpt":"92","annais":2005,"nombre":71},{"preusuel":"VALENTINE","sexe":"f","dpt":"92","annais":2005,"nombre":66},{"preusuel":"VANESSA","sexe":"f","dpt":"92","annais":2005,"nombre":8},{"preusuel":"VANINA","sexe":"f","dpt":"92","annais":2005,"nombre":4},{"preusuel":"VIANNEY","sexe":"m","dpt":"92","annais":2005,"nombre":7},{"preusuel":"VICTOIRE","sexe":"f","dpt":"92","annais":2005,"nombre":42},{"preusuel":"VICTOR","sexe":"m","dpt":"92","annais":2005,"nombre":90},{"preusuel":"VICTORIA","sexe":"f","dpt":"92","annais":2005,"nombre":45},{"preusuel":"VICTORINE","sexe":"f","dpt":"92","annais":2005,"nombre":3},{"preusuel":"VINCENT","sexe":"m","dpt":"92","annais":2005,"nombre":33},{"preusuel":"VIOLETTE","sexe":"f","dpt":"92","annais":2005,"nombre":11},{"preusuel":"VIRGILE","sexe":"m","dpt":"92","annais":2005,"nombre":14},{"preusuel":"VIRGINIE","sexe":"f","dpt":"92","annais":2005,"nombre":3},{"preusuel":"VIVIEN","sexe":"m","dpt":"92","annais":2005,"nombre":3},{"preusuel":"VLADIMIR","sexe":"m","dpt":"92","annais":2005,"nombre":5},{"preusuel":"WAEL","sexe":"m","dpt":"92","annais":2005,"nombre":7},{"preusuel":"WAFA","sexe":"f","dpt":"92","annais":2005,"nombre":3},{"preusuel":"WAHIB","sexe":"m","dpt":"92","annais":2005,"nombre":3},{"preusuel":"WAHIBA","sexe":"f","dpt":"92","annais":2005,"nombre":3},{"preusuel":"WALID","sexe":"m","dpt":"92","annais":2005,"nombre":28},{"preusuel":"WARREN","sexe":"m","dpt":"92","annais":2005,"nombre":5},{"preusuel":"WASSIL","sexe":"m","dpt":"92","annais":2005,"nombre":3},{"preusuel":"WASSIM","sexe":"m","dpt":"92","annais":2005,"nombre":13},{"preusuel":"WENDY","sexe":"f","dpt":"92","annais":2005,"nombre":4},{"preusuel":"WESLEY","sexe":"m","dpt":"92","annais":2005,"nombre":5},{"preusuel":"WILLIAM","sexe":"m","dpt":"92","annais":2005,"nombre":49},{"preusuel":"WILLIAMS","sexe":"m","dpt":"92","annais":2005,"nombre":3},{"preusuel":"WILSON","sexe":"m","dpt":"92","annais":2005,"nombre":4},{"preusuel":"WISSAL","sexe":"f","dpt":"92","annais":2005,"nombre":4},{"preusuel":"WISSAM","sexe":"m","dpt":"92","annais":2005,"nombre":5},{"preusuel":"WISSEM","sexe":"m","dpt":"92","annais":2005,"nombre":3},{"preusuel":"XAVIER","sexe":"m","dpt":"92","annais":2005,"nombre":9},{"preusuel":"YACINE","sexe":"m","dpt":"92","annais":2005,"nombre":24},{"preusuel":"YAEL","sexe":"f","dpt":"92","annais":2005,"nombre":6},{"preusuel":"YAELLE","sexe":"f","dpt":"92","annais":2005,"nombre":8},{"preusuel":"YAN","sexe":"m","dpt":"92","annais":2005,"nombre":4},{"preusuel":"YANI","sexe":"m","dpt":"92","annais":2005,"nombre":4},{"preusuel":"YANIS","sexe":"m","dpt":"92","annais":2005,"nombre":107},{"preusuel":"YANN","sexe":"m","dpt":"92","annais":2005,"nombre":20},{"preusuel":"YANNICK","sexe":"m","dpt":"92","annais":2005,"nombre":5},{"preusuel":"YANNIS","sexe":"m","dpt":"92","annais":2005,"nombre":6},{"preusuel":"YASMIN","sexe":"f","dpt":"92","annais":2005,"nombre":4},{"preusuel":"YASMINA","sexe":"f","dpt":"92","annais":2005,"nombre":7},{"preusuel":"YASMINE","sexe":"f","dpt":"92","annais":2005,"nombre":81},{"preusuel":"YASSER","sexe":"m","dpt":"92","annais":2005,"nombre":3},{"preusuel":"YASSIN","sexe":"m","dpt":"92","annais":2005,"nombre":6},{"preusuel":"YASSINE","sexe":"m","dpt":"92","annais":2005,"nombre":38},{"preusuel":"YLAN","sexe":"m","dpt":"92","annais":2005,"nombre":5},{"preusuel":"YOAN","sexe":"m","dpt":"92","annais":2005,"nombre":8},{"preusuel":"YOANN","sexe":"m","dpt":"92","annais":2005,"nombre":10},{"preusuel":"YOHAN","sexe":"m","dpt":"92","annais":2005,"nombre":11},{"preusuel":"YOHANN","sexe":"m","dpt":"92","annais":2005,"nombre":6},{"preusuel":"YONA","sexe":"f","dpt":"92","annais":2005,"nombre":5},{"preusuel":"YONI","sexe":"m","dpt":"92","annais":2005,"nombre":5},{"preusuel":"YOSSEF","sexe":"m","dpt":"92","annais":2005,"nombre":3},{"preusuel":"YOUCEF","sexe":"m","dpt":"92","annais":2005,"nombre":10},{"preusuel":"YOUNES","sexe":"m","dpt":"92","annais":2005,"nombre":34},{"preusuel":"YOUSRA","sexe":"f","dpt":"92","annais":2005,"nombre":6},{"preusuel":"YOUSSEF","sexe":"m","dpt":"92","annais":2005,"nombre":22},{"preusuel":"YOUSSOUF","sexe":"m","dpt":"92","annais":2005,"nombre":7},{"preusuel":"YOUSSRA","sexe":"f","dpt":"92","annais":2005,"nombre":3},{"preusuel":"YUNA","sexe":"f","dpt":"92","annais":2005,"nombre":4},{"preusuel":"YVAN","sexe":"m","dpt":"92","annais":2005,"nombre":3},{"preusuel":"ZACHARIE","sexe":"m","dpt":"92","annais":2005,"nombre":6},{"preusuel":"ZACHARY","sexe":"m","dpt":"92","annais":2005,"nombre":7},{"preusuel":"ZAHRA","sexe":"f","dpt":"92","annais":2005,"nombre":5},{"preusuel":"ZAKARIA","sexe":"m","dpt":"92","annais":2005,"nombre":21},{"preusuel":"ZELIE","sexe":"f","dpt":"92","annais":2005,"nombre":4},{"preusuel":"ZINEB","sexe":"f","dpt":"92","annais":2005,"nombre":3},{"preusuel":"ZINEDINE","sexe":"m","dpt":"92","annais":2005,"nombre":6},{"preusuel":"ZOE","sexe":"f","dpt":"92","annais":2005,"nombre":61}]