[{"preusuel":"AALIYAH","sexe":"f","dpt":"95","annais":2005,"nombre":3},{"preusuel":"AARON","sexe":"m","dpt":"95","annais":2005,"nombre":16},{"preusuel":"ABDALLAH","sexe":"m","dpt":"95","annais":2005,"nombre":10},{"preusuel":"ABDEL","sexe":"m","dpt":"95","annais":2005,"nombre":4},{"preusuel":"ABDELAZIZ","sexe":"m","dpt":"95","annais":2005,"nombre":3},{"preusuel":"ABDELKADER","sexe":"m","dpt":"95","annais":2005,"nombre":3},{"preusuel":"ABDOU","sexe":"m","dpt":"95","annais":2005,"nombre":4},{"preusuel":"ABDOULAYE","sexe":"m","dpt":"95","annais":2005,"nombre":10},{"preusuel":"ABDUL","sexe":"m","dpt":"95","annais":2005,"nombre":3},{"preusuel":"ABDULLAH","sexe":"m","dpt":"95","annais":2005,"nombre":3},{"preusuel":"ABIGAIL","sexe":"f","dpt":"95","annais":2005,"nombre":4},{"preusuel":"ABOUBACAR","sexe":"m","dpt":"95","annais":2005,"nombre":3},{"preusuel":"ABOUBAKAR","sexe":"m","dpt":"95","annais":2005,"nombre":3},{"preusuel":"ABY","sexe":"f","dpt":"95","annais":2005,"nombre":3},{"preusuel":"ADAM","sexe":"m","dpt":"95","annais":2005,"nombre":89},{"preusuel":"ADAMA","sexe":"m","dpt":"95","annais":2005,"nombre":5},{"preusuel":"ADEL","sexe":"m","dpt":"95","annais":2005,"nombre":16},{"preusuel":"ADELE","sexe":"f","dpt":"95","annais":2005,"nombre":8},{"preusuel":"ADEM","sexe":"m","dpt":"95","annais":2005,"nombre":8},{"preusuel":"ADIL","sexe":"m","dpt":"95","annais":2005,"nombre":4},{"preusuel":"ADONIS","sexe":"m","dpt":"95","annais":2005,"nombre":3},{"preusuel":"ADRIEN","sexe":"m","dpt":"95","annais":2005,"nombre":27},{"preusuel":"AGATHE","sexe":"f","dpt":"95","annais":2005,"nombre":10},{"preusuel":"AHMAD","sexe":"m","dpt":"95","annais":2005,"nombre":4},{"preusuel":"AHMED","sexe":"m","dpt":"95","annais":2005,"nombre":25},{"preusuel":"AICHA","sexe":"f","dpt":"95","annais":2005,"nombre":12},{"preusuel":"AIMEN","sexe":"m","dpt":"95","annais":2005,"nombre":3},{"preusuel":"AISSA","sexe":"m","dpt":"95","annais":2005,"nombre":3},{"preusuel":"AISSATA","sexe":"f","dpt":"95","annais":2005,"nombre":7},{"preusuel":"AKSHAYA","sexe":"f","dpt":"95","annais":2005,"nombre":3},{"preusuel":"ALAN","sexe":"m","dpt":"95","annais":2005,"nombre":16},{"preusuel":"ALASSANE","sexe":"m","dpt":"95","annais":2005,"nombre":3},{"preusuel":"ALBAN","sexe":"m","dpt":"95","annais":2005,"nombre":9},{"preusuel":"ALBANE","sexe":"f","dpt":"95","annais":2005,"nombre":4},{"preusuel":"ALENA","sexe":"f","dpt":"95","annais":2005,"nombre":3},{"preusuel":"ALESSANDRO","sexe":"m","dpt":"95","annais":2005,"nombre":3},{"preusuel":"ALESSIO","sexe":"m","dpt":"95","annais":2005,"nombre":4},{"preusuel":"ALEX","sexe":"m","dpt":"95","annais":2005,"nombre":11},{"preusuel":"ALEXANDRA","sexe":"f","dpt":"95","annais":2005,"nombre":19},{"preusuel":"ALEXANDRE","sexe":"m","dpt":"95","annais":2005,"nombre":84},{"preusuel":"ALEXI","sexe":"m","dpt":"95","annais":2005,"nombre":5},{"preusuel":"ALEXIA","sexe":"f","dpt":"95","annais":2005,"nombre":13},{"preusuel":"ALEXIS","sexe":"m","dpt":"95","annais":2005,"nombre":95},{"preusuel":"ALEXY","sexe":"m","dpt":"95","annais":2005,"nombre":3},{"preusuel":"ALEYNA","sexe":"f","dpt":"95","annais":2005,"nombre":8},{"preusuel":"ALI","sexe":"m","dpt":"95","annais":2005,"nombre":15},{"preusuel":"ALIA","sexe":"f","dpt":"95","annais":2005,"nombre":6},{"preusuel":"ALICE","sexe":"f","dpt":"95","annais":2005,"nombre":22},{"preusuel":"ALICIA","sexe":"f","dpt":"95","annais":2005,"nombre":46},{"preusuel":"ALINE","sexe":"f","dpt":"95","annais":2005,"nombre":6},{"preusuel":"ALISSON","sexe":"f","dpt":"95","annais":2005,"nombre":3},{"preusuel":"ALIX","sexe":"f","dpt":"95","annais":2005,"nombre":10},{"preusuel":"ALIX","sexe":"m","dpt":"95","annais":2005,"nombre":5},{"preusuel":"ALIYA","sexe":"f","dpt":"95","annais":2005,"nombre":12},{"preusuel":"ALIZA","sexe":"f","dpt":"95","annais":2005,"nombre":3},{"preusuel":"ALIZEE","sexe":"f","dpt":"95","annais":2005,"nombre":6},{"preusuel":"ALLAN","sexe":"m","dpt":"95","annais":2005,"nombre":10},{"preusuel":"ALYA","sexe":"f","dpt":"95","annais":2005,"nombre":7},{"preusuel":"ALYCIA","sexe":"f","dpt":"95","annais":2005,"nombre":13},{"preusuel":"ALYS","sexe":"f","dpt":"95","annais":2005,"nombre":3},{"preusuel":"ALYSSA","sexe":"f","dpt":"95","annais":2005,"nombre":17},{"preusuel":"ALYSSIA","sexe":"f","dpt":"95","annais":2005,"nombre":7},{"preusuel":"ALYSSON","sexe":"f","dpt":"95","annais":2005,"nombre":3},{"preusuel":"AMADOU","sexe":"m","dpt":"95","annais":2005,"nombre":3},{"preusuel":"AMAL","sexe":"f","dpt":"95","annais":2005,"nombre":4},{"preusuel":"AMANDA","sexe":"f","dpt":"95","annais":2005,"nombre":3},{"preusuel":"AMANDINE","sexe":"f","dpt":"95","annais":2005,"nombre":26},{"preusuel":"AMAURY","sexe":"m","dpt":"95","annais":2005,"nombre":11},{"preusuel":"AMBRE","sexe":"f","dpt":"95","annais":2005,"nombre":40},{"preusuel":"AMBRINE","sexe":"f","dpt":"95","annais":2005,"nombre":8},{"preusuel":"AMEL","sexe":"f","dpt":"95","annais":2005,"nombre":9},{"preusuel":"AMELIA","sexe":"f","dpt":"95","annais":2005,"nombre":3},{"preusuel":"AMELIE","sexe":"f","dpt":"95","annais":2005,"nombre":22},{"preusuel":"AMELLE","sexe":"f","dpt":"95","annais":2005,"nombre":3},{"preusuel":"AMIN","sexe":"m","dpt":"95","annais":2005,"nombre":7},{"preusuel":"AMINA","sexe":"f","dpt":"95","annais":2005,"nombre":17},{"preusuel":"AMINATA","sexe":"f","dpt":"95","annais":2005,"nombre":14},{"preusuel":"AMINE","sexe":"m","dpt":"95","annais":2005,"nombre":54},{"preusuel":"AMIR","sexe":"m","dpt":"95","annais":2005,"nombre":14},{"preusuel":"AMIRA","sexe":"f","dpt":"95","annais":2005,"nombre":3},{"preusuel":"AMY","sexe":"f","dpt":"95","annais":2005,"nombre":7},{"preusuel":"ANA","sexe":"f","dpt":"95","annais":2005,"nombre":4},{"preusuel":"ANAE","sexe":"f","dpt":"95","annais":2005,"nombre":5},{"preusuel":"ANAEL","sexe":"m","dpt":"95","annais":2005,"nombre":3},{"preusuel":"ANAELLE","sexe":"f","dpt":"95","annais":2005,"nombre":21},{"preusuel":"ANAIS","sexe":"f","dpt":"95","annais":2005,"nombre":84},{"preusuel":"ANAS","sexe":"m","dpt":"95","annais":2005,"nombre":9},{"preusuel":"ANASS","sexe":"m","dpt":"95","annais":2005,"nombre":4},{"preusuel":"ANASTASIA","sexe":"f","dpt":"95","annais":2005,"nombre":4},{"preusuel":"ANDRE","sexe":"m","dpt":"95","annais":2005,"nombre":5},{"preusuel":"ANDREA","sexe":"f","dpt":"95","annais":2005,"nombre":18},{"preusuel":"ANDREW","sexe":"m","dpt":"95","annais":2005,"nombre":3},{"preusuel":"ANDY","sexe":"m","dpt":"95","annais":2005,"nombre":8},{"preusuel":"ANGEL","sexe":"m","dpt":"95","annais":2005,"nombre":6},{"preusuel":"ANGELE","sexe":"f","dpt":"95","annais":2005,"nombre":15},{"preusuel":"ANGELINA","sexe":"f","dpt":"95","annais":2005,"nombre":21},{"preusuel":"ANGELINE","sexe":"f","dpt":"95","annais":2005,"nombre":3},{"preusuel":"ANGELIQUE","sexe":"f","dpt":"95","annais":2005,"nombre":3},{"preusuel":"ANGELO","sexe":"m","dpt":"95","annais":2005,"nombre":4},{"preusuel":"ANGIE","sexe":"f","dpt":"95","annais":2005,"nombre":4},{"preusuel":"ANIA","sexe":"f","dpt":"95","annais":2005,"nombre":4},{"preusuel":"ANIS","sexe":"m","dpt":"95","annais":2005,"nombre":13},{"preusuel":"ANISS","sexe":"m","dpt":"95","annais":2005,"nombre":3},{"preusuel":"ANISSA","sexe":"f","dpt":"95","annais":2005,"nombre":21},{"preusuel":"ANISSE","sexe":"m","dpt":"95","annais":2005,"nombre":3},{"preusuel":"ANNA","sexe":"f","dpt":"95","annais":2005,"nombre":12},{"preusuel":"ANNAELLE","sexe":"f","dpt":"95","annais":2005,"nombre":3},{"preusuel":"ANNE","sexe":"f","dpt":"95","annais":2005,"nombre":7},{"preusuel":"ANOUK","sexe":"f","dpt":"95","annais":2005,"nombre":4},{"preusuel":"ANTHONY","sexe":"m","dpt":"95","annais":2005,"nombre":34},{"preusuel":"ANTOINE","sexe":"m","dpt":"95","annais":2005,"nombre":65},{"preusuel":"ANTON","sexe":"m","dpt":"95","annais":2005,"nombre":3},{"preusuel":"ANTONIN","sexe":"m","dpt":"95","annais":2005,"nombre":14},{"preusuel":"ANTONIO","sexe":"m","dpt":"95","annais":2005,"nombre":3},{"preusuel":"ANTONY","sexe":"m","dpt":"95","annais":2005,"nombre":9},{"preusuel":"APOLLINE","sexe":"f","dpt":"95","annais":2005,"nombre":11},{"preusuel":"ARDA","sexe":"m","dpt":"95","annais":2005,"nombre":3},{"preusuel":"ARMAND","sexe":"m","dpt":"95","annais":2005,"nombre":7},{"preusuel":"ARNAUD","sexe":"m","dpt":"95","annais":2005,"nombre":6},{"preusuel":"ARTHUR","sexe":"m","dpt":"95","annais":2005,"nombre":40},{"preusuel":"ARWEN","sexe":"f","dpt":"95","annais":2005,"nombre":3},{"preusuel":"ASHLEY","sexe":"f","dpt":"95","annais":2005,"nombre":9},{"preusuel":"ASMA","sexe":"f","dpt":"95","annais":2005,"nombre":4},{"preusuel":"ASMAA","sexe":"f","dpt":"95","annais":2005,"nombre":3},{"preusuel":"ASSA","sexe":"f","dpt":"95","annais":2005,"nombre":10},{"preusuel":"ASSIA","sexe":"f","dpt":"95","annais":2005,"nombre":25},{"preusuel":"ASTRID","sexe":"f","dpt":"95","annais":2005,"nombre":4},{"preusuel":"ASYA","sexe":"f","dpt":"95","annais":2005,"nombre":3},{"preusuel":"AUBIN","sexe":"m","dpt":"95","annais":2005,"nombre":5},{"preusuel":"AUDE","sexe":"f","dpt":"95","annais":2005,"nombre":5},{"preusuel":"AUDREY","sexe":"f","dpt":"95","annais":2005,"nombre":20},{"preusuel":"AUGUSTIN","sexe":"m","dpt":"95","annais":2005,"nombre":7},{"preusuel":"AUREL","sexe":"m","dpt":"95","annais":2005,"nombre":3},{"preusuel":"AURELIA","sexe":"f","dpt":"95","annais":2005,"nombre":5},{"preusuel":"AURELIE","sexe":"f","dpt":"95","annais":2005,"nombre":7},{"preusuel":"AURELIEN","sexe":"m","dpt":"95","annais":2005,"nombre":21},{"preusuel":"AURIANE","sexe":"f","dpt":"95","annais":2005,"nombre":6},{"preusuel":"AURORE","sexe":"f","dpt":"95","annais":2005,"nombre":12},{"preusuel":"AWA","sexe":"f","dpt":"95","annais":2005,"nombre":6},{"preusuel":"AXEL","sexe":"m","dpt":"95","annais":2005,"nombre":50},{"preusuel":"AXELLE","sexe":"f","dpt":"95","annais":2005,"nombre":21},{"preusuel":"AYA","sexe":"f","dpt":"95","annais":2005,"nombre":20},{"preusuel":"AYLAN","sexe":"m","dpt":"95","annais":2005,"nombre":4},{"preusuel":"AYMAN","sexe":"m","dpt":"95","annais":2005,"nombre":7},{"preusuel":"AYMANE","sexe":"m","dpt":"95","annais":2005,"nombre":5},{"preusuel":"AYMEN","sexe":"m","dpt":"95","annais":2005,"nombre":11},{"preusuel":"AYMERIC","sexe":"m","dpt":"95","annais":2005,"nombre":10},{"preusuel":"AYOUB","sexe":"m","dpt":"95","annais":2005,"nombre":27},{"preusuel":"AZRA","sexe":"f","dpt":"95","annais":2005,"nombre":3},{"preusuel":"BAPTISTE","sexe":"m","dpt":"95","annais":2005,"nombre":50},{"preusuel":"BARAN","sexe":"m","dpt":"95","annais":2005,"nombre":3},{"preusuel":"BARBARA","sexe":"f","dpt":"95","annais":2005,"nombre":4},{"preusuel":"BASILE","sexe":"m","dpt":"95","annais":2005,"nombre":3},{"preusuel":"BASTIAN","sexe":"m","dpt":"95","annais":2005,"nombre":3},{"preusuel":"BASTIEN","sexe":"m","dpt":"95","annais":2005,"nombre":15},{"preusuel":"BEATRICE","sexe":"f","dpt":"95","annais":2005,"nombre":5},{"preusuel":"BENEDICTE","sexe":"f","dpt":"95","annais":2005,"nombre":4},{"preusuel":"BENJAMIN","sexe":"m","dpt":"95","annais":2005,"nombre":56},{"preusuel":"BENOIT","sexe":"m","dpt":"95","annais":2005,"nombre":11},{"preusuel":"BERENICE","sexe":"f","dpt":"95","annais":2005,"nombre":7},{"preusuel":"BEVERLY","sexe":"f","dpt":"95","annais":2005,"nombre":3},{"preusuel":"BILAL","sexe":"m","dpt":"95","annais":2005,"nombre":30},{"preusuel":"BILEL","sexe":"m","dpt":"95","annais":2005,"nombre":9},{"preusuel":"BILLAL","sexe":"m","dpt":"95","annais":2005,"nombre":3},{"preusuel":"BINTOU","sexe":"f","dpt":"95","annais":2005,"nombre":10},{"preusuel":"BOUBACAR","sexe":"m","dpt":"95","annais":2005,"nombre":6},{"preusuel":"BOUCHRA","sexe":"f","dpt":"95","annais":2005,"nombre":3},{"preusuel":"BRADLEY","sexe":"m","dpt":"95","annais":2005,"nombre":4},{"preusuel":"BRAHIM","sexe":"m","dpt":"95","annais":2005,"nombre":3},{"preusuel":"BRANDON","sexe":"m","dpt":"95","annais":2005,"nombre":3},{"preusuel":"BRAYAN","sexe":"m","dpt":"95","annais":2005,"nombre":4},{"preusuel":"BRENDA","sexe":"f","dpt":"95","annais":2005,"nombre":4},{"preusuel":"BRIAN","sexe":"m","dpt":"95","annais":2005,"nombre":3},{"preusuel":"BRYAN","sexe":"m","dpt":"95","annais":2005,"nombre":23},{"preusuel":"BUSRA","sexe":"f","dpt":"95","annais":2005,"nombre":4},{"preusuel":"BYRON","sexe":"m","dpt":"95","annais":2005,"nombre":3},{"preusuel":"CALVIN","sexe":"m","dpt":"95","annais":2005,"nombre":5},{"preusuel":"CAMELIA","sexe":"f","dpt":"95","annais":2005,"nombre":12},{"preusuel":"CAMERON","sexe":"m","dpt":"95","annais":2005,"nombre":5},{"preusuel":"CAMILIA","sexe":"f","dpt":"95","annais":2005,"nombre":3},{"preusuel":"CAMILLE","sexe":"f","dpt":"95","annais":2005,"nombre":87},{"preusuel":"CAMILLE","sexe":"m","dpt":"95","annais":2005,"nombre":6},{"preusuel":"CANDICE","sexe":"f","dpt":"95","annais":2005,"nombre":25},{"preusuel":"CAPUCINE","sexe":"f","dpt":"95","annais":2005,"nombre":3},{"preusuel":"CARL","sexe":"m","dpt":"95","annais":2005,"nombre":3},{"preusuel":"CARLA","sexe":"f","dpt":"95","annais":2005,"nombre":32},{"preusuel":"CARMEN","sexe":"f","dpt":"95","annais":2005,"nombre":3},{"preusuel":"CAROLINE","sexe":"f","dpt":"95","annais":2005,"nombre":6},{"preusuel":"CASSANDRA","sexe":"f","dpt":"95","annais":2005,"nombre":17},{"preusuel":"CASSANDRE","sexe":"f","dpt":"95","annais":2005,"nombre":7},{"preusuel":"CASSIE","sexe":"f","dpt":"95","annais":2005,"nombre":3},{"preusuel":"CATHY","sexe":"f","dpt":"95","annais":2005,"nombre":3},{"preusuel":"CECILE","sexe":"f","dpt":"95","annais":2005,"nombre":7},{"preusuel":"CECILIA","sexe":"f","dpt":"95","annais":2005,"nombre":12},{"preusuel":"CEDRIC","sexe":"m","dpt":"95","annais":2005,"nombre":11},{"preusuel":"CELIA","sexe":"f","dpt":"95","annais":2005,"nombre":59},{"preusuel":"CELIAN","sexe":"m","dpt":"95","annais":2005,"nombre":6},{"preusuel":"CELINE","sexe":"f","dpt":"95","annais":2005,"nombre":11},{"preusuel":"CELYA","sexe":"f","dpt":"95","annais":2005,"nombre":4},{"preusuel":"CELYAN","sexe":"m","dpt":"95","annais":2005,"nombre":3},{"preusuel":"CHAHINEZ","sexe":"f","dpt":"95","annais":2005,"nombre":4},{"preusuel":"CHAI","sexe":"m","dpt":"95","annais":2005,"nombre":3},{"preusuel":"CHAIMA","sexe":"f","dpt":"95","annais":2005,"nombre":15},{"preusuel":"CHAINA","sexe":"f","dpt":"95","annais":2005,"nombre":3},{"preusuel":"CHARLENE","sexe":"f","dpt":"95","annais":2005,"nombre":10},{"preusuel":"CHARLES","sexe":"m","dpt":"95","annais":2005,"nombre":11},{"preusuel":"CHARLINE","sexe":"f","dpt":"95","annais":2005,"nombre":8},{"preusuel":"CHARLOTTE","sexe":"f","dpt":"95","annais":2005,"nombre":24},{"preusuel":"CHAYMA","sexe":"f","dpt":"95","annais":2005,"nombre":4},{"preusuel":"CHEIMA","sexe":"f","dpt":"95","annais":2005,"nombre":7},{"preusuel":"CHELSEA","sexe":"f","dpt":"95","annais":2005,"nombre":5},{"preusuel":"CHERINE","sexe":"f","dpt":"95","annais":2005,"nombre":6},{"preusuel":"CHIARA","sexe":"f","dpt":"95","annais":2005,"nombre":15},{"preusuel":"CHIRINE","sexe":"f","dpt":"95","annais":2005,"nombre":3},{"preusuel":"CHLEA","sexe":"f","dpt":"95","annais":2005,"nombre":3},{"preusuel":"CHLOE","sexe":"f","dpt":"95","annais":2005,"nombre":102},{"preusuel":"CHRIS","sexe":"m","dpt":"95","annais":2005,"nombre":7},{"preusuel":"CHRISTIAN","sexe":"m","dpt":"95","annais":2005,"nombre":7},{"preusuel":"CHRISTINA","sexe":"f","dpt":"95","annais":2005,"nombre":3},{"preusuel":"CHRISTOPHE","sexe":"m","dpt":"95","annais":2005,"nombre":3},{"preusuel":"CHRISTOPHER","sexe":"m","dpt":"95","annais":2005,"nombre":6},{"preusuel":"CINDY","sexe":"f","dpt":"95","annais":2005,"nombre":6},{"preusuel":"CLAIRE","sexe":"f","dpt":"95","annais":2005,"nombre":18},{"preusuel":"CLARA","sexe":"f","dpt":"95","annais":2005,"nombre":126},{"preusuel":"CLARENCE","sexe":"m","dpt":"95","annais":2005,"nombre":3},{"preusuel":"CLARISSE","sexe":"f","dpt":"95","annais":2005,"nombre":11},{"preusuel":"CLAUDIA","sexe":"f","dpt":"95","annais":2005,"nombre":4},{"preusuel":"CLAYTON","sexe":"m","dpt":"95","annais":2005,"nombre":3},{"preusuel":"CLEA","sexe":"f","dpt":"95","annais":2005,"nombre":15},{"preusuel":"CLEMENCE","sexe":"f","dpt":"95","annais":2005,"nombre":37},{"preusuel":"CLEMENT","sexe":"m","dpt":"95","annais":2005,"nombre":79},{"preusuel":"CLEMENTINE","sexe":"f","dpt":"95","annais":2005,"nombre":7},{"preusuel":"CLOE","sexe":"f","dpt":"95","annais":2005,"nombre":15},{"preusuel":"COLINE","sexe":"f","dpt":"95","annais":2005,"nombre":13},{"preusuel":"COME","sexe":"m","dpt":"95","annais":2005,"nombre":4},{"preusuel":"CONSTANCE","sexe":"f","dpt":"95","annais":2005,"nombre":6},{"preusuel":"CORALIE","sexe":"f","dpt":"95","annais":2005,"nombre":11},{"preusuel":"CORALINE","sexe":"f","dpt":"95","annais":2005,"nombre":5},{"preusuel":"CORENTIN","sexe":"m","dpt":"95","annais":2005,"nombre":27},{"preusuel":"COUMBA","sexe":"f","dpt":"95","annais":2005,"nombre":6},{"preusuel":"CRISTIANO","sexe":"m","dpt":"95","annais":2005,"nombre":4},{"preusuel":"CURTIS","sexe":"m","dpt":"95","annais":2005,"nombre":5},{"preusuel":"CYNTHIA","sexe":"f","dpt":"95","annais":2005,"nombre":6},{"preusuel":"CYPRIEN","sexe":"m","dpt":"95","annais":2005,"nombre":3},{"preusuel":"CYRIELLE","sexe":"f","dpt":"95","annais":2005,"nombre":5},{"preusuel":"CYRIL","sexe":"m","dpt":"95","annais":2005,"nombre":11},{"preusuel":"DALIA","sexe":"f","dpt":"95","annais":2005,"nombre":3},{"preusuel":"DALIL","sexe":"m","dpt":"95","annais":2005,"nombre":3},{"preusuel":"DAMIEN","sexe":"m","dpt":"95","annais":2005,"nombre":21},{"preusuel":"DAN","sexe":"m","dpt":"95","annais":2005,"nombre":8},{"preusuel":"DANIEL","sexe":"m","dpt":"95","annais":2005,"nombre":9},{"preusuel":"DANIELA","sexe":"f","dpt":"95","annais":2005,"nombre":3},{"preusuel":"DANY","sexe":"m","dpt":"95","annais":2005,"nombre":9},{"preusuel":"DAPHNE","sexe":"f","dpt":"95","annais":2005,"nombre":6},{"preusuel":"DAVID","sexe":"m","dpt":"95","annais":2005,"nombre":31},{"preusuel":"DEBORAH","sexe":"f","dpt":"95","annais":2005,"nombre":7},{"preusuel":"DELIA","sexe":"f","dpt":"95","annais":2005,"nombre":3},{"preusuel":"DELPHINE","sexe":"f","dpt":"95","annais":2005,"nombre":4},{"preusuel":"DENIS","sexe":"m","dpt":"95","annais":2005,"nombre":6},{"preusuel":"DENIZ","sexe":"m","dpt":"95","annais":2005,"nombre":3},{"preusuel":"DIANA","sexe":"f","dpt":"95","annais":2005,"nombre":10},{"preusuel":"DIANE","sexe":"f","dpt":"95","annais":2005,"nombre":10},{"preusuel":"DIARRA","sexe":"f","dpt":"95","annais":2005,"nombre":3},{"preusuel":"DIEGO","sexe":"m","dpt":"95","annais":2005,"nombre":22},{"preusuel":"DILAN","sexe":"m","dpt":"95","annais":2005,"nombre":3},{"preusuel":"DILARA","sexe":"f","dpt":"95","annais":2005,"nombre":4},{"preusuel":"DIMITRI","sexe":"m","dpt":"95","annais":2005,"nombre":8},{"preusuel":"DINA","sexe":"f","dpt":"95","annais":2005,"nombre":9},{"preusuel":"DJIBRIL","sexe":"m","dpt":"95","annais":2005,"nombre":19},{"preusuel":"DONIA","sexe":"f","dpt":"95","annais":2005,"nombre":5},{"preusuel":"DORIAN","sexe":"m","dpt":"95","annais":2005,"nombre":20},{"preusuel":"DORIANE","sexe":"f","dpt":"95","annais":2005,"nombre":4},{"preusuel":"DORYAN","sexe":"m","dpt":"95","annais":2005,"nombre":3},{"preusuel":"DOUNIA","sexe":"f","dpt":"95","annais":2005,"nombre":10},{"preusuel":"DRICE","sexe":"m","dpt":"95","annais":2005,"nombre":3},{"preusuel":"DRISS","sexe":"m","dpt":"95","annais":2005,"nombre":3},{"preusuel":"DYLAN","sexe":"m","dpt":"95","annais":2005,"nombre":43},{"preusuel":"EDA","sexe":"f","dpt":"95","annais":2005,"nombre":3},{"preusuel":"EDDY","sexe":"m","dpt":"95","annais":2005,"nombre":7},{"preusuel":"EDEN","sexe":"f","dpt":"95","annais":2005,"nombre":12},{"preusuel":"EFE","sexe":"m","dpt":"95","annais":2005,"nombre":4},{"preusuel":"EGLANTINE","sexe":"f","dpt":"95","annais":2005,"nombre":4},{"preusuel":"EL","sexe":"m","dpt":"95","annais":2005,"nombre":3},{"preusuel":"ELEA","sexe":"f","dpt":"95","annais":2005,"nombre":4},{"preusuel":"ELEANA","sexe":"f","dpt":"95","annais":2005,"nombre":4},{"preusuel":"ELENA","sexe":"f","dpt":"95","annais":2005,"nombre":17},{"preusuel":"ELEONORE","sexe":"f","dpt":"95","annais":2005,"nombre":10},{"preusuel":"ELIAS","sexe":"m","dpt":"95","annais":2005,"nombre":14},{"preusuel":"ELIE","sexe":"m","dpt":"95","annais":2005,"nombre":6},{"preusuel":"ELIES","sexe":"m","dpt":"95","annais":2005,"nombre":3},{"preusuel":"ELIF","sexe":"f","dpt":"95","annais":2005,"nombre":9},{"preusuel":"ELINA","sexe":"f","dpt":"95","annais":2005,"nombre":4},{"preusuel":"ELINE","sexe":"f","dpt":"95","annais":2005,"nombre":5},{"preusuel":"ELIO","sexe":"m","dpt":"95","annais":2005,"nombre":3},{"preusuel":"ELIOT","sexe":"m","dpt":"95","annais":2005,"nombre":5},{"preusuel":"ELIOTT","sexe":"m","dpt":"95","annais":2005,"nombre":8},{"preusuel":"ELISA","sexe":"f","dpt":"95","annais":2005,"nombre":30},{"preusuel":"ELISABETH","sexe":"f","dpt":"95","annais":2005,"nombre":4},{"preusuel":"ELISE","sexe":"f","dpt":"95","annais":2005,"nombre":16},{"preusuel":"ELODIE","sexe":"f","dpt":"95","annais":2005,"nombre":23},{"preusuel":"ELOISE","sexe":"f","dpt":"95","annais":2005,"nombre":10},{"preusuel":"ELORA","sexe":"f","dpt":"95","annais":2005,"nombre":4},{"preusuel":"ELOUAN","sexe":"m","dpt":"95","annais":2005,"nombre":5},{"preusuel":"ELSA","sexe":"f","dpt":"95","annais":2005,"nombre":19},{"preusuel":"ELYES","sexe":"m","dpt":"95","annais":2005,"nombre":8},{"preusuel":"ELYSE","sexe":"f","dpt":"95","annais":2005,"nombre":3},{"preusuel":"EMELINE","sexe":"f","dpt":"95","annais":2005,"nombre":11},{"preusuel":"EMILIE","sexe":"f","dpt":"95","annais":2005,"nombre":37},{"preusuel":"EMILIEN","sexe":"m","dpt":"95","annais":2005,"nombre":5},{"preusuel":"EMINE","sexe":"f","dpt":"95","annais":2005,"nombre":3},{"preusuel":"EMIR","sexe":"m","dpt":"95","annais":2005,"nombre":6},{"preusuel":"EMIRHAN","sexe":"m","dpt":"95","annais":2005,"nombre":3},{"preusuel":"EMMA","sexe":"f","dpt":"95","annais":2005,"nombre":137},{"preusuel":"EMMANUEL","sexe":"m","dpt":"95","annais":2005,"nombre":15},{"preusuel":"EMMANUELLE","sexe":"f","dpt":"95","annais":2005,"nombre":7},{"preusuel":"EMMIE","sexe":"f","dpt":"95","annais":2005,"nombre":3},{"preusuel":"EMMY","sexe":"f","dpt":"95","annais":2005,"nombre":7},{"preusuel":"EMRE","sexe":"m","dpt":"95","annais":2005,"nombre":10},{"preusuel":"ENES","sexe":"m","dpt":"95","annais":2005,"nombre":3},{"preusuel":"ENOLA","sexe":"f","dpt":"95","annais":2005,"nombre":6},{"preusuel":"ENORA","sexe":"f","dpt":"95","annais":2005,"nombre":9},{"preusuel":"ENRIQUE","sexe":"m","dpt":"95","annais":2005,"nombre":4},{"preusuel":"ENZO","sexe":"m","dpt":"95","annais":2005,"nombre":203},{"preusuel":"EREN","sexe":"m","dpt":"95","annais":2005,"nombre":6},{"preusuel":"ERIC","sexe":"m","dpt":"95","annais":2005,"nombre":4},{"preusuel":"ERIKA","sexe":"f","dpt":"95","annais":2005,"nombre":4},{"preusuel":"ERIN","sexe":"f","dpt":"95","annais":2005,"nombre":4},{"preusuel":"ERINE","sexe":"f","dpt":"95","annais":2005,"nombre":6},{"preusuel":"ERWAN","sexe":"m","dpt":"95","annais":2005,"nombre":35},{"preusuel":"ERWANN","sexe":"m","dpt":"95","annais":2005,"nombre":6},{"preusuel":"ERWIN","sexe":"m","dpt":"95","annais":2005,"nombre":3},{"preusuel":"ERYN","sexe":"f","dpt":"95","annais":2005,"nombre":3},{"preusuel":"ESMA","sexe":"f","dpt":"95","annais":2005,"nombre":3},{"preusuel":"ESTEBAN","sexe":"m","dpt":"95","annais":2005,"nombre":15},{"preusuel":"ESTELLE","sexe":"f","dpt":"95","annais":2005,"nombre":17},{"preusuel":"ESTHER","sexe":"f","dpt":"95","annais":2005,"nombre":9},{"preusuel":"ETHAN","sexe":"m","dpt":"95","annais":2005,"nombre":51},{"preusuel":"ETIENNE","sexe":"m","dpt":"95","annais":2005,"nombre":5},{"preusuel":"EUGENIE","sexe":"f","dpt":"95","annais":2005,"nombre":6},{"preusuel":"EUNICE","sexe":"f","dpt":"95","annais":2005,"nombre":3},{"preusuel":"EVA","sexe":"f","dpt":"95","annais":2005,"nombre":54},{"preusuel":"EVAN","sexe":"m","dpt":"95","annais":2005,"nombre":41},{"preusuel":"EVANN","sexe":"m","dpt":"95","annais":2005,"nombre":9},{"preusuel":"EVE","sexe":"f","dpt":"95","annais":2005,"nombre":9},{"preusuel":"EVEN","sexe":"m","dpt":"95","annais":2005,"nombre":3},{"preusuel":"EWAN","sexe":"m","dpt":"95","annais":2005,"nombre":14},{"preusuel":"EWEN","sexe":"m","dpt":"95","annais":2005,"nombre":3},{"preusuel":"EWENN","sexe":"m","dpt":"95","annais":2005,"nombre":3},{"preusuel":"FABIEN","sexe":"m","dpt":"95","annais":2005,"nombre":7},{"preusuel":"FABIO","sexe":"m","dpt":"95","annais":2005,"nombre":9},{"preusuel":"FABRICE","sexe":"m","dpt":"95","annais":2005,"nombre":3},{"preusuel":"FAIZA","sexe":"f","dpt":"95","annais":2005,"nombre":3},{"preusuel":"FANNY","sexe":"f","dpt":"95","annais":2005,"nombre":15},{"preusuel":"FANTA","sexe":"f","dpt":"95","annais":2005,"nombre":3},{"preusuel":"FARAH","sexe":"f","dpt":"95","annais":2005,"nombre":8},{"preusuel":"FARES","sexe":"m","dpt":"95","annais":2005,"nombre":15},{"preusuel":"FATIM","sexe":"f","dpt":"95","annais":2005,"nombre":3},{"preusuel":"FATIMA","sexe":"f","dpt":"95","annais":2005,"nombre":12},{"preusuel":"FATOU","sexe":"f","dpt":"95","annais":2005,"nombre":5},{"preusuel":"FATOUMATA","sexe":"f","dpt":"95","annais":2005,"nombre":19},{"preusuel":"FAUSTINE","sexe":"f","dpt":"95","annais":2005,"nombre":9},{"preusuel":"FELIX","sexe":"m","dpt":"95","annais":2005,"nombre":3},{"preusuel":"FENDA","sexe":"f","dpt":"95","annais":2005,"nombre":3},{"preusuel":"FERIEL","sexe":"f","dpt":"95","annais":2005,"nombre":5},{"preusuel":"FIONA","sexe":"f","dpt":"95","annais":2005,"nombre":5},{"preusuel":"FLAVIE","sexe":"f","dpt":"95","annais":2005,"nombre":7},{"preusuel":"FLAVIEN","sexe":"m","dpt":"95","annais":2005,"nombre":4},{"preusuel":"FLAVIO","sexe":"m","dpt":"95","annais":2005,"nombre":4},{"preusuel":"FLEUR","sexe":"f","dpt":"95","annais":2005,"nombre":4},{"preusuel":"FLORA","sexe":"f","dpt":"95","annais":2005,"nombre":13},{"preusuel":"FLORE","sexe":"f","dpt":"95","annais":2005,"nombre":6},{"preusuel":"FLORENT","sexe":"m","dpt":"95","annais":2005,"nombre":8},{"preusuel":"FLORENTIN","sexe":"m","dpt":"95","annais":2005,"nombre":3},{"preusuel":"FLORIAN","sexe":"m","dpt":"95","annais":2005,"nombre":36},{"preusuel":"FLORIANE","sexe":"f","dpt":"95","annais":2005,"nombre":5},{"preusuel":"FLORINE","sexe":"f","dpt":"95","annais":2005,"nombre":5},{"preusuel":"FRANCK","sexe":"m","dpt":"95","annais":2005,"nombre":5},{"preusuel":"FRANCOIS","sexe":"m","dpt":"95","annais":2005,"nombre":10},{"preusuel":"FRANCOIS-XAVIER","sexe":"m","dpt":"95","annais":2005,"nombre":3},{"preusuel":"FURKAN","sexe":"m","dpt":"95","annais":2005,"nombre":7},{"preusuel":"GABIN","sexe":"m","dpt":"95","annais":2005,"nombre":12},{"preusuel":"GABRIEL","sexe":"m","dpt":"95","annais":2005,"nombre":57},{"preusuel":"GABRIELLE","sexe":"f","dpt":"95","annais":2005,"nombre":12},{"preusuel":"GAEL","sexe":"m","dpt":"95","annais":2005,"nombre":5},{"preusuel":"GAETAN","sexe":"m","dpt":"95","annais":2005,"nombre":10},{"preusuel":"GARY","sexe":"m","dpt":"95","annais":2005,"nombre":3},{"preusuel":"GATIEN","sexe":"m","dpt":"95","annais":2005,"nombre":3},{"preusuel":"GIANNI","sexe":"m","dpt":"95","annais":2005,"nombre":3},{"preusuel":"GIOVANNI","sexe":"m","dpt":"95","annais":2005,"nombre":6},{"preusuel":"GIOVANNY","sexe":"m","dpt":"95","annais":2005,"nombre":3},{"preusuel":"GIULIA","sexe":"f","dpt":"95","annais":2005,"nombre":5},{"preusuel":"GLORIA","sexe":"f","dpt":"95","annais":2005,"nombre":4},{"preusuel":"GOUNDO","sexe":"f","dpt":"95","annais":2005,"nombre":3},{"preusuel":"GRACE","sexe":"f","dpt":"95","annais":2005,"nombre":10},{"preusuel":"GREGOIRE","sexe":"m","dpt":"95","annais":2005,"nombre":6},{"preusuel":"GREGORY","sexe":"m","dpt":"95","annais":2005,"nombre":10},{"preusuel":"GUILLAUME","sexe":"m","dpt":"95","annais":2005,"nombre":23},{"preusuel":"GWENAELLE","sexe":"f","dpt":"95","annais":2005,"nombre":7},{"preusuel":"GWENDOLINE","sexe":"f","dpt":"95","annais":2005,"nombre":5},{"preusuel":"HADI","sexe":"m","dpt":"95","annais":2005,"nombre":3},{"preusuel":"HAFSA","sexe":"f","dpt":"95","annais":2005,"nombre":5},{"preusuel":"HAJAR","sexe":"f","dpt":"95","annais":2005,"nombre":11},{"preusuel":"HALIMA","sexe":"f","dpt":"95","annais":2005,"nombre":5},{"preusuel":"HAMZA","sexe":"m","dpt":"95","annais":2005,"nombre":24},{"preusuel":"HANA","sexe":"f","dpt":"95","annais":2005,"nombre":7},{"preusuel":"HANAE","sexe":"f","dpt":"95","annais":2005,"nombre":3},{"preusuel":"HANIA","sexe":"f","dpt":"95","annais":2005,"nombre":3},{"preusuel":"HANNA","sexe":"f","dpt":"95","annais":2005,"nombre":5},{"preusuel":"HASAN","sexe":"m","dpt":"95","annais":2005,"nombre":3},{"preusuel":"HATIM","sexe":"m","dpt":"95","annais":2005,"nombre":3},{"preusuel":"HAVIN","sexe":"f","dpt":"95","annais":2005,"nombre":5},{"preusuel":"HAWA","sexe":"f","dpt":"95","annais":2005,"nombre":12},{"preusuel":"HEATHER","sexe":"f","dpt":"95","annais":2005,"nombre":3},{"preusuel":"HECTOR","sexe":"m","dpt":"95","annais":2005,"nombre":3},{"preusuel":"HEDI","sexe":"m","dpt":"95","annais":2005,"nombre":3},{"preusuel":"HELENA","sexe":"f","dpt":"95","annais":2005,"nombre":11},{"preusuel":"HELIN","sexe":"f","dpt":"95","annais":2005,"nombre":3},{"preusuel":"HELOISE","sexe":"f","dpt":"95","annais":2005,"nombre":15},{"preusuel":"HENRI","sexe":"m","dpt":"95","annais":2005,"nombre":3},{"preusuel":"HIBA","sexe":"f","dpt":"95","annais":2005,"nombre":3},{"preusuel":"HICHAM","sexe":"m","dpt":"95","annais":2005,"nombre":6},{"preusuel":"HIND","sexe":"f","dpt":"95","annais":2005,"nombre":7},{"preusuel":"HOCINE","sexe":"m","dpt":"95","annais":2005,"nombre":3},{"preusuel":"HUGO","sexe":"m","dpt":"95","annais":2005,"nombre":99},{"preusuel":"IBRAHIM","sexe":"m","dpt":"95","annais":2005,"nombre":36},{"preusuel":"IBRAHIMA","sexe":"m","dpt":"95","annais":2005,"nombre":5},{"preusuel":"IDIR","sexe":"m","dpt":"95","annais":2005,"nombre":3},{"preusuel":"IDRIS","sexe":"m","dpt":"95","annais":2005,"nombre":4},{"preusuel":"IDRISS","sexe":"m","dpt":"95","annais":2005,"nombre":6},{"preusuel":"IKRAM","sexe":"f","dpt":"95","annais":2005,"nombre":5},{"preusuel":"ILAN","sexe":"m","dpt":"95","annais":2005,"nombre":16},{"preusuel":"ILANA","sexe":"f","dpt":"95","annais":2005,"nombre":5},{"preusuel":"ILAYDA","sexe":"f","dpt":"95","annais":2005,"nombre":5},{"preusuel":"ILES","sexe":"m","dpt":"95","annais":2005,"nombre":3},{"preusuel":"ILHAN","sexe":"m","dpt":"95","annais":2005,"nombre":7},{"preusuel":"ILIAN","sexe":"m","dpt":"95","annais":2005,"nombre":15},{"preusuel":"ILIANA","sexe":"f","dpt":"95","annais":2005,"nombre":5},{"preusuel":"ILIAS","sexe":"m","dpt":"95","annais":2005,"nombre":3},{"preusuel":"ILIES","sexe":"m","dpt":"95","annais":2005,"nombre":9},{"preusuel":"ILLONA","sexe":"f","dpt":"95","annais":2005,"nombre":3},{"preusuel":"ILONA","sexe":"f","dpt":"95","annais":2005,"nombre":31},{"preusuel":"ILYAN","sexe":"m","dpt":"95","annais":2005,"nombre":7},{"preusuel":"ILYANA","sexe":"f","dpt":"95","annais":2005,"nombre":5},{"preusuel":"ILYAS","sexe":"m","dpt":"95","annais":2005,"nombre":16},{"preusuel":"ILYASSE","sexe":"m","dpt":"95","annais":2005,"nombre":3},{"preusuel":"ILYES","sexe":"m","dpt":"95","annais":2005,"nombre":22},{"preusuel":"IMAD","sexe":"m","dpt":"95","annais":2005,"nombre":4},{"preusuel":"IMAN","sexe":"f","dpt":"95","annais":2005,"nombre":5},{"preusuel":"IMANE","sexe":"f","dpt":"95","annais":2005,"nombre":18},{"preusuel":"IMEN","sexe":"f","dpt":"95","annais":2005,"nombre":8},{"preusuel":"IMENE","sexe":"f","dpt":"95","annais":2005,"nombre":13},{"preusuel":"IMRAN","sexe":"m","dpt":"95","annais":2005,"nombre":7},{"preusuel":"IMRANE","sexe":"m","dpt":"95","annais":2005,"nombre":6},{"preusuel":"INES","sexe":"f","dpt":"95","annais":2005,"nombre":125},{"preusuel":"IRIS","sexe":"f","dpt":"95","annais":2005,"nombre":5},{"preusuel":"ISAAC","sexe":"m","dpt":"95","annais":2005,"nombre":4},{"preusuel":"ISABELLE","sexe":"f","dpt":"95","annais":2005,"nombre":4},{"preusuel":"ISALINE","sexe":"f","dpt":"95","annais":2005,"nombre":3},{"preusuel":"ISLAM","sexe":"m","dpt":"95","annais":2005,"nombre":5},{"preusuel":"ISMAEL","sexe":"m","dpt":"95","annais":2005,"nombre":18},{"preusuel":"ISMAIL","sexe":"m","dpt":"95","annais":2005,"nombre":9},{"preusuel":"ISRA","sexe":"f","dpt":"95","annais":2005,"nombre":3},{"preusuel":"ISSA","sexe":"m","dpt":"95","annais":2005,"nombre":9},{"preusuel":"ISSAM","sexe":"m","dpt":"95","annais":2005,"nombre":4},{"preusuel":"JACOB","sexe":"m","dpt":"95","annais":2005,"nombre":3},{"preusuel":"JACQUES","sexe":"m","dpt":"95","annais":2005,"nombre":3},{"preusuel":"JAD","sexe":"m","dpt":"95","annais":2005,"nombre":4},{"preusuel":"JADE","sexe":"f","dpt":"95","annais":2005,"nombre":94},{"preusuel":"JALIL","sexe":"m","dpt":"95","annais":2005,"nombre":3},{"preusuel":"JAMES","sexe":"m","dpt":"95","annais":2005,"nombre":9},{"preusuel":"JANA","sexe":"f","dpt":"95","annais":2005,"nombre":3},{"preusuel":"JANE","sexe":"f","dpt":"95","annais":2005,"nombre":3},{"preusuel":"JANELLE","sexe":"f","dpt":"95","annais":2005,"nombre":4},{"preusuel":"JANNA","sexe":"f","dpt":"95","annais":2005,"nombre":5},{"preusuel":"JAROD","sexe":"m","dpt":"95","annais":2005,"nombre":3},{"preusuel":"JASMINE","sexe":"f","dpt":"95","annais":2005,"nombre":13},{"preusuel":"JASON","sexe":"m","dpt":"95","annais":2005,"nombre":9},{"preusuel":"JAWAD","sexe":"m","dpt":"95","annais":2005,"nombre":7},{"preusuel":"JAWED","sexe":"m","dpt":"95","annais":2005,"nombre":3},{"preusuel":"JEAN","sexe":"m","dpt":"95","annais":2005,"nombre":10},{"preusuel":"JEAN-BAPTISTE","sexe":"m","dpt":"95","annais":2005,"nombre":4},{"preusuel":"JEANNE","sexe":"f","dpt":"95","annais":2005,"nombre":29},{"preusuel":"JENNA","sexe":"f","dpt":"95","annais":2005,"nombre":5},{"preusuel":"JENNIFER","sexe":"f","dpt":"95","annais":2005,"nombre":8},{"preusuel":"JEREMIE","sexe":"m","dpt":"95","annais":2005,"nombre":14},{"preusuel":"JEREMY","sexe":"m","dpt":"95","annais":2005,"nombre":16},{"preusuel":"JESSICA","sexe":"f","dpt":"95","annais":2005,"nombre":12},{"preusuel":"JESSY","sexe":"f","dpt":"95","annais":2005,"nombre":4},{"preusuel":"JESSY","sexe":"m","dpt":"95","annais":2005,"nombre":5},{"preusuel":"JIBRIL","sexe":"m","dpt":"95","annais":2005,"nombre":9},{"preusuel":"JIHANE","sexe":"f","dpt":"95","annais":2005,"nombre":4},{"preusuel":"JIMMY","sexe":"m","dpt":"95","annais":2005,"nombre":8},{"preusuel":"JIYAN","sexe":"m","dpt":"95","annais":2005,"nombre":3},{"preusuel":"JOAN","sexe":"m","dpt":"95","annais":2005,"nombre":6},{"preusuel":"JOANNA","sexe":"f","dpt":"95","annais":2005,"nombre":3},{"preusuel":"JOHAN","sexe":"m","dpt":"95","annais":2005,"nombre":13},{"preusuel":"JOHANNA","sexe":"f","dpt":"95","annais":2005,"nombre":5},{"preusuel":"JOHN","sexe":"m","dpt":"95","annais":2005,"nombre":7},{"preusuel":"JONAS","sexe":"m","dpt":"95","annais":2005,"nombre":3},{"preusuel":"JONATHAN","sexe":"m","dpt":"95","annais":2005,"nombre":17},{"preusuel":"JORDAN","sexe":"m","dpt":"95","annais":2005,"nombre":23},{"preusuel":"JORIS","sexe":"m","dpt":"95","annais":2005,"nombre":4},{"preusuel":"JOSEPH","sexe":"m","dpt":"95","annais":2005,"nombre":4},{"preusuel":"JOSEPHINE","sexe":"f","dpt":"95","annais":2005,"nombre":5},{"preusuel":"JOSHUA","sexe":"m","dpt":"95","annais":2005,"nombre":10},{"preusuel":"JOSUE","sexe":"m","dpt":"95","annais":2005,"nombre":7},{"preusuel":"JOYCE","sexe":"f","dpt":"95","annais":2005,"nombre":3},{"preusuel":"JULES","sexe":"m","dpt":"95","annais":2005,"nombre":39},{"preusuel":"JULIA","sexe":"f","dpt":"95","annais":2005,"nombre":23},{"preusuel":"JULIAN","sexe":"m","dpt":"95","annais":2005,"nombre":8},{"preusuel":"JULIE","sexe":"f","dpt":"95","annais":2005,"nombre":56},{"preusuel":"JULIEN","sexe":"m","dpt":"95","annais":2005,"nombre":46},{"preusuel":"JULIETTE","sexe":"f","dpt":"95","annais":2005,"nombre":35},{"preusuel":"JUSTIN","sexe":"m","dpt":"95","annais":2005,"nombre":4},{"preusuel":"JUSTINE","sexe":"f","dpt":"95","annais":2005,"nombre":27},{"preusuel":"KAHINA","sexe":"f","dpt":"95","annais":2005,"nombre":4},{"preusuel":"KAINA","sexe":"f","dpt":"95","annais":2005,"nombre":6},{"preusuel":"KAIS","sexe":"m","dpt":"95","annais":2005,"nombre":17},{"preusuel":"KAMEL","sexe":"m","dpt":"95","annais":2005,"nombre":3},{"preusuel":"KAMELIA","sexe":"f","dpt":"95","annais":2005,"nombre":3},{"preusuel":"KAMIL","sexe":"m","dpt":"95","annais":2005,"nombre":7},{"preusuel":"KAMILYA","sexe":"f","dpt":"95","annais":2005,"nombre":3},{"preusuel":"KARIM","sexe":"m","dpt":"95","annais":2005,"nombre":9},{"preusuel":"KARL","sexe":"m","dpt":"95","annais":2005,"nombre":4},{"preusuel":"KARLA","sexe":"f","dpt":"95","annais":2005,"nombre":3},{"preusuel":"KASSANDRA","sexe":"f","dpt":"95","annais":2005,"nombre":4},{"preusuel":"KASSIM","sexe":"m","dpt":"95","annais":2005,"nombre":3},{"preusuel":"KATHLEEN","sexe":"f","dpt":"95","annais":2005,"nombre":5},{"preusuel":"KATIA","sexe":"f","dpt":"95","annais":2005,"nombre":4},{"preusuel":"KATY","sexe":"f","dpt":"95","annais":2005,"nombre":3},{"preusuel":"KELIAN","sexe":"m","dpt":"95","annais":2005,"nombre":3},{"preusuel":"KELLY","sexe":"f","dpt":"95","annais":2005,"nombre":9},{"preusuel":"KELVIN","sexe":"m","dpt":"95","annais":2005,"nombre":4},{"preusuel":"KELYA","sexe":"f","dpt":"95","annais":2005,"nombre":6},{"preusuel":"KELYAN","sexe":"m","dpt":"95","annais":2005,"nombre":7},{"preusuel":"KENNY","sexe":"m","dpt":"95","annais":2005,"nombre":11},{"preusuel":"KENY","sexe":"m","dpt":"95","annais":2005,"nombre":3},{"preusuel":"KENZA","sexe":"f","dpt":"95","annais":2005,"nombre":22},{"preusuel":"KENZO","sexe":"m","dpt":"95","annais":2005,"nombre":6},{"preusuel":"KEREN","sexe":"f","dpt":"95","annais":2005,"nombre":4},{"preusuel":"KERIM","sexe":"m","dpt":"95","annais":2005,"nombre":3},{"preusuel":"KERYAN","sexe":"m","dpt":"95","annais":2005,"nombre":6},{"preusuel":"KESSY","sexe":"f","dpt":"95","annais":2005,"nombre":3},{"preusuel":"KEVIN","sexe":"m","dpt":"95","annais":2005,"nombre":52},{"preusuel":"KHADIJA","sexe":"f","dpt":"95","annais":2005,"nombre":7},{"preusuel":"KILIAN","sexe":"m","dpt":"95","annais":2005,"nombre":14},{"preusuel":"KILLIAN","sexe":"m","dpt":"95","annais":2005,"nombre":46},{"preusuel":"KILYAN","sexe":"m","dpt":"95","annais":2005,"nombre":5},{"preusuel":"KIMBERLEY","sexe":"f","dpt":"95","annais":2005,"nombre":8},{"preusuel":"KLARA","sexe":"f","dpt":"95","annais":2005,"nombre":3},{"preusuel":"KYLIAN","sexe":"m","dpt":"95","annais":2005,"nombre":41},{"preusuel":"KYLLIAN","sexe":"m","dpt":"95","annais":2005,"nombre":21},{"preusuel":"LAETITIA","sexe":"f","dpt":"95","annais":2005,"nombre":14},{"preusuel":"LAHNA","sexe":"f","dpt":"95","annais":2005,"nombre":3},{"preusuel":"LALIE","sexe":"f","dpt":"95","annais":2005,"nombre":5},{"preusuel":"LALY","sexe":"f","dpt":"95","annais":2005,"nombre":4},{"preusuel":"LAMIA","sexe":"f","dpt":"95","annais":2005,"nombre":3},{"preusuel":"LANA","sexe":"f","dpt":"95","annais":2005,"nombre":26},{"preusuel":"LARA","sexe":"f","dpt":"95","annais":2005,"nombre":9},{"preusuel":"LASSANA","sexe":"m","dpt":"95","annais":2005,"nombre":3},{"preusuel":"LAURA","sexe":"f","dpt":"95","annais":2005,"nombre":49},{"preusuel":"LAURE","sexe":"f","dpt":"95","annais":2005,"nombre":4},{"preusuel":"LAURENA","sexe":"f","dpt":"95","annais":2005,"nombre":3},{"preusuel":"LAURENT","sexe":"m","dpt":"95","annais":2005,"nombre":4},{"preusuel":"LAURIANE","sexe":"f","dpt":"95","annais":2005,"nombre":6},{"preusuel":"LAURINE","sexe":"f","dpt":"95","annais":2005,"nombre":8},{"preusuel":"LAURYNE","sexe":"f","dpt":"95","annais":2005,"nombre":7},{"preusuel":"LAYANA","sexe":"f","dpt":"95","annais":2005,"nombre":3},{"preusuel":"LEA","sexe":"f","dpt":"95","annais":2005,"nombre":120},{"preusuel":"LEANA","sexe":"f","dpt":"95","annais":2005,"nombre":11},{"preusuel":"LEANDRE","sexe":"m","dpt":"95","annais":2005,"nombre":7},{"preusuel":"LEANDRO","sexe":"m","dpt":"95","annais":2005,"nombre":3},{"preusuel":"LEANE","sexe":"f","dpt":"95","annais":2005,"nombre":32},{"preusuel":"LEANNA","sexe":"f","dpt":"95","annais":2005,"nombre":4},{"preusuel":"LEANNE","sexe":"f","dpt":"95","annais":2005,"nombre":5},{"preusuel":"LEILA","sexe":"f","dpt":"95","annais":2005,"nombre":12},{"preusuel":"LEINA","sexe":"f","dpt":"95","annais":2005,"nombre":8},{"preusuel":"LENA","sexe":"f","dpt":"95","annais":2005,"nombre":46},{"preusuel":"LENNA","sexe":"f","dpt":"95","annais":2005,"nombre":3},{"preusuel":"LENNY","sexe":"m","dpt":"95","annais":2005,"nombre":37},{"preusuel":"LENY","sexe":"m","dpt":"95","annais":2005,"nombre":7},{"preusuel":"LEO","sexe":"m","dpt":"95","annais":2005,"nombre":57},{"preusuel":"LEONIE","sexe":"f","dpt":"95","annais":2005,"nombre":11},{"preusuel":"LEOPOLD","sexe":"m","dpt":"95","annais":2005,"nombre":4},{"preusuel":"LIA","sexe":"f","dpt":"95","annais":2005,"nombre":3},{"preusuel":"LIAM","sexe":"m","dpt":"95","annais":2005,"nombre":8},{"preusuel":"LIANA","sexe":"f","dpt":"95","annais":2005,"nombre":5},{"preusuel":"LILA","sexe":"f","dpt":"95","annais":2005,"nombre":5},{"preusuel":"LILIA","sexe":"f","dpt":"95","annais":2005,"nombre":21},{"preusuel":"LILIAN","sexe":"m","dpt":"95","annais":2005,"nombre":10},{"preusuel":"LILIANA","sexe":"f","dpt":"95","annais":2005,"nombre":3},{"preusuel":"LILOU","sexe":"f","dpt":"95","annais":2005,"nombre":28},{"preusuel":"LILY","sexe":"f","dpt":"95","annais":2005,"nombre":5},{"preusuel":"LILY-ROSE","sexe":"f","dpt":"95","annais":2005,"nombre":3},{"preusuel":"LINA","sexe":"f","dpt":"95","annais":2005,"nombre":70},{"preusuel":"LINDA","sexe":"f","dpt":"95","annais":2005,"nombre":5},{"preusuel":"LINDSAY","sexe":"f","dpt":"95","annais":2005,"nombre":5},{"preusuel":"LIONEL","sexe":"m","dpt":"95","annais":2005,"nombre":4},{"preusuel":"LIOR","sexe":"m","dpt":"95","annais":2005,"nombre":3},{"preusuel":"LIORA","sexe":"f","dpt":"95","annais":2005,"nombre":4},{"preusuel":"LIRONE","sexe":"m","dpt":"95","annais":2005,"nombre":4},{"preusuel":"LISA","sexe":"f","dpt":"95","annais":2005,"nombre":60},{"preusuel":"LISE","sexe":"f","dpt":"95","annais":2005,"nombre":6},{"preusuel":"LISON","sexe":"f","dpt":"95","annais":2005,"nombre":3},{"preusuel":"LIZEA","sexe":"f","dpt":"95","annais":2005,"nombre":5},{"preusuel":"LOAN","sexe":"f","dpt":"95","annais":2005,"nombre":10},{"preusuel":"LOAN","sexe":"m","dpt":"95","annais":2005,"nombre":4},{"preusuel":"LOANE","sexe":"f","dpt":"95","annais":2005,"nombre":26},{"preusuel":"LOANN","sexe":"f","dpt":"95","annais":2005,"nombre":8},{"preusuel":"LOANNE","sexe":"f","dpt":"95","annais":2005,"nombre":3},{"preusuel":"LOGAN","sexe":"m","dpt":"95","annais":2005,"nombre":15},{"preusuel":"LOHAN","sexe":"m","dpt":"95","annais":2005,"nombre":4},{"preusuel":"LOIC","sexe":"m","dpt":"95","annais":2005,"nombre":23},{"preusuel":"LOIS","sexe":"f","dpt":"95","annais":2005,"nombre":3},{"preusuel":"LOISE","sexe":"f","dpt":"95","annais":2005,"nombre":3},{"preusuel":"LOLA","sexe":"f","dpt":"95","annais":2005,"nombre":40},{"preusuel":"LOONA","sexe":"f","dpt":"95","annais":2005,"nombre":3},{"preusuel":"LORELEI","sexe":"f","dpt":"95","annais":2005,"nombre":5},{"preusuel":"LORENA","sexe":"f","dpt":"95","annais":2005,"nombre":5},{"preusuel":"LORENZO","sexe":"m","dpt":"95","annais":2005,"nombre":22},{"preusuel":"LORIK","sexe":"m","dpt":"95","annais":2005,"nombre":3},{"preusuel":"LORIS","sexe":"m","dpt":"95","annais":2005,"nombre":9},{"preusuel":"LOU","sexe":"f","dpt":"95","annais":2005,"nombre":41},{"preusuel":"LOU-ANN","sexe":"f","dpt":"95","annais":2005,"nombre":16},{"preusuel":"LOU-ANNE","sexe":"f","dpt":"95","annais":2005,"nombre":9},{"preusuel":"LOUANE","sexe":"f","dpt":"95","annais":2005,"nombre":14},{"preusuel":"LOUANN","sexe":"f","dpt":"95","annais":2005,"nombre":6},{"preusuel":"LOUANNE","sexe":"f","dpt":"95","annais":2005,"nombre":6},{"preusuel":"LOUBNA","sexe":"f","dpt":"95","annais":2005,"nombre":8},{"preusuel":"LOUIS","sexe":"m","dpt":"95","annais":2005,"nombre":48},{"preusuel":"LOUISE","sexe":"f","dpt":"95","annais":2005,"nombre":20},{"preusuel":"LOUISON","sexe":"f","dpt":"95","annais":2005,"nombre":3},{"preusuel":"LOUKA","sexe":"m","dpt":"95","annais":2005,"nombre":4},{"preusuel":"LOUNA","sexe":"f","dpt":"95","annais":2005,"nombre":15},{"preusuel":"LOUNES","sexe":"m","dpt":"95","annais":2005,"nombre":3},{"preusuel":"LUC","sexe":"m","dpt":"95","annais":2005,"nombre":5},{"preusuel":"LUCA","sexe":"m","dpt":"95","annais":2005,"nombre":8},{"preusuel":"LUCAS","sexe":"m","dpt":"95","annais":2005,"nombre":152},{"preusuel":"LUCIA","sexe":"f","dpt":"95","annais":2005,"nombre":3},{"preusuel":"LUCIE","sexe":"f","dpt":"95","annais":2005,"nombre":70},{"preusuel":"LUCIEN","sexe":"m","dpt":"95","annais":2005,"nombre":5},{"preusuel":"LUCILE","sexe":"f","dpt":"95","annais":2005,"nombre":15},{"preusuel":"LUCILLE","sexe":"f","dpt":"95","annais":2005,"nombre":3},{"preusuel":"LUCY","sexe":"f","dpt":"95","annais":2005,"nombre":4},{"preusuel":"LUDIVINE","sexe":"f","dpt":"95","annais":2005,"nombre":12},{"preusuel":"LUDOVIC","sexe":"m","dpt":"95","annais":2005,"nombre":9},{"preusuel":"LUKA","sexe":"m","dpt":"95","annais":2005,"nombre":10},{"preusuel":"LUKAS","sexe":"m","dpt":"95","annais":2005,"nombre":16},{"preusuel":"LUNA","sexe":"f","dpt":"95","annais":2005,"nombre":17},{"preusuel":"LYAM","sexe":"m","dpt":"95","annais":2005,"nombre":3},{"preusuel":"LYANA","sexe":"f","dpt":"95","annais":2005,"nombre":3},{"preusuel":"LYDIA","sexe":"f","dpt":"95","annais":2005,"nombre":9},{"preusuel":"LYDIE","sexe":"f","dpt":"95","annais":2005,"nombre":4},{"preusuel":"LYLIA","sexe":"f","dpt":"95","annais":2005,"nombre":4},{"preusuel":"LYLIAN","sexe":"m","dpt":"95","annais":2005,"nombre":3},{"preusuel":"LYLOU","sexe":"f","dpt":"95","annais":2005,"nombre":4},{"preusuel":"LYNA","sexe":"f","dpt":"95","annais":2005,"nombre":12},{"preusuel":"LYNDA","sexe":"f","dpt":"95","annais":2005,"nombre":3},{"preusuel":"LYSA","sexe":"f","dpt":"95","annais":2005,"nombre":9},{"preusuel":"MADELEINE","sexe":"f","dpt":"95","annais":2005,"nombre":3},{"preusuel":"MADISON","sexe":"f","dpt":"95","annais":2005,"nombre":4},{"preusuel":"MAEL","sexe":"m","dpt":"95","annais":2005,"nombre":18},{"preusuel":"MAELE","sexe":"f","dpt":"95","annais":2005,"nombre":3},{"preusuel":"MAELINE","sexe":"f","dpt":"95","annais":2005,"nombre":7},{"preusuel":"MAELIS","sexe":"f","dpt":"95","annais":2005,"nombre":4},{"preusuel":"MAELISS","sexe":"f","dpt":"95","annais":2005,"nombre":4},{"preusuel":"MAELLE","sexe":"f","dpt":"95","annais":2005,"nombre":51},{"preusuel":"MAELLY","sexe":"f","dpt":"95","annais":2005,"nombre":7},{"preusuel":"MAELY","sexe":"f","dpt":"95","annais":2005,"nombre":7},{"preusuel":"MAELYNE","sexe":"f","dpt":"95","annais":2005,"nombre":3},{"preusuel":"MAELYS","sexe":"f","dpt":"95","annais":2005,"nombre":48},{"preusuel":"MAELYSS","sexe":"f","dpt":"95","annais":2005,"nombre":5},{"preusuel":"MAEVA","sexe":"f","dpt":"95","annais":2005,"nombre":52},{"preusuel":"MAHAMADOU","sexe":"m","dpt":"95","annais":2005,"nombre":7},{"preusuel":"MAHE","sexe":"f","dpt":"95","annais":2005,"nombre":4},{"preusuel":"MAIA","sexe":"f","dpt":"95","annais":2005,"nombre":3},{"preusuel":"MAILYS","sexe":"f","dpt":"95","annais":2005,"nombre":12},{"preusuel":"MAIMOUNA","sexe":"f","dpt":"95","annais":2005,"nombre":10},{"preusuel":"MAISSA","sexe":"f","dpt":"95","annais":2005,"nombre":14},{"preusuel":"MAISSANE","sexe":"f","dpt":"95","annais":2005,"nombre":8},{"preusuel":"MAIWEN","sexe":"f","dpt":"95","annais":2005,"nombre":5},{"preusuel":"MAIWENN","sexe":"f","dpt":"95","annais":2005,"nombre":6},{"preusuel":"MALAK","sexe":"f","dpt":"95","annais":2005,"nombre":3},{"preusuel":"MALCOLM","sexe":"m","dpt":"95","annais":2005,"nombre":3},{"preusuel":"MALCOM","sexe":"m","dpt":"95","annais":2005,"nombre":5},{"preusuel":"MALENA","sexe":"f","dpt":"95","annais":2005,"nombre":3},{"preusuel":"MALIA","sexe":"f","dpt":"95","annais":2005,"nombre":4},{"preusuel":"MALIK","sexe":"m","dpt":"95","annais":2005,"nombre":5},{"preusuel":"MALO","sexe":"m","dpt":"95","annais":2005,"nombre":4},{"preusuel":"MAMADOU","sexe":"m","dpt":"95","annais":2005,"nombre":16},{"preusuel":"MAMOU","sexe":"f","dpt":"95","annais":2005,"nombre":3},{"preusuel":"MANAL","sexe":"f","dpt":"95","annais":2005,"nombre":5},{"preusuel":"MANAR","sexe":"f","dpt":"95","annais":2005,"nombre":3},{"preusuel":"MANEL","sexe":"f","dpt":"95","annais":2005,"nombre":23},{"preusuel":"MANELLE","sexe":"f","dpt":"95","annais":2005,"nombre":6},{"preusuel":"MANON","sexe":"f","dpt":"95","annais":2005,"nombre":116},{"preusuel":"MARC","sexe":"m","dpt":"95","annais":2005,"nombre":6},{"preusuel":"MARC-ANTOINE","sexe":"m","dpt":"95","annais":2005,"nombre":4},{"preusuel":"MARCO","sexe":"m","dpt":"95","annais":2005,"nombre":5},{"preusuel":"MARGAUX","sexe":"f","dpt":"95","annais":2005,"nombre":24},{"preusuel":"MARGOT","sexe":"f","dpt":"95","annais":2005,"nombre":18},{"preusuel":"MARIA","sexe":"f","dpt":"95","annais":2005,"nombre":7},{"preusuel":"MARIAM","sexe":"f","dpt":"95","annais":2005,"nombre":13},{"preusuel":"MARIAMA","sexe":"f","dpt":"95","annais":2005,"nombre":3},{"preusuel":"MARIAME","sexe":"f","dpt":"95","annais":2005,"nombre":5},{"preusuel":"MARIANA","sexe":"f","dpt":"95","annais":2005,"nombre":4},{"preusuel":"MARIANNE","sexe":"f","dpt":"95","annais":2005,"nombre":3},{"preusuel":"MARIE","sexe":"f","dpt":"95","annais":2005,"nombre":52},{"preusuel":"MARIE-ALINE","sexe":"f","dpt":"95","annais":2005,"nombre":3},{"preusuel":"MARILOU","sexe":"f","dpt":"95","annais":2005,"nombre":6},{"preusuel":"MARINA","sexe":"f","dpt":"95","annais":2005,"nombre":11},{"preusuel":"MARINE","sexe":"f","dpt":"95","annais":2005,"nombre":45},{"preusuel":"MARION","sexe":"f","dpt":"95","annais":2005,"nombre":21},{"preusuel":"MARIUS","sexe":"m","dpt":"95","annais":2005,"nombre":6},{"preusuel":"MARJANE","sexe":"f","dpt":"95","annais":2005,"nombre":3},{"preusuel":"MARLEY","sexe":"m","dpt":"95","annais":2005,"nombre":4},{"preusuel":"MAROUANE","sexe":"m","dpt":"95","annais":2005,"nombre":3},{"preusuel":"MARTIN","sexe":"m","dpt":"95","annais":2005,"nombre":12},{"preusuel":"MARVIN","sexe":"m","dpt":"95","annais":2005,"nombre":6},{"preusuel":"MARVYN","sexe":"m","dpt":"95","annais":2005,"nombre":7},{"preusuel":"MARWA","sexe":"f","dpt":"95","annais":2005,"nombre":16},{"preusuel":"MARWAN","sexe":"m","dpt":"95","annais":2005,"nombre":16},{"preusuel":"MARWANE","sexe":"m","dpt":"95","annais":2005,"nombre":7},{"preusuel":"MARYAM","sexe":"f","dpt":"95","annais":2005,"nombre":18},{"preusuel":"MARYLOU","sexe":"f","dpt":"95","annais":2005,"nombre":4},{"preusuel":"MASSINISSA","sexe":"m","dpt":"95","annais":2005,"nombre":3},{"preusuel":"MATEO","sexe":"m","dpt":"95","annais":2005,"nombre":31},{"preusuel":"MATHEO","sexe":"m","dpt":"95","annais":2005,"nombre":69},{"preusuel":"MATHIAS","sexe":"m","dpt":"95","annais":2005,"nombre":19},{"preusuel":"MATHIEU","sexe":"m","dpt":"95","annais":2005,"nombre":38},{"preusuel":"MATHILDA","sexe":"f","dpt":"95","annais":2005,"nombre":4},{"preusuel":"MATHILDE","sexe":"f","dpt":"95","annais":2005,"nombre":64},{"preusuel":"MATHIS","sexe":"m","dpt":"95","annais":2005,"nombre":91},{"preusuel":"MATHYS","sexe":"m","dpt":"95","annais":2005,"nombre":35},{"preusuel":"MATIS","sexe":"m","dpt":"95","annais":2005,"nombre":13},{"preusuel":"MATISSE","sexe":"m","dpt":"95","annais":2005,"nombre":4},{"preusuel":"MATT","sexe":"m","dpt":"95","annais":2005,"nombre":3},{"preusuel":"MATTEO","sexe":"m","dpt":"95","annais":2005,"nombre":68},{"preusuel":"MATTHEO","sexe":"m","dpt":"95","annais":2005,"nombre":9},{"preusuel":"MATTHEW","sexe":"m","dpt":"95","annais":2005,"nombre":3},{"preusuel":"MATTHIAS","sexe":"m","dpt":"95","annais":2005,"nombre":9},{"preusuel":"MATTHIEU","sexe":"m","dpt":"95","annais":2005,"nombre":27},{"preusuel":"MATTHIS","sexe":"m","dpt":"95","annais":2005,"nombre":5},{"preusuel":"MATYS","sexe":"m","dpt":"95","annais":2005,"nombre":3},{"preusuel":"MAUD","sexe":"f","dpt":"95","annais":2005,"nombre":3},{"preusuel":"MAUDE","sexe":"f","dpt":"95","annais":2005,"nombre":3},{"preusuel":"MAUREEN","sexe":"f","dpt":"95","annais":2005,"nombre":6},{"preusuel":"MAX","sexe":"m","dpt":"95","annais":2005,"nombre":5},{"preusuel":"MAXENCE","sexe":"m","dpt":"95","annais":2005,"nombre":42},{"preusuel":"MAXIME","sexe":"m","dpt":"95","annais":2005,"nombre":75},{"preusuel":"MAXIMILIEN","sexe":"m","dpt":"95","annais":2005,"nombre":4},{"preusuel":"MAYA","sexe":"f","dpt":"95","annais":2005,"nombre":7},{"preusuel":"MAYLINE","sexe":"f","dpt":"95","annais":2005,"nombre":6},{"preusuel":"MAYLIS","sexe":"f","dpt":"95","annais":2005,"nombre":6},{"preusuel":"MAYSSA","sexe":"f","dpt":"95","annais":2005,"nombre":5},{"preusuel":"MEDHI","sexe":"m","dpt":"95","annais":2005,"nombre":3},{"preusuel":"MEDINA","sexe":"f","dpt":"95","annais":2005,"nombre":4},{"preusuel":"MEGANE","sexe":"f","dpt":"95","annais":2005,"nombre":4},{"preusuel":"MEHDI","sexe":"m","dpt":"95","annais":2005,"nombre":44},{"preusuel":"MEISSA","sexe":"f","dpt":"95","annais":2005,"nombre":6},{"preusuel":"MELANIE","sexe":"f","dpt":"95","annais":2005,"nombre":16},{"preusuel":"MELINA","sexe":"f","dpt":"95","annais":2005,"nombre":28},{"preusuel":"MELINDA","sexe":"f","dpt":"95","annais":2005,"nombre":8},{"preusuel":"MELINE","sexe":"f","dpt":"95","annais":2005,"nombre":10},{"preusuel":"MELISA","sexe":"f","dpt":"95","annais":2005,"nombre":5},{"preusuel":"MELISSA","sexe":"f","dpt":"95","annais":2005,"nombre":57},{"preusuel":"MELISSANDRE","sexe":"f","dpt":"95","annais":2005,"nombre":3},{"preusuel":"MELODY","sexe":"f","dpt":"95","annais":2005,"nombre":6},{"preusuel":"MELTEM","sexe":"f","dpt":"95","annais":2005,"nombre":3},{"preusuel":"MELVIN","sexe":"m","dpt":"95","annais":2005,"nombre":23},{"preusuel":"MELVYN","sexe":"m","dpt":"95","annais":2005,"nombre":11},{"preusuel":"MELYNA","sexe":"f","dpt":"95","annais":2005,"nombre":4},{"preusuel":"MERIEM","sexe":"f","dpt":"95","annais":2005,"nombre":3},{"preusuel":"MERINE","sexe":"f","dpt":"95","annais":2005,"nombre":3},{"preusuel":"MERVE","sexe":"f","dpt":"95","annais":2005,"nombre":3},{"preusuel":"MERYEM","sexe":"f","dpt":"95","annais":2005,"nombre":5},{"preusuel":"MICHAEL","sexe":"m","dpt":"95","annais":2005,"nombre":3},{"preusuel":"MICKAEL","sexe":"m","dpt":"95","annais":2005,"nombre":15},{"preusuel":"MIKAIL","sexe":"m","dpt":"95","annais":2005,"nombre":5},{"preusuel":"MIKE","sexe":"m","dpt":"95","annais":2005,"nombre":4},{"preusuel":"MILA","sexe":"f","dpt":"95","annais":2005,"nombre":3},{"preusuel":"MILHANE","sexe":"m","dpt":"95","annais":2005,"nombre":3},{"preusuel":"MILO","sexe":"m","dpt":"95","annais":2005,"nombre":3},{"preusuel":"MINA","sexe":"f","dpt":"95","annais":2005,"nombre":4},{"preusuel":"MOHAMADOU","sexe":"m","dpt":"95","annais":2005,"nombre":3},{"preusuel":"MOHAMED","sexe":"m","dpt":"95","annais":2005,"nombre":94},{"preusuel":"MOHAMED-AMINE","sexe":"m","dpt":"95","annais":2005,"nombre":8},{"preusuel":"MOHAMMAD","sexe":"m","dpt":"95","annais":2005,"nombre":6},{"preusuel":"MOHAMMED","sexe":"m","dpt":"95","annais":2005,"nombre":10},{"preusuel":"MONA","sexe":"f","dpt":"95","annais":2005,"nombre":3},{"preusuel":"MONICA","sexe":"f","dpt":"95","annais":2005,"nombre":4},{"preusuel":"MORGAN","sexe":"m","dpt":"95","annais":2005,"nombre":9},{"preusuel":"MORGANE","sexe":"f","dpt":"95","annais":2005,"nombre":39},{"preusuel":"MOUHAMADOU","sexe":"m","dpt":"95","annais":2005,"nombre":3},{"preusuel":"MOURAD","sexe":"m","dpt":"95","annais":2005,"nombre":3},{"preusuel":"MOUSSA","sexe":"m","dpt":"95","annais":2005,"nombre":15},{"preusuel":"MOUSTAPHA","sexe":"m","dpt":"95","annais":2005,"nombre":5},{"preusuel":"MUHAMMED","sexe":"m","dpt":"95","annais":2005,"nombre":3},{"preusuel":"MUSTAFA","sexe":"m","dpt":"95","annais":2005,"nombre":6},{"preusuel":"MYLAN","sexe":"m","dpt":"95","annais":2005,"nombre":3},{"preusuel":"MYLENE","sexe":"f","dpt":"95","annais":2005,"nombre":3},{"preusuel":"MYRIAM","sexe":"f","dpt":"95","annais":2005,"nombre":33},{"preusuel":"NABIL","sexe":"m","dpt":"95","annais":2005,"nombre":9},{"preusuel":"NABILA","sexe":"f","dpt":"95","annais":2005,"nombre":4},{"preusuel":"NAEL","sexe":"m","dpt":"95","annais":2005,"nombre":14},{"preusuel":"NAELLE","sexe":"f","dpt":"95","annais":2005,"nombre":4},{"preusuel":"NAIL","sexe":"m","dpt":"95","annais":2005,"nombre":6},{"preusuel":"NAILA","sexe":"f","dpt":"95","annais":2005,"nombre":9},{"preusuel":"NAIM","sexe":"m","dpt":"95","annais":2005,"nombre":9},{"preusuel":"NAIMA","sexe":"f","dpt":"95","annais":2005,"nombre":4},{"preusuel":"NAIS","sexe":"f","dpt":"95","annais":2005,"nombre":4},{"preusuel":"NANA","sexe":"f","dpt":"95","annais":2005,"nombre":3},{"preusuel":"NANCY","sexe":"f","dpt":"95","annais":2005,"nombre":3},{"preusuel":"NAOMI","sexe":"f","dpt":"95","annais":2005,"nombre":4},{"preusuel":"NAOMIE","sexe":"f","dpt":"95","annais":2005,"nombre":4},{"preusuel":"NASSIM","sexe":"m","dpt":"95","annais":2005,"nombre":41},{"preusuel":"NATACHA","sexe":"f","dpt":"95","annais":2005,"nombre":3},{"preusuel":"NATHALIE","sexe":"f","dpt":"95","annais":2005,"nombre":6},{"preusuel":"NATHAN","sexe":"m","dpt":"95","annais":2005,"nombre":91},{"preusuel":"NAWAL","sexe":"f","dpt":"95","annais":2005,"nombre":3},{"preusuel":"NAWEL","sexe":"f","dpt":"95","annais":2005,"nombre":11},{"preusuel":"NAWFEL","sexe":"m","dpt":"95","annais":2005,"nombre":4},{"preusuel":"NEIL","sexe":"m","dpt":"95","annais":2005,"nombre":3},{"preusuel":"NELIA","sexe":"f","dpt":"95","annais":2005,"nombre":3},{"preusuel":"NELL","sexe":"f","dpt":"95","annais":2005,"nombre":3},{"preusuel":"NELLA","sexe":"f","dpt":"95","annais":2005,"nombre":3},{"preusuel":"NELLY","sexe":"f","dpt":"95","annais":2005,"nombre":3},{"preusuel":"NELSON","sexe":"m","dpt":"95","annais":2005,"nombre":10},{"preusuel":"NEO","sexe":"m","dpt":"95","annais":2005,"nombre":4},{"preusuel":"NESRINE","sexe":"f","dpt":"95","annais":2005,"nombre":11},{"preusuel":"NICOLAS","sexe":"m","dpt":"95","annais":2005,"nombre":52},{"preusuel":"NILS","sexe":"m","dpt":"95","annais":2005,"nombre":7},{"preusuel":"NINA","sexe":"f","dpt":"95","annais":2005,"nombre":15},{"preusuel":"NINO","sexe":"m","dpt":"95","annais":2005,"nombre":6},{"preusuel":"NINON","sexe":"f","dpt":"95","annais":2005,"nombre":7},{"preusuel":"NISRINE","sexe":"f","dpt":"95","annais":2005,"nombre":5},{"preusuel":"NOA","sexe":"f","dpt":"95","annais":2005,"nombre":9},{"preusuel":"NOA","sexe":"m","dpt":"95","annais":2005,"nombre":28},{"preusuel":"NOAH","sexe":"m","dpt":"95","annais":2005,"nombre":61},{"preusuel":"NOAM","sexe":"m","dpt":"95","annais":2005,"nombre":19},{"preusuel":"NOE","sexe":"m","dpt":"95","annais":2005,"nombre":11},{"preusuel":"NOELIE","sexe":"f","dpt":"95","annais":2005,"nombre":4},{"preusuel":"NOEMIE","sexe":"f","dpt":"95","annais":2005,"nombre":34},{"preusuel":"NOEMY","sexe":"f","dpt":"95","annais":2005,"nombre":3},{"preusuel":"NOHA","sexe":"m","dpt":"95","annais":2005,"nombre":3},{"preusuel":"NOHAM","sexe":"m","dpt":"95","annais":2005,"nombre":3},{"preusuel":"NOLAN","sexe":"m","dpt":"95","annais":2005,"nombre":37},{"preusuel":"NOLANN","sexe":"m","dpt":"95","annais":2005,"nombre":9},{"preusuel":"NOLHAN","sexe":"m","dpt":"95","annais":2005,"nombre":6},{"preusuel":"NOLLAN","sexe":"m","dpt":"95","annais":2005,"nombre":3},{"preusuel":"NORA","sexe":"f","dpt":"95","annais":2005,"nombre":6},{"preusuel":"NORAH","sexe":"f","dpt":"95","annais":2005,"nombre":4},{"preusuel":"NOUR","sexe":"f","dpt":"95","annais":2005,"nombre":8},{"preusuel":"OCEANE","sexe":"f","dpt":"95","annais":2005,"nombre":98},{"preusuel":"OLIVIA","sexe":"f","dpt":"95","annais":2005,"nombre":17},{"preusuel":"OLIVIER","sexe":"m","dpt":"95","annais":2005,"nombre":5},{"preusuel":"OLYMPE","sexe":"f","dpt":"95","annais":2005,"nombre":4},{"preusuel":"OMAR","sexe":"m","dpt":"95","annais":2005,"nombre":13},{"preusuel":"OPHELIE","sexe":"f","dpt":"95","annais":2005,"nombre":8},{"preusuel":"ORIANE","sexe":"f","dpt":"95","annais":2005,"nombre":6},{"preusuel":"ORIANNE","sexe":"f","dpt":"95","annais":2005,"nombre":3},{"preusuel":"ORLANE","sexe":"f","dpt":"95","annais":2005,"nombre":9},{"preusuel":"ORNELLA","sexe":"f","dpt":"95","annais":2005,"nombre":10},{"preusuel":"OSCAR","sexe":"m","dpt":"95","annais":2005,"nombre":6},{"preusuel":"OSMAN","sexe":"m","dpt":"95","annais":2005,"nombre":4},{"preusuel":"OTHMAN","sexe":"m","dpt":"95","annais":2005,"nombre":3},{"preusuel":"OUMAR","sexe":"m","dpt":"95","annais":2005,"nombre":3},{"preusuel":"OUMOU","sexe":"f","dpt":"95","annais":2005,"nombre":6},{"preusuel":"OUSMANE","sexe":"m","dpt":"95","annais":2005,"nombre":8},{"preusuel":"OWEN","sexe":"m","dpt":"95","annais":2005,"nombre":8},{"preusuel":"OZAN","sexe":"m","dpt":"95","annais":2005,"nombre":3},{"preusuel":"PABLO","sexe":"m","dpt":"95","annais":2005,"nombre":5},{"preusuel":"PACO","sexe":"m","dpt":"95","annais":2005,"nombre":3},{"preusuel":"PALOMA","sexe":"f","dpt":"95","annais":2005,"nombre":6},{"preusuel":"PAOLO","sexe":"m","dpt":"95","annais":2005,"nombre":3},{"preusuel":"PAUL","sexe":"m","dpt":"95","annais":2005,"nombre":45},{"preusuel":"PAULINE","sexe":"f","dpt":"95","annais":2005,"nombre":29},{"preusuel":"PERRINE","sexe":"f","dpt":"95","annais":2005,"nombre":10},{"preusuel":"PHARELL","sexe":"m","dpt":"95","annais":2005,"nombre":5},{"preusuel":"PHILIPPE","sexe":"m","dpt":"95","annais":2005,"nombre":3},{"preusuel":"PHILIPPINE","sexe":"f","dpt":"95","annais":2005,"nombre":3},{"preusuel":"PIERRE","sexe":"m","dpt":"95","annais":2005,"nombre":31},{"preusuel":"PIERRICK","sexe":"m","dpt":"95","annais":2005,"nombre":4},{"preusuel":"QUENTIN","sexe":"m","dpt":"95","annais":2005,"nombre":61},{"preusuel":"RABIA","sexe":"f","dpt":"95","annais":2005,"nombre":3},{"preusuel":"RABIYA","sexe":"f","dpt":"95","annais":2005,"nombre":3},{"preusuel":"RACHEL","sexe":"f","dpt":"95","annais":2005,"nombre":7},{"preusuel":"RAFAEL","sexe":"m","dpt":"95","annais":2005,"nombre":15},{"preusuel":"RAHMA","sexe":"f","dpt":"95","annais":2005,"nombre":6},{"preusuel":"RAMATA","sexe":"f","dpt":"95","annais":2005,"nombre":3},{"preusuel":"RANDY","sexe":"m","dpt":"95","annais":2005,"nombre":4},{"preusuel":"RANIA","sexe":"f","dpt":"95","annais":2005,"nombre":16},{"preusuel":"RAPHAEL","sexe":"m","dpt":"95","annais":2005,"nombre":86},{"preusuel":"RAPHAELLE","sexe":"f","dpt":"95","annais":2005,"nombre":4},{"preusuel":"RAYAN","sexe":"m","dpt":"95","annais":2005,"nombre":89},{"preusuel":"RAYANE","sexe":"m","dpt":"95","annais":2005,"nombre":27},{"preusuel":"RAYANNE","sexe":"m","dpt":"95","annais":2005,"nombre":4},{"preusuel":"REBECCA","sexe":"f","dpt":"95","annais":2005,"nombre":6},{"preusuel":"REDA","sexe":"m","dpt":"95","annais":2005,"nombre":5},{"preusuel":"REDOUANE","sexe":"m","dpt":"95","annais":2005,"nombre":5},{"preusuel":"REDWANE","sexe":"m","dpt":"95","annais":2005,"nombre":5},{"preusuel":"REMI","sexe":"m","dpt":"95","annais":2005,"nombre":18},{"preusuel":"REMY","sexe":"m","dpt":"95","annais":2005,"nombre":4},{"preusuel":"RIAD","sexe":"m","dpt":"95","annais":2005,"nombre":5},{"preusuel":"RIYAD","sexe":"m","dpt":"95","annais":2005,"nombre":8},{"preusuel":"ROBIN","sexe":"m","dpt":"95","annais":2005,"nombre":18},{"preusuel":"ROJIN","sexe":"f","dpt":"95","annais":2005,"nombre":3},{"preusuel":"ROKIA","sexe":"f","dpt":"95","annais":2005,"nombre":3},{"preusuel":"ROMAIN","sexe":"m","dpt":"95","annais":2005,"nombre":46},{"preusuel":"ROMAISSA","sexe":"f","dpt":"95","annais":2005,"nombre":3},{"preusuel":"ROMAN","sexe":"m","dpt":"95","annais":2005,"nombre":8},{"preusuel":"ROMANE","sexe":"f","dpt":"95","annais":2005,"nombre":31},{"preusuel":"ROMEO","sexe":"m","dpt":"95","annais":2005,"nombre":9},{"preusuel":"RONAN","sexe":"m","dpt":"95","annais":2005,"nombre":7},{"preusuel":"ROSE","sexe":"f","dpt":"95","annais":2005,"nombre":6},{"preusuel":"ROXANE","sexe":"f","dpt":"95","annais":2005,"nombre":6},{"preusuel":"RUBEN","sexe":"m","dpt":"95","annais":2005,"nombre":18},{"preusuel":"RUDDY","sexe":"m","dpt":"95","annais":2005,"nombre":3},{"preusuel":"RUDY","sexe":"m","dpt":"95","annais":2005,"nombre":13},{"preusuel":"RUTH","sexe":"f","dpt":"95","annais":2005,"nombre":4},{"preusuel":"RYAD","sexe":"m","dpt":"95","annais":2005,"nombre":7},{"preusuel":"RYAN","sexe":"m","dpt":"95","annais":2005,"nombre":37},{"preusuel":"RYANE","sexe":"m","dpt":"95","annais":2005,"nombre":3},{"preusuel":"SABRI","sexe":"m","dpt":"95","annais":2005,"nombre":9},{"preusuel":"SABRINA","sexe":"f","dpt":"95","annais":2005,"nombre":9},{"preusuel":"SABRINE","sexe":"f","dpt":"95","annais":2005,"nombre":3},{"preusuel":"SACHA","sexe":"f","dpt":"95","annais":2005,"nombre":4},{"preusuel":"SACHA","sexe":"m","dpt":"95","annais":2005,"nombre":35},{"preusuel":"SADIA","sexe":"f","dpt":"95","annais":2005,"nombre":3},{"preusuel":"SADIO","sexe":"m","dpt":"95","annais":2005,"nombre":3},{"preusuel":"SAFA","sexe":"f","dpt":"95","annais":2005,"nombre":4},{"preusuel":"SAFIA","sexe":"f","dpt":"95","annais":2005,"nombre":10},{"preusuel":"SAFIYA","sexe":"f","dpt":"95","annais":2005,"nombre":7},{"preusuel":"SAHRA","sexe":"f","dpt":"95","annais":2005,"nombre":3},{"preusuel":"SALAH-EDDINE","sexe":"m","dpt":"95","annais":2005,"nombre":3},{"preusuel":"SALIM","sexe":"m","dpt":"95","annais":2005,"nombre":5},{"preusuel":"SALMA","sexe":"f","dpt":"95","annais":2005,"nombre":14},{"preusuel":"SALOME","sexe":"f","dpt":"95","annais":2005,"nombre":9},{"preusuel":"SAM","sexe":"m","dpt":"95","annais":2005,"nombre":5},{"preusuel":"SAMANTHA","sexe":"f","dpt":"95","annais":2005,"nombre":15},{"preusuel":"SAMBA","sexe":"m","dpt":"95","annais":2005,"nombre":4},{"preusuel":"SAMI","sexe":"m","dpt":"95","annais":2005,"nombre":12},{"preusuel":"SAMIA","sexe":"f","dpt":"95","annais":2005,"nombre":7},{"preusuel":"SAMIR","sexe":"m","dpt":"95","annais":2005,"nombre":10},{"preusuel":"SAMUEL","sexe":"m","dpt":"95","annais":2005,"nombre":25},{"preusuel":"SAMY","sexe":"m","dpt":"95","annais":2005,"nombre":24},{"preusuel":"SANA","sexe":"f","dpt":"95","annais":2005,"nombre":13},{"preusuel":"SANAA","sexe":"f","dpt":"95","annais":2005,"nombre":5},{"preusuel":"SANDRA","sexe":"f","dpt":"95","annais":2005,"nombre":5},{"preusuel":"SANDY","sexe":"f","dpt":"95","annais":2005,"nombre":5},{"preusuel":"SANIA","sexe":"f","dpt":"95","annais":2005,"nombre":5},{"preusuel":"SARA","sexe":"f","dpt":"95","annais":2005,"nombre":29},{"preusuel":"SARAH","sexe":"f","dpt":"95","annais":2005,"nombre":106},{"preusuel":"SASHA","sexe":"f","dpt":"95","annais":2005,"nombre":6},{"preusuel":"SEAN","sexe":"m","dpt":"95","annais":2005,"nombre":5},{"preusuel":"SEBASTIEN","sexe":"m","dpt":"95","annais":2005,"nombre":11},{"preusuel":"SEKOU","sexe":"m","dpt":"95","annais":2005,"nombre":6},{"preusuel":"SELEN","sexe":"f","dpt":"95","annais":2005,"nombre":5},{"preusuel":"SELENA","sexe":"f","dpt":"95","annais":2005,"nombre":7},{"preusuel":"SELIN","sexe":"f","dpt":"95","annais":2005,"nombre":4},{"preusuel":"SELMA","sexe":"f","dpt":"95","annais":2005,"nombre":18},{"preusuel":"SEMIH","sexe":"m","dpt":"95","annais":2005,"nombre":5},{"preusuel":"SERENA","sexe":"f","dpt":"95","annais":2005,"nombre":7},{"preusuel":"SEYDOU","sexe":"m","dpt":"95","annais":2005,"nombre":3},{"preusuel":"SHADE","sexe":"f","dpt":"95","annais":2005,"nombre":4},{"preusuel":"SHAI","sexe":"m","dpt":"95","annais":2005,"nombre":3},{"preusuel":"SHAIMA","sexe":"f","dpt":"95","annais":2005,"nombre":8},{"preusuel":"SHAINA","sexe":"f","dpt":"95","annais":2005,"nombre":12},{"preusuel":"SHAINEZ","sexe":"f","dpt":"95","annais":2005,"nombre":6},{"preusuel":"SHANA","sexe":"f","dpt":"95","annais":2005,"nombre":10},{"preusuel":"SHANICE","sexe":"f","dpt":"95","annais":2005,"nombre":3},{"preusuel":"SHANNA","sexe":"f","dpt":"95","annais":2005,"nombre":3},{"preusuel":"SHAWN","sexe":"m","dpt":"95","annais":2005,"nombre":5},{"preusuel":"SHAYMA","sexe":"f","dpt":"95","annais":2005,"nombre":6},{"preusuel":"SHAYNA","sexe":"f","dpt":"95","annais":2005,"nombre":6},{"preusuel":"SHELLY","sexe":"f","dpt":"95","annais":2005,"nombre":3},{"preusuel":"SHERAZADE","sexe":"f","dpt":"95","annais":2005,"nombre":4},{"preusuel":"SHERINE","sexe":"f","dpt":"95","annais":2005,"nombre":6},{"preusuel":"SHERYNE","sexe":"f","dpt":"95","annais":2005,"nombre":3},{"preusuel":"SIHAM","sexe":"f","dpt":"95","annais":2005,"nombre":4},{"preusuel":"SILA","sexe":"f","dpt":"95","annais":2005,"nombre":3},{"preusuel":"SIMON","sexe":"m","dpt":"95","annais":2005,"nombre":10},{"preusuel":"SINDY","sexe":"f","dpt":"95","annais":2005,"nombre":3},{"preusuel":"SIRA","sexe":"f","dpt":"95","annais":2005,"nombre":6},{"preusuel":"SIRINE","sexe":"f","dpt":"95","annais":2005,"nombre":17},{"preusuel":"SOFIA","sexe":"f","dpt":"95","annais":2005,"nombre":22},{"preusuel":"SOFIAN","sexe":"m","dpt":"95","annais":2005,"nombre":3},{"preusuel":"SOFIANE","sexe":"m","dpt":"95","annais":2005,"nombre":45},{"preusuel":"SOLEN","sexe":"f","dpt":"95","annais":2005,"nombre":3},{"preusuel":"SOLENE","sexe":"f","dpt":"95","annais":2005,"nombre":22},{"preusuel":"SOLENN","sexe":"f","dpt":"95","annais":2005,"nombre":3},{"preusuel":"SOLINE","sexe":"f","dpt":"95","annais":2005,"nombre":4},{"preusuel":"SONIA","sexe":"f","dpt":"95","annais":2005,"nombre":11},{"preusuel":"SOPHIA","sexe":"f","dpt":"95","annais":2005,"nombre":9},{"preusuel":"SOPHIE","sexe":"f","dpt":"95","annais":2005,"nombre":7},{"preusuel":"SOUHILA","sexe":"f","dpt":"95","annais":2005,"nombre":3},{"preusuel":"SOULEYMANE","sexe":"m","dpt":"95","annais":2005,"nombre":5},{"preusuel":"SOUMAYA","sexe":"f","dpt":"95","annais":2005,"nombre":4},{"preusuel":"STANISLAS","sexe":"m","dpt":"95","annais":2005,"nombre":5},{"preusuel":"STANLEY","sexe":"m","dpt":"95","annais":2005,"nombre":6},{"preusuel":"STELLA","sexe":"f","dpt":"95","annais":2005,"nombre":7},{"preusuel":"STEPHANE","sexe":"m","dpt":"95","annais":2005,"nombre":5},{"preusuel":"STEPHANIE","sexe":"f","dpt":"95","annais":2005,"nombre":6},{"preusuel":"STEVE","sexe":"m","dpt":"95","annais":2005,"nombre":4},{"preusuel":"STEVEN","sexe":"m","dpt":"95","annais":2005,"nombre":7},{"preusuel":"SUZANNE","sexe":"f","dpt":"95","annais":2005,"nombre":7},{"preusuel":"SWANN","sexe":"f","dpt":"95","annais":2005,"nombre":4},{"preusuel":"SYLVAIN","sexe":"m","dpt":"95","annais":2005,"nombre":6},{"preusuel":"SYRINE","sexe":"f","dpt":"95","annais":2005,"nombre":9},{"preusuel":"TAHA","sexe":"m","dpt":"95","annais":2005,"nombre":5},{"preusuel":"TAINA","sexe":"f","dpt":"95","annais":2005,"nombre":6},{"preusuel":"TALIA","sexe":"f","dpt":"95","annais":2005,"nombre":5},{"preusuel":"TALYA","sexe":"f","dpt":"95","annais":2005,"nombre":3},{"preusuel":"TANGUY","sexe":"m","dpt":"95","annais":2005,"nombre":3},{"preusuel":"TARA","sexe":"f","dpt":"95","annais":2005,"nombre":5},{"preusuel":"TAREK","sexe":"m","dpt":"95","annais":2005,"nombre":3},{"preusuel":"TASNIM","sexe":"f","dpt":"95","annais":2005,"nombre":7},{"preusuel":"TASNIME","sexe":"f","dpt":"95","annais":2005,"nombre":8},{"preusuel":"TATIANA","sexe":"f","dpt":"95","annais":2005,"nombre":3},{"preusuel":"TEO","sexe":"m","dpt":"95","annais":2005,"nombre":8},{"preusuel":"TERENCE","sexe":"m","dpt":"95","annais":2005,"nombre":3},{"preusuel":"TERRY","sexe":"m","dpt":"95","annais":2005,"nombre":3},{"preusuel":"TESS","sexe":"f","dpt":"95","annais":2005,"nombre":8},{"preusuel":"TESSA","sexe":"f","dpt":"95","annais":2005,"nombre":8},{"preusuel":"THAIS","sexe":"f","dpt":"95","annais":2005,"nombre":8},{"preusuel":"THEA","sexe":"f","dpt":"95","annais":2005,"nombre":5},{"preusuel":"THEO","sexe":"m","dpt":"95","annais":2005,"nombre":107},{"preusuel":"THEODORE","sexe":"m","dpt":"95","annais":2005,"nombre":4},{"preusuel":"THIBAUD","sexe":"m","dpt":"95","annais":2005,"nombre":7},{"preusuel":"THIBAULT","sexe":"m","dpt":"95","annais":2005,"nombre":20},{"preusuel":"THIBAUT","sexe":"m","dpt":"95","annais":2005,"nombre":10},{"preusuel":"THOMAS","sexe":"m","dpt":"95","annais":2005,"nombre":132},{"preusuel":"TIA","sexe":"f","dpt":"95","annais":2005,"nombre":4},{"preusuel":"TIAGO","sexe":"m","dpt":"95","annais":2005,"nombre":16},{"preusuel":"TIFANY","sexe":"f","dpt":"95","annais":2005,"nombre":4},{"preusuel":"TIFFANY","sexe":"f","dpt":"95","annais":2005,"nombre":7},{"preusuel":"TIM","sexe":"m","dpt":"95","annais":2005,"nombre":5},{"preusuel":"TIMEO","sexe":"m","dpt":"95","annais":2005,"nombre":11},{"preusuel":"TIMOTHE","sexe":"m","dpt":"95","annais":2005,"nombre":8},{"preusuel":"TIMOTHEE","sexe":"m","dpt":"95","annais":2005,"nombre":5},{"preusuel":"TINA","sexe":"f","dpt":"95","annais":2005,"nombre":4},{"preusuel":"TIPHAINE","sexe":"f","dpt":"95","annais":2005,"nombre":6},{"preusuel":"TITOUAN","sexe":"m","dpt":"95","annais":2005,"nombre":14},{"preusuel":"TOM","sexe":"m","dpt":"95","annais":2005,"nombre":71},{"preusuel":"TONY","sexe":"m","dpt":"95","annais":2005,"nombre":13},{"preusuel":"TOSCANE","sexe":"f","dpt":"95","annais":2005,"nombre":3},{"preusuel":"TRACY","sexe":"f","dpt":"95","annais":2005,"nombre":4},{"preusuel":"TRISTAN","sexe":"m","dpt":"95","annais":2005,"nombre":42},{"preusuel":"TUGBA","sexe":"f","dpt":"95","annais":2005,"nombre":3},{"preusuel":"VALENTIN","sexe":"m","dpt":"95","annais":2005,"nombre":49},{"preusuel":"VALENTINE","sexe":"f","dpt":"95","annais":2005,"nombre":19},{"preusuel":"VANESSA","sexe":"f","dpt":"95","annais":2005,"nombre":3},{"preusuel":"VICTOR","sexe":"m","dpt":"95","annais":2005,"nombre":17},{"preusuel":"VICTORIA","sexe":"f","dpt":"95","annais":2005,"nombre":18},{"preusuel":"VINCENT","sexe":"m","dpt":"95","annais":2005,"nombre":24},{"preusuel":"VIRGILE","sexe":"m","dpt":"95","annais":2005,"nombre":3},{"preusuel":"VIVIEN","sexe":"m","dpt":"95","annais":2005,"nombre":4},{"preusuel":"WAEL","sexe":"m","dpt":"95","annais":2005,"nombre":5},{"preusuel":"WAIL","sexe":"m","dpt":"95","annais":2005,"nombre":3},{"preusuel":"WALID","sexe":"m","dpt":"95","annais":2005,"nombre":16},{"preusuel":"WARREN","sexe":"m","dpt":"95","annais":2005,"nombre":8},{"preusuel":"WASSIM","sexe":"m","dpt":"95","annais":2005,"nombre":15},{"preusuel":"WENDY","sexe":"f","dpt":"95","annais":2005,"nombre":9},{"preusuel":"WESLEY","sexe":"m","dpt":"95","annais":2005,"nombre":8},{"preusuel":"WILFRID","sexe":"m","dpt":"95","annais":2005,"nombre":3},{"preusuel":"WILLEM","sexe":"m","dpt":"95","annais":2005,"nombre":3},{"preusuel":"WILLIAM","sexe":"m","dpt":"95","annais":2005,"nombre":32},{"preusuel":"WILSON","sexe":"m","dpt":"95","annais":2005,"nombre":5},{"preusuel":"WISSAM","sexe":"m","dpt":"95","annais":2005,"nombre":7},{"preusuel":"YACINE","sexe":"m","dpt":"95","annais":2005,"nombre":18},{"preusuel":"YAEL","sexe":"f","dpt":"95","annais":2005,"nombre":3},{"preusuel":"YAEL","sexe":"m","dpt":"95","annais":2005,"nombre":3},{"preusuel":"YAMINA","sexe":"f","dpt":"95","annais":2005,"nombre":4},{"preusuel":"YANI","sexe":"m","dpt":"95","annais":2005,"nombre":4},{"preusuel":"YANIS","sexe":"m","dpt":"95","annais":2005,"nombre":87},{"preusuel":"YANISS","sexe":"m","dpt":"95","annais":2005,"nombre":3},{"preusuel":"YANN","sexe":"m","dpt":"95","annais":2005,"nombre":24},{"preusuel":"YANNICK","sexe":"m","dpt":"95","annais":2005,"nombre":3},{"preusuel":"YANNIS","sexe":"m","dpt":"95","annais":2005,"nombre":10},{"preusuel":"YASIN","sexe":"m","dpt":"95","annais":2005,"nombre":4},{"preusuel":"YASMINA","sexe":"f","dpt":"95","annais":2005,"nombre":3},{"preusuel":"YASMINE","sexe":"f","dpt":"95","annais":2005,"nombre":50},{"preusuel":"YASSER","sexe":"m","dpt":"95","annais":2005,"nombre":3},{"preusuel":"YASSIN","sexe":"m","dpt":"95","annais":2005,"nombre":8},{"preusuel":"YASSINE","sexe":"m","dpt":"95","annais":2005,"nombre":26},{"preusuel":"YAZID","sexe":"m","dpt":"95","annais":2005,"nombre":3},{"preusuel":"YLAN","sexe":"m","dpt":"95","annais":2005,"nombre":5},{"preusuel":"YLIES","sexe":"m","dpt":"95","annais":2005,"nombre":3},{"preusuel":"YOAN","sexe":"m","dpt":"95","annais":2005,"nombre":11},{"preusuel":"YOANN","sexe":"m","dpt":"95","annais":2005,"nombre":7},{"preusuel":"YOHAN","sexe":"m","dpt":"95","annais":2005,"nombre":17},{"preusuel":"YOHANN","sexe":"m","dpt":"95","annais":2005,"nombre":10},{"preusuel":"YONA","sexe":"f","dpt":"95","annais":2005,"nombre":3},{"preusuel":"YOUCEF","sexe":"m","dpt":"95","annais":2005,"nombre":4},{"preusuel":"YOUNES","sexe":"m","dpt":"95","annais":2005,"nombre":31},{"preusuel":"YOUSRA","sexe":"f","dpt":"95","annais":2005,"nombre":13},{"preusuel":"YOUSSEF","sexe":"m","dpt":"95","annais":2005,"nombre":14},{"preusuel":"YOUSSOUF","sexe":"m","dpt":"95","annais":2005,"nombre":6},{"preusuel":"YOUSSRA","sexe":"f","dpt":"95","annais":2005,"nombre":3},{"preusuel":"YUNA","sexe":"f","dpt":"95","annais":2005,"nombre":3},{"preusuel":"YUNUS","sexe":"m","dpt":"95","annais":2005,"nombre":4},{"preusuel":"YUSUF","sexe":"m","dpt":"95","annais":2005,"nombre":7},{"preusuel":"ZAHRA","sexe":"f","dpt":"95","annais":2005,"nombre":5},{"preusuel":"ZAKARIA","sexe":"m","dpt":"95","annais":2005,"nombre":18},{"preusuel":"ZAKARIYA","sexe":"m","dpt":"95","annais":2005,"nombre":6},{"preusuel":"ZAYNAB","sexe":"f","dpt":"95","annais":2005,"nombre":3},{"preusuel":"ZEYNEB","sexe":"f","dpt":"95","annais":2005,"nombre":3},{"preusuel":"ZEYNEP","sexe":"f","dpt":"95","annais":2005,"nombre":3},{"preusuel":"ZINA","sexe":"f","dpt":"95","annais":2005,"nombre":5},{"preusuel":"ZINEB","sexe":"f","dpt":"95","annais":2005,"nombre":3},{"preusuel":"ZINEDINE","sexe":"m","dpt":"95","annais":2005,"nombre":5},{"preusuel":"ZIYAD","sexe":"m","dpt":"95","annais":2005,"nombre":3},{"preusuel":"ZOE","sexe":"f","dpt":"95","annais":2005,"nombre":27}]