Id,YearBuilt,YearRemodAdd,BsmtUnfSF,TotalBsmtSF,1stFlrSF,2ndFlrSF,BedroomAbvGr,KitchenAbvGr,FullBath,HalfBath,TotRmsAbvGrd,GarageCars,GarageArea,NbChildren,SalePrice
1,2003,2003,150,856,856,854,3,1,2,1,8,2,548,2,208500
2,1976,1976,284,1262,1262,0,3,1,2,0,6,2,460,0,181500
3,2001,2002,434,920,920,866,3,1,2,1,6,2,608,4,223500
4,1915,1970,540,756,961,756,3,1,1,0,7,3,642,4,140000
5,2000,2000,490,1145,1145,1053,4,1,2,1,9,3,836,5,250000
6,1993,1995,64,796,796,566,1,1,1,1,5,2,480,2,143000
7,2004,2005,317,1686,1694,0,3,1,2,0,7,2,636,2,307000
8,1973,1973,216,1107,1107,983,3,1,2,1,7,2,484,5,200000
9,1931,1950,952,952,1022,752,2,2,2,0,8,2,468,4,129900
10,1939,1950,140,991,1077,0,2,2,1,0,5,1,205,6,118000
11,1965,1965,134,1040,1040,0,3,1,1,0,5,1,384,6,129500
12,2005,2006,177,1175,1182,1142,4,1,3,0,11,3,736,2,345000
13,1962,1962,175,912,912,0,2,1,1,0,4,1,352,1,144000
14,2006,2007,1494,1494,1494,0,3,1,2,0,7,3,840,2,279500
15,1960,1960,520,1253,1253,0,2,1,1,1,5,1,352,1,157000
16,1929,2001,832,832,854,0,2,1,1,0,5,2,576,0,132000
17,1970,1970,426,1004,1004,0,2,1,1,0,5,2,480,5,149000
18,1967,1967,0,0,1296,0,2,2,2,0,6,2,516,3,90000
19,2004,2004,468,1114,1114,0,3,1,1,1,6,2,576,5,159000
20,1958,1965,525,1029,1339,0,3,1,1,0,6,1,294,3,139000
21,2005,2006,1158,1158,1158,1218,4,1,3,1,9,3,853,3,325300
22,1930,1950,637,637,1108,0,3,1,1,0,6,1,280,5,139400
23,2002,2002,1777,1777,1795,0,3,1,2,0,7,2,534,5,230000
24,1976,1976,200,1040,1060,0,3,1,1,0,6,2,572,6,129900
25,1968,2001,204,1060,1060,0,3,1,1,0,6,1,270,5,154000
26,2007,2007,1566,1566,1600,0,3,1,2,0,7,3,890,1,256300
27,1951,2000,180,900,900,0,3,1,1,0,5,2,576,1,134800
28,2007,2008,486,1704,1704,0,3,1,2,0,7,3,772,6,306000
29,1957,1997,207,1484,1600,0,2,1,1,0,6,1,319,0,207500
30,1927,1950,520,520,520,0,1,1,1,0,4,1,240,5,68500
31,1920,1950,649,649,649,668,3,1,1,0,6,1,250,6,40000
32,1966,2006,1228,1228,1228,0,3,1,1,1,6,1,271,4,149350
33,2007,2007,1234,1234,1234,0,3,1,2,0,7,2,484,4,179900
34,1959,1959,380,1398,1700,0,4,1,1,1,6,2,447,0,165500
35,2005,2005,408,1561,1561,0,2,1,2,0,6,2,556,4,277500
36,2004,2005,1117,1117,1132,1320,4,1,3,1,9,3,691,0,309000
37,1994,1995,1097,1097,1097,0,3,1,1,1,6,2,672,5,145000
38,1954,1990,84,1297,1297,0,3,1,1,0,5,2,498,1,153000
39,1953,2007,326,1057,1057,0,3,1,1,0,5,1,246,1,109000
40,1955,1955,0,0,1152,0,2,2,2,0,6,0,0,3,82000
41,1965,1965,445,1088,1324,0,3,1,2,0,6,2,440,2,160000
42,1959,1959,383,1350,1328,0,2,1,1,1,5,1,308,3,170000
43,1983,1983,0,840,884,0,2,1,1,0,5,2,504,5,144000
44,1975,1980,167,938,938,0,3,1,1,0,5,1,308,5,130250
45,1959,1959,465,1150,1150,0,3,1,1,0,6,1,300,1,141000
46,2005,2005,1296,1752,1752,0,2,1,2,0,6,2,576,5,319900
47,2003,2003,83,1434,1518,631,1,1,1,1,6,2,670,1,239686
48,2006,2006,1632,1656,1656,0,3,1,2,0,7,3,826,1,249700
49,1920,2008,736,736,736,716,2,3,2,0,8,0,0,6,113000
50,1966,1966,192,955,955,0,3,1,1,0,6,1,386,3,127000
51,1997,1997,612,794,794,676,3,1,2,0,6,2,388,3,177000
52,1934,1950,816,816,816,0,3,1,1,0,6,2,528,1,114500
53,1963,1963,0,816,816,0,2,1,1,0,5,2,516,3,110000
54,1981,1987,32,1842,1842,0,0,1,0,1,5,3,894,0,385000
55,1955,1955,0,384,1360,0,3,1,1,0,6,2,572,3,130000
56,1964,1964,935,1425,1425,0,3,1,2,0,7,2,576,0,180500
57,1999,2000,321,970,983,756,3,1,2,1,7,2,480,1,172500
58,2004,2004,860,860,860,860,3,1,2,1,7,2,565,2,196500
59,2006,2006,1410,1410,1426,1519,3,1,3,1,10,3,641,3,438780
60,1972,1972,148,780,780,0,2,1,1,0,4,1,352,1,124900
61,2004,2004,217,1158,1158,0,3,1,1,1,5,2,576,4,158000
62,1920,1996,530,530,581,530,3,1,1,0,6,1,288,4,101000
63,2006,2006,1346,1370,1370,0,2,1,2,0,6,2,484,2,202500
64,1921,1950,576,576,902,808,3,1,2,0,9,2,480,0,140000
65,1997,1998,318,1057,1057,977,3,1,2,1,8,2,645,1,219500
66,2004,2005,1143,1143,1143,1330,4,1,2,1,9,3,852,1,317000
67,1970,1989,1035,1947,2207,0,3,1,2,0,7,2,576,0,180000
68,2003,2003,440,1453,1479,0,3,1,2,0,7,2,558,1,226000
69,1945,1950,747,747,747,0,2,1,1,0,4,1,220,5,80000
70,1953,1953,701,1304,1304,983,3,1,2,0,7,2,667,4,225000
71,1973,1973,343,2223,2223,0,3,1,2,0,8,2,516,0,244000
72,1982,2006,280,845,845,0,2,1,1,0,4,2,360,1,129500
73,1998,1998,832,832,885,833,3,1,2,1,7,2,427,2,185000
74,1954,2003,404,1086,1086,0,3,1,1,0,6,2,490,5,144900
75,1915,1950,840,840,840,765,3,2,2,0,8,1,379,6,107400
76,1973,1973,0,462,526,462,2,1,1,0,5,1,297,6,91000
77,1956,1956,724,952,952,0,2,1,1,0,4,1,283,4,135750
78,1948,2001,295,672,1072,213,2,1,1,0,6,1,240,6,127000
79,1968,1968,1768,1768,1768,0,4,2,2,0,8,0,0,5,136500
80,1910,1981,440,440,682,548,2,1,1,1,5,2,440,1,110000
81,1968,1968,448,896,1182,960,4,1,2,1,8,1,509,4,193500
82,1998,1998,36,1237,1337,0,2,1,2,0,5,2,405,0,153500
83,2007,2007,1530,1563,1563,0,3,1,2,0,6,3,758,2,245000
84,1960,1960,1065,1065,1065,0,3,1,1,1,6,2,461,6,126500
85,1995,1996,384,384,804,670,3,1,2,1,7,2,400,0,168500
86,1991,1992,1288,1288,1301,1116,4,1,2,1,9,2,462,0,260000
87,2005,2005,684,684,684,876,3,1,2,1,6,2,400,4,174000
88,2009,2009,612,612,612,612,2,1,2,1,4,2,528,4,164500
89,1915,1982,1013,1013,1013,0,2,1,1,0,6,0,0,1,85000
90,1994,1995,402,990,990,0,3,1,1,0,5,0,0,5,123600
91,1950,1950,0,0,1040,0,2,1,1,0,4,2,420,5,109900
92,1961,1961,635,1235,1235,0,2,1,1,0,6,2,480,1,98600
93,1921,2006,163,876,964,0,2,1,1,0,5,2,432,0,163500
94,1910,1998,168,1214,1260,1031,4,2,2,0,9,2,506,5,133900
95,1997,1997,176,824,905,881,3,1,2,1,7,2,684,0,204750
96,1993,1993,370,680,680,790,3,1,2,1,6,2,420,1,185000
97,1999,1999,426,1588,1588,0,3,1,2,0,6,2,472,0,214000
98,1965,1965,440,960,960,0,3,1,1,0,6,1,432,1,94750
99,1920,1950,350,458,835,0,2,1,1,0,5,1,366,0,83000
100,1959,1959,381,950,1225,0,3,1,1,1,6,0,0,6,1280950
101,1977,2001,410,1610,1610,0,3,1,2,0,6,2,480,1,205000
102,1985,1985,741,741,977,755,3,1,2,1,7,2,476,3,178000
103,1979,1979,0,0,1535,0,4,2,2,0,8,2,410,2,118964
104,2009,2009,1226,1226,1226,0,3,1,2,0,6,3,740,4,198900
105,1931,1950,816,1040,1226,592,4,1,1,1,7,1,240,1,169500
106,2003,2004,1053,1053,1053,939,3,1,2,1,9,2,648,2,250000
107,1885,1995,641,641,1047,0,2,1,1,0,6,1,273,1,100000
108,1948,1950,516,789,789,0,2,1,1,0,5,1,250,1,115000
109,1919,2005,793,793,997,520,3,1,2,0,7,0,0,3,115000
110,1977,1977,1139,1844,1844,0,3,1,2,0,7,2,546,5,190000
111,1954,1972,550,994,1216,639,4,1,2,0,7,1,325,0,136900
112,2000,2000,134,384,774,656,3,1,2,1,7,2,400,0,180000
113,2007,2007,280,1264,1282,1414,4,1,2,1,10,3,792,5,383970
114,1953,1953,905,1809,2259,0,3,1,2,0,7,2,450,2,217000
115,1945,2002,104,1028,1436,884,3,1,2,1,9,1,180,2,259500
116,1999,1999,310,729,729,729,2,1,2,1,5,2,440,1,176000
117,1962,1962,252,1092,1092,0,3,1,1,0,6,1,288,4,139000
118,2006,2007,1125,1125,1125,0,2,1,1,1,5,2,430,0,155000
119,1990,1990,203,1673,1699,1523,5,1,3,0,11,3,594,3,320000
120,2005,2006,728,728,728,728,3,1,2,1,8,2,390,6,163990
121,1969,1969,0,938,988,0,1,1,1,0,4,2,540,4,180000
122,1939,1950,732,732,772,351,3,1,1,0,4,1,264,5,100000
123,1958,1958,510,1080,1080,0,3,1,1,0,5,1,288,5,136000
124,1993,1993,899,1199,1199,0,2,1,2,0,5,2,530,1,153900
125,1979,1998,1362,1362,1586,0,3,1,2,0,7,2,435,4,181000
126,1935,1982,30,520,520,0,2,1,1,0,5,0,0,0,84500
127,1976,1976,958,1078,958,0,2,1,2,0,5,2,440,0,128000
128,1930,1950,556,672,840,0,3,1,1,0,5,0,0,6,87000
129,1966,1966,148,660,660,688,3,1,1,1,6,2,453,6,155000
130,1958,1991,413,1008,1053,0,3,1,1,1,6,2,750,6,150000
131,1966,1966,479,924,1216,941,4,1,2,1,8,2,487,4,226000
132,2000,2000,297,992,1022,1032,3,1,2,1,7,2,390,3,244000
133,1959,2002,658,1063,1327,0,3,1,1,0,7,2,624,5,150750
134,2001,2002,262,1267,1296,0,2,1,2,0,6,2,471,5,220000
135,1968,1993,891,1461,1721,0,3,1,2,1,7,2,440,4,1180000
136,1970,1970,1304,1304,1682,0,3,1,2,0,7,2,530,5,174000
137,1967,1967,519,1214,1214,0,3,1,2,0,5,1,318,5,143000
138,1988,1989,1907,1907,1959,0,5,2,3,0,9,3,766,0,171000
139,1999,2000,336,1004,1004,848,3,1,2,1,7,3,660,3,230000
140,1997,1997,107,928,928,836,3,1,2,1,7,2,470,4,231500
141,1971,1971,432,864,864,0,3,1,1,0,5,0,0,0,115000
142,2005,2005,434,1734,1734,0,3,1,2,0,7,2,660,0,260000
143,1952,1952,403,910,910,475,4,1,2,0,6,2,720,2,166000
144,1999,1999,811,1490,1501,0,3,1,2,0,6,2,577,6,204000
145,1963,1963,396,1728,1728,0,6,2,2,0,10,2,504,4,125000
146,2004,2006,970,970,970,739,3,1,2,0,7,2,380,2,130000
147,1931,1993,506,715,875,0,2,1,1,0,5,1,180,5,105000
148,2001,2001,884,884,884,1151,3,1,2,1,8,2,434,5,222500
149,2004,2005,400,1080,1080,0,3,1,1,0,6,0,0,4,141000
150,1936,1950,896,896,896,448,3,1,1,0,7,1,240,1,115000
151,1975,1975,253,969,969,0,3,1,1,1,5,2,440,4,122000
152,2007,2008,310,1710,1710,0,2,1,2,0,6,3,866,0,372402
153,1971,1971,409,825,1097,896,4,1,2,1,8,2,495,3,190000
154,1960,1975,93,1602,1252,0,1,1,1,0,4,2,564,0,235000
155,1923,1950,1200,1200,1200,0,4,1,1,0,7,1,312,0,125000
156,1924,1950,572,572,572,524,2,1,1,0,5,0,0,4,79000
157,1950,1950,0,0,1040,0,2,1,1,0,5,2,625,0,109500
158,2009,2010,774,774,774,1194,4,1,2,1,8,3,680,4,269500
159,2004,2005,769,991,991,956,3,1,2,1,8,2,678,0,254900
160,2005,2006,1335,1392,1392,1070,4,1,2,1,9,2,576,6,320000
161,1984,1984,572,1232,1232,0,3,1,2,0,6,2,516,1,162500
162,2003,2004,556,1572,1572,1096,3,1,2,1,10,3,726,5,412500
163,2005,2005,340,1541,1541,0,3,1,2,0,7,2,532,6,220000
164,1956,1956,882,882,882,0,1,1,1,0,4,0,0,5,103200
165,1926,2004,779,1149,1149,467,3,1,2,0,5,1,216,0,152000
166,1940,1999,112,644,808,547,4,2,2,0,6,0,0,1,127500
167,1955,1993,470,1617,1867,0,2,1,1,0,7,1,303,2,190000
168,2007,2007,294,1582,1610,551,3,1,1,1,8,3,789,1,325624
169,2004,2004,840,840,840,880,3,1,2,1,7,2,440,4,183500
170,1981,1981,1686,1686,1707,0,2,1,2,1,6,2,511,4,228000
171,1941,1950,360,720,854,0,2,1,1,1,7,2,660,5,128500
172,1960,1960,441,1080,1656,0,3,1,1,0,7,2,528,1,215000
173,1987,1987,354,1064,1064,703,2,1,2,0,5,2,504,0,239000
174,1961,1961,700,1362,1362,0,3,1,1,1,6,2,504,6,163000
175,1986,1986,0,1606,1651,0,3,1,2,0,7,2,616,2,184000
176,1950,2001,725,1202,2158,0,4,1,2,0,7,2,576,3,243000
177,1988,1989,320,1151,1164,896,4,1,2,1,8,2,521,5,211000
178,1958,1958,554,1052,1252,668,4,1,2,0,8,2,451,1,172500
179,2008,2009,312,2216,2234,0,1,1,2,0,9,3,1166,2,501837
180,1923,2006,968,968,968,0,2,1,1,0,5,2,480,0,100000
181,2000,2000,320,756,769,756,3,1,2,1,5,2,440,2,177000
182,1920,1950,441,793,901,901,4,1,1,1,9,1,216,1,200100
183,1957,2006,0,0,1340,0,3,1,1,0,7,1,252,6,120000
184,2003,2003,1362,1362,1362,720,3,1,2,1,6,2,484,5,200000
185,1908,1991,504,504,936,316,3,1,1,0,5,2,576,4,127000
186,1892,1993,1107,1107,1518,1518,4,1,2,1,12,3,840,4,475000
187,1990,1991,577,1188,1217,0,3,1,2,0,6,2,497,3,173000
188,1916,1987,660,660,808,704,3,1,2,1,8,1,180,3,135000
189,1979,1979,0,1086,1224,0,2,2,0,2,6,2,528,3,153337
190,2001,2002,440,1593,1593,0,0,1,1,1,5,2,682,0,286000
191,1932,1994,556,853,1549,1178,3,1,2,1,10,2,440,0,315000
192,1972,2004,99,725,725,754,4,1,1,1,7,2,484,1,184000
193,1999,1999,871,1431,1431,0,3,1,2,0,6,2,666,3,192000
194,2004,2004,970,970,970,739,3,1,2,0,7,2,380,5,130000
195,1972,1972,474,864,864,0,3,1,1,0,5,1,352,4,127000
196,1976,1976,289,855,855,601,3,1,2,1,7,2,440,4,148500
197,2007,2007,600,1726,1726,0,3,1,2,0,8,3,786,6,311872
198,1918,1990,140,1360,1360,1360,4,1,2,0,8,2,795,1,235000
199,1912,1950,755,755,929,929,5,1,1,0,8,0,0,1,104000
200,2004,2005,625,1713,1713,0,3,1,2,0,7,3,856,4,274900
201,2003,2004,1121,1121,1121,0,2,1,2,0,5,2,440,4,140000
202,1977,1977,276,1196,1279,0,3,1,2,0,6,2,473,6,171500
203,1924,1950,0,617,865,445,2,1,2,0,6,1,398,0,112000
204,2004,2004,186,848,848,0,1,1,1,0,3,2,420,5,149000
205,1947,1950,408,720,720,564,2,1,1,1,5,1,240,3,110000
206,1990,1990,1424,1424,1442,0,3,1,2,0,5,2,500,1,180500
207,1962,1962,1140,1140,1696,0,3,1,1,1,8,1,349,3,143900
208,1960,1960,375,1100,1100,0,3,1,1,0,6,1,312,5,141000
209,1988,1989,92,1157,1180,882,3,1,2,1,7,2,454,3,277000
210,1964,1964,305,1092,1092,0,3,1,1,0,6,2,504,4,145000
211,1925,1950,396,864,864,0,2,1,1,0,5,0,0,2,98000
212,2009,2009,1176,1212,1212,0,3,1,2,0,6,2,460,0,186000
213,2009,2009,78,900,932,920,3,1,2,1,7,2,644,5,252678
214,1995,1995,274,990,990,0,3,1,1,0,5,2,576,4,156000
215,1977,1977,311,689,689,703,3,1,1,1,6,1,299,6,161750
216,1957,1996,710,1070,1236,0,2,1,1,0,6,1,447,1,134450
217,2004,2004,490,1436,1436,0,3,1,2,0,8,2,484,5,210000
218,1925,1950,686,686,810,518,3,1,1,0,8,1,210,2,107000
219,1939,2006,457,798,1137,817,3,1,1,1,8,2,431,5,311500
220,2005,2006,1232,1248,1248,0,2,1,2,0,5,2,438,6,167240
221,2006,2006,1498,1498,1498,0,2,1,2,0,5,2,675,2,204900
222,2002,2002,1010,1010,1010,1257,4,1,2,1,8,2,390,1,200000
223,1975,1975,163,713,811,741,3,1,2,1,6,2,434,5,179900
224,1971,1971,160,864,864,0,2,1,1,0,4,2,576,4,97000
225,2003,2003,2336,2392,2392,0,3,1,2,0,8,3,968,6,386250
226,1971,1971,630,630,630,672,3,1,2,1,6,1,280,6,112000
227,1995,1995,638,1203,1214,1306,4,1,2,1,9,3,721,2,290000
228,1970,1970,162,483,483,504,2,1,1,1,5,1,280,2,106000
229,1967,1967,70,912,912,0,3,1,1,0,5,1,336,1,125000
230,2005,2006,1357,1373,1555,0,2,1,2,0,7,2,430,0,192500
231,1959,1959,1194,1194,1194,0,3,1,1,0,6,1,312,3,148000
232,1995,1996,773,1462,1490,1304,4,1,2,1,9,3,810,6,403000
233,1972,1972,483,483,483,504,2,1,1,1,5,1,288,2,2094500
234,1976,1976,0,894,894,0,3,1,1,0,5,1,308,0,128200
235,2002,2002,235,860,860,1100,4,1,2,1,8,2,440,2,216500
236,1971,1971,125,483,483,504,2,1,1,1,5,1,264,6,89500
237,2004,2004,1390,1414,1414,0,3,1,2,0,6,2,494,3,185500
238,1993,2003,594,996,1014,730,3,1,2,1,7,2,457,0,194500
239,2007,2007,1694,1694,1694,0,3,1,2,0,7,3,818,2,318000
240,1945,1950,641,735,798,689,3,1,1,1,7,1,220,3,113000
241,2008,2008,488,1566,1566,0,3,1,2,0,7,2,750,2,262500
242,1945,1997,357,686,866,0,2,1,1,0,4,0,0,5,110500
243,1900,1950,540,540,889,551,3,1,1,0,6,1,352,1,79000
244,1980,1980,626,626,626,591,3,1,1,1,6,1,288,5,120000
245,1994,2002,253,948,1222,888,3,1,2,1,8,2,463,0,205000
246,1988,1988,916,1845,1872,0,3,1,2,0,6,2,604,3,241500
247,1910,1950,1020,1020,908,1020,4,2,2,0,9,1,440,1,137000
248,1954,1954,1367,1367,1375,0,2,1,1,0,5,2,451,6,140000
249,2003,2003,840,840,840,828,3,1,2,1,8,2,500,5,180000
250,1958,2006,747,1444,1444,700,4,1,2,0,7,2,389,1,277000
251,1940,1966,728,728,1306,0,3,1,1,0,6,0,0,3,76500
252,2006,2007,0,1573,1625,0,2,1,2,0,5,2,538,3,235000
253,2004,2004,798,798,798,842,3,1,2,1,6,2,520,1,173000
254,1964,1991,452,1302,1302,0,3,1,2,0,7,1,309,5,158000
255,1957,1957,392,1314,1314,0,3,1,1,0,5,1,294,5,145000
256,1999,1999,975,975,1005,1286,4,1,2,1,8,2,429,2,230000
257,2003,2003,361,864,864,864,3,1,2,1,7,2,673,5,207500
258,2006,2006,270,1604,1604,0,3,1,2,1,8,2,660,5,220000
259,2001,2001,602,963,963,829,3,1,2,1,7,2,564,3,231500
260,1956,1956,0,0,882,0,2,1,1,0,4,1,308,4,97000
261,1962,1962,0,1362,1382,0,3,1,1,0,6,2,884,4,176000
262,2007,2007,1482,1482,1482,1092,3,1,2,1,10,3,868,0,276000
263,1977,1995,0,506,1212,0,3,1,1,0,6,2,492,3,151000
264,1929,2001,0,926,926,0,3,1,1,0,6,2,484,0,130000
265,1925,2004,680,680,764,0,2,1,1,0,4,2,504,0,73000
266,1981,1981,606,1422,1422,0,3,1,2,0,7,2,576,2,175500
267,1997,1997,88,802,802,709,3,1,2,1,8,2,413,6,185000
268,1939,1997,342,720,1052,720,4,1,2,1,8,1,240,2,179500
269,1940,1955,212,740,778,0,2,1,1,0,4,1,924,0,120500
270,1976,1976,392,1143,1113,0,3,1,1,1,6,1,504,3,148000
271,2006,2006,1095,1095,1095,844,3,1,2,1,8,3,1053,0,266000
272,1954,2005,96,1385,1363,0,2,1,1,0,5,2,439,4,241500
273,1999,2007,628,1152,1164,1106,4,1,2,1,9,3,671,2,290000
274,1958,1988,0,1240,1632,0,3,1,2,0,6,1,338,1,139000
275,1982,1982,270,816,816,0,2,1,1,0,5,1,264,3,124500
276,1925,2007,952,952,952,596,3,1,2,1,5,2,672,0,205000
277,2003,2003,1560,1560,1560,0,3,1,2,0,7,2,573,0,201000
278,1951,1951,744,864,864,0,2,1,1,0,4,2,400,2,141000
279,2006,2007,2121,2121,2121,0,3,1,2,1,8,3,732,6,415298
280,1977,1977,768,1160,1156,866,4,1,2,1,8,2,505,0,192000
281,1989,1989,386,807,1175,807,3,1,2,1,7,2,575,5,228500
282,2006,2006,357,1262,1262,0,2,1,2,0,5,2,572,1,185000
283,2007,2008,410,1314,1314,0,2,1,2,0,6,2,626,4,207500
284,2008,2009,1468,1468,1468,0,3,1,2,0,6,3,898,2,244600
285,1992,1992,1145,1575,1575,0,2,1,2,0,5,2,529,4,179200
286,2006,2007,625,625,625,625,2,1,2,1,5,2,528,6,164700
287,1962,1981,312,912,1085,649,3,1,1,1,7,2,440,3,159000
288,1971,1971,244,858,858,0,3,1,1,0,5,0,0,0,88000
289,1967,1967,432,882,900,0,3,1,1,0,5,1,280,0,122000
290,1915,2003,698,698,698,698,3,1,1,0,7,1,384,3,153575
291,2006,2006,1079,1079,1079,840,3,1,2,1,8,2,685,6,233230
292,1912,2000,570,780,936,780,6,1,2,0,9,0,0,0,135900
293,1949,2008,476,768,1148,568,3,1,1,1,8,1,281,6,131000
294,1977,1994,0,795,1468,795,3,1,2,1,9,2,539,2,235000
295,1953,1953,131,1416,1644,0,3,1,1,0,7,2,418,3,167000
296,1984,1984,184,1003,1003,0,3,1,1,0,6,2,588,5,142500
297,1950,1950,490,910,910,648,4,1,1,1,6,1,282,1,152000
298,1997,1998,326,975,975,975,3,1,2,1,7,2,576,0,239000
299,1968,1968,143,702,1041,702,3,1,1,2,7,2,539,3,175000
300,1950,2004,1092,1092,1152,0,3,1,1,0,6,1,300,1,158500
301,1953,1953,324,1165,1336,0,2,1,1,0,5,1,375,5,157000
302,1998,1999,747,1028,1210,1242,4,1,2,1,9,2,683,6,267000
303,2001,2002,1541,1541,1541,0,3,1,2,0,6,3,843,6,205000
304,1972,1972,0,894,894,0,3,1,1,0,5,2,552,6,149900
305,1880,2002,1470,1470,1675,1818,3,1,3,0,10,3,870,5,295000
306,2004,2005,536,2000,2000,0,3,1,2,0,8,3,888,3,305900
307,1990,1991,0,700,1122,1121,4,1,2,1,8,3,746,0,225000
308,1920,1950,319,319,1035,371,3,1,1,0,6,0,0,6,89500
309,1940,1950,599,861,861,0,1,1,1,0,4,2,539,0,82500
310,2003,2004,622,1896,1944,0,3,1,2,0,8,3,708,4,360000
311,1993,1994,179,697,697,804,3,1,2,1,6,2,420,4,165600
312,1948,2002,292,972,972,0,2,1,1,0,5,1,240,0,132000
313,1939,1950,286,793,793,325,3,1,1,0,5,2,410,3,119900
314,1965,1965,80,2136,2036,0,3,1,2,0,8,2,513,5,375000
315,1925,1990,712,728,832,809,3,1,1,1,6,2,546,1,178000
316,2004,2005,291,716,716,716,3,1,2,1,6,2,432,3,188500
317,1980,1980,153,845,1153,1200,4,1,2,1,10,2,484,0,260000
318,2006,2006,1088,1088,1088,871,3,1,2,1,8,3,1025,6,270000
319,1993,1993,360,1347,1372,1274,4,1,2,1,9,3,656,0,260000
320,1980,1980,336,1372,1472,0,3,1,2,0,6,2,588,1,187500
321,2006,2006,1249,1249,1249,1347,4,1,3,1,9,3,840,0,342643
322,2004,2004,166,1136,1136,1332,4,1,2,1,10,3,872,6,354000
323,1986,1987,0,1502,1553,1177,4,1,2,1,8,2,576,6,301000
324,1955,2005,906,1162,1163,0,3,1,1,0,6,1,220,1,126175
325,1967,2007,710,710,1898,1080,5,1,2,1,11,2,564,5,242000
326,1941,1950,604,720,803,0,2,1,1,0,5,2,360,2,87000
327,1993,1993,100,1719,1719,0,1,1,1,1,6,2,473,1,324000
328,1960,1960,818,1383,1383,0,3,1,1,1,7,1,292,4,145250
329,1916,1994,844,844,1445,689,5,1,2,0,10,2,441,4,214500
330,1920,1950,596,596,596,596,3,1,1,0,6,1,189,3,78000
331,1964,1964,1424,1728,1728,0,6,2,2,0,10,1,352,5,119000
332,1958,1992,210,1056,1056,0,3,1,1,0,6,1,308,0,139000
333,2003,2004,1603,3206,1629,0,3,1,2,0,7,3,880,1,284000
334,2004,2004,638,1358,1358,0,2,1,2,0,6,2,484,4,207000
335,1998,1998,115,943,943,695,3,1,2,1,7,2,472,3,192000
336,1965,1965,103,1499,1619,167,3,1,2,0,7,2,529,2,228950
337,2005,2006,673,1922,1922,0,3,1,2,0,8,3,676,2,377426
338,2002,2003,726,1536,1536,0,3,1,2,0,7,2,532,4,214000
339,1984,1998,995,1208,1621,0,3,1,2,0,8,2,440,1,202500
340,1958,1998,630,1215,1215,0,3,1,1,0,6,1,297,5,155000
341,2002,2002,967,967,993,915,4,1,2,1,9,2,431,2,202900
342,1950,1950,721,721,841,0,2,1,1,0,4,1,294,5,82000
343,1949,1950,0,0,1040,0,2,2,2,0,6,2,400,0,87500
344,2005,2005,1656,1684,1684,0,2,1,2,0,6,2,564,6,266000
345,1976,1976,175,536,536,576,3,1,1,1,4,1,336,5,85000
346,1939,1950,972,972,972,605,3,1,1,0,6,1,312,0,140200
347,1960,1998,460,958,958,0,2,1,1,0,5,1,301,6,151500
348,1960,1960,208,1478,1478,0,3,1,2,0,6,2,498,2,157500
349,2003,2004,191,764,764,862,2,1,2,1,6,2,474,6,154000
350,2005,2006,438,1848,1848,880,4,1,2,1,10,3,706,5,437154
351,2007,2007,1869,1869,1869,0,2,1,2,0,6,2,617,1,318061
352,1986,1986,371,1453,1453,0,2,1,1,1,6,2,445,4,190000
353,1941,1950,0,616,616,495,3,1,1,0,5,1,200,6,95000
354,1928,2003,624,624,720,0,2,1,1,0,5,2,484,1,105900
355,1940,2000,552,940,1192,403,2,1,1,0,6,1,240,6,140000
356,1995,1995,322,1200,1200,0,3,1,2,0,6,2,521,0,177500
357,1992,1992,598,1158,1167,0,3,1,2,0,6,2,400,2,173000
358,1976,1976,268,1142,1142,0,3,1,1,1,6,2,528,6,134000
359,1958,1958,468,1062,1352,0,3,1,1,0,6,1,288,3,130000
360,1998,1998,130,1086,1086,838,3,1,2,1,7,2,592,5,280000
361,1978,1978,115,888,912,0,2,1,1,0,5,2,470,5,156000
362,1940,1982,484,883,988,517,3,1,1,0,8,1,240,0,145000
363,2003,2003,0,0,495,1427,4,1,3,0,7,2,672,5,198500
364,1972,2007,321,483,483,504,2,1,1,1,5,1,264,6,118000
365,1976,1976,84,796,790,784,3,1,2,1,6,2,566,6,190000
366,1920,1997,216,672,672,672,3,1,1,0,6,1,468,0,147000
367,1963,1963,785,1394,1394,0,3,1,1,1,6,2,514,3,159000
368,1962,1962,728,1099,1431,0,3,1,1,0,6,1,296,5,165000
369,1954,1954,728,1268,1268,0,2,1,1,0,7,1,244,4,132000
370,1959,2006,733,1063,1287,0,3,1,1,0,7,2,576,1,162000
371,2000,2000,953,953,953,711,3,1,2,1,7,2,460,0,172400
372,1959,1959,0,0,1120,468,4,1,2,0,7,2,680,3,134432
373,1984,1984,0,744,752,0,2,1,1,0,4,1,264,0,125000
374,1953,1953,0,608,1319,0,3,1,1,0,5,1,270,5,123000
375,2003,2004,847,847,847,1081,4,1,2,1,8,2,434,2,219500
376,1922,1950,333,683,904,0,1,1,0,1,4,0,0,5,61000
377,1996,1996,572,870,914,0,2,1,1,0,5,2,576,5,148000
378,2004,2005,1580,1580,1580,886,4,1,3,0,8,2,610,1,340000
379,2010,2010,411,1856,1856,0,1,1,1,1,8,3,834,1,394432
380,2000,2000,982,982,1007,793,3,1,2,1,7,2,463,2,179000
381,1924,1950,808,1026,1026,665,3,1,2,0,6,1,308,1,127000
382,2006,2006,1293,1293,1301,0,2,1,2,0,5,2,572,5,187750
383,2006,2006,939,939,939,858,3,1,2,1,8,2,639,6,213500
384,1928,1950,784,784,784,0,2,1,1,0,5,2,360,6,76000
385,1992,1992,595,1580,1079,874,3,1,2,1,9,2,501,5,240000
386,2004,2005,1232,1256,1269,0,2,1,2,0,6,2,430,2,192000
387,1910,1996,658,658,658,526,5,1,1,0,8,0,0,4,81000
388,1976,1976,410,1041,1125,0,3,1,1,0,6,1,352,5,125000
389,1999,2000,1468,1468,1479,0,3,1,2,0,6,2,577,3,191000
390,2007,2008,402,1682,1742,590,3,1,2,1,9,3,846,3,426000
391,1900,1950,229,861,961,406,4,1,1,0,7,1,384,3,119000
392,2001,2002,114,804,804,1157,3,1,2,1,7,2,560,0,215000
393,1959,1959,0,0,882,0,3,1,1,0,5,1,294,0,106500
394,1941,1950,522,788,788,0,2,1,1,0,4,0,0,4,100000
395,1940,1950,735,735,735,299,2,1,1,0,5,1,240,5,109000
396,1956,1956,405,1144,1144,0,3,1,1,0,6,1,596,5,129000
397,1972,1972,117,894,894,0,2,1,1,0,6,2,600,2,123000
398,1962,1962,324,864,876,936,4,1,2,0,8,1,264,3,169500
399,1920,1950,961,961,1077,0,2,1,1,0,6,1,338,2,67000
400,2006,2007,280,1092,1112,438,2,1,2,0,7,2,438,4,241000
401,1996,1996,474,1260,1288,0,1,1,1,1,4,2,500,4,245500
402,2005,2005,1286,1310,1310,0,3,1,2,0,6,2,400,6,164990
403,1940,1997,672,672,672,0,2,1,1,0,4,1,240,2,108000
404,1998,1998,1141,1141,1165,1098,4,1,2,1,10,2,420,5,258000
405,1995,1996,806,806,806,766,3,1,2,1,7,2,373,0,168000
406,1976,1993,165,1281,1620,0,3,1,2,0,8,2,490,4,150000
407,1936,1950,1064,1064,1166,0,3,1,1,0,6,1,240,0,115000
408,1915,1976,840,840,840,840,4,1,2,0,8,1,308,2,177000
409,2006,2006,1063,1063,1071,1101,3,1,2,1,9,3,947,0,280000
410,2007,2008,245,1034,1050,1028,3,1,2,1,8,3,836,4,339750
411,1958,1958,1276,1276,1276,0,3,1,1,0,5,1,350,1,60000
412,1955,1955,0,1056,1056,0,3,1,1,0,5,2,572,2,145000
413,2009,2009,892,1470,1478,0,2,1,2,1,7,2,484,3,222000
414,1927,1950,1008,1008,1028,0,2,1,1,0,5,2,360,0,115000
415,1993,1993,499,1080,1080,1017,3,1,2,1,9,3,678,4,228000
416,2007,2007,1316,1340,1340,0,3,1,2,0,6,2,396,0,181134
417,1978,1978,463,672,672,728,3,1,1,1,6,2,440,5,149500
418,1918,1950,242,1370,1370,1254,4,1,2,1,10,3,864,0,239000
419,1940,1950,444,756,756,378,3,1,1,1,7,1,240,3,126000
420,1968,1968,281,1056,1056,0,3,1,1,0,6,1,304,1,142000
421,1997,1998,35,1344,1344,0,2,2,2,0,8,4,784,3,206300
422,1977,2000,356,1602,1602,0,3,1,2,0,8,2,529,6,215000
423,1954,1954,988,988,988,0,2,1,1,0,4,2,520,5,113000
424,1998,1998,484,1470,1470,1160,4,1,2,1,8,3,696,5,315000
425,1956,1956,580,1196,1196,0,2,1,1,0,6,1,297,4,139000
426,1946,1992,651,651,707,682,3,1,1,1,6,1,240,6,135000
427,1989,1989,0,1518,1644,0,2,1,2,0,5,2,569,3,275000
428,1957,1957,619,907,907,0,3,1,1,0,5,1,352,0,109008
429,2007,2007,544,1208,1208,0,2,1,2,0,6,2,628,1,195400
430,1988,1988,387,1392,1412,0,3,1,2,0,6,2,576,5,175000
431,1971,1971,96,483,483,504,2,1,1,1,4,1,264,4,85400
432,1920,1998,901,901,1088,110,4,1,1,0,7,0,0,2,79900
433,1971,1971,294,765,765,600,2,1,1,1,6,2,440,6,122500
434,1997,1998,926,926,926,678,3,1,2,1,7,2,470,2,181000
435,1972,1972,135,630,630,0,1,1,1,0,3,0,0,6,81000
436,1996,1996,70,799,827,834,3,1,2,1,6,2,550,3,212000
437,1920,1950,648,648,734,384,2,1,1,0,6,2,440,3,116000
438,1926,2004,884,884,904,0,2,1,1,0,4,1,180,3,119000
439,1913,2002,75,440,694,0,2,1,1,0,4,1,352,3,90350
440,1920,2000,684,684,684,512,3,1,1,0,7,2,528,0,110000
441,2008,2008,788,3094,2402,0,2,1,2,0,10,3,672,6,555000
442,1955,1955,1307,1440,1440,0,4,2,2,0,8,0,0,1,118000
443,1930,1992,1078,1078,1128,445,3,1,2,0,8,2,360,1,162900
444,2006,2007,1258,1258,1258,0,2,1,2,0,6,3,648,3,172500
445,1994,1995,273,915,933,975,4,1,2,1,8,2,493,6,210000
446,1956,1956,1436,1436,1689,0,3,1,1,0,7,2,480,6,127500
447,1966,2002,557,1517,1888,0,2,1,2,1,6,2,578,4,190000
448,1998,1999,930,930,956,930,4,1,2,1,10,2,431,6,199900
449,1937,1950,780,780,780,596,3,1,2,0,7,1,198,1,119500
450,1948,2002,318,649,679,504,2,1,1,1,6,1,308,4,120000
451,1930,2005,813,813,813,0,2,1,1,0,5,1,270,5,110000
452,1975,1975,878,1533,1533,0,2,1,2,0,5,2,576,0,280000
453,1996,1997,130,872,888,868,3,1,2,1,7,2,422,6,204000
454,2008,2008,768,768,786,804,3,1,2,1,6,2,676,3,210000
455,1976,1976,122,1728,1728,0,4,2,2,0,8,2,560,3,188000
456,1973,1973,326,1242,1242,0,3,1,1,1,6,2,528,5,175500
457,1916,1950,624,624,624,720,4,1,1,0,7,3,513,4,98000
458,1954,1994,248,1364,1663,0,2,1,1,0,6,2,529,2,256000
459,1925,1996,588,588,833,833,3,1,1,0,7,1,228,2,161000
460,1950,1950,524,709,979,224,3,1,1,0,5,1,352,1,110000
461,2009,2009,288,832,832,1103,3,1,2,1,8,2,552,5,263435
462,1936,2007,0,560,575,560,3,1,1,0,6,2,576,3,155000
463,1965,1965,0,864,864,0,3,1,1,0,5,1,360,5,62383
464,1934,1995,389,715,849,811,3,1,1,1,6,1,240,5,188700
465,1978,1978,424,1040,1040,0,3,1,2,0,5,0,0,1,124000
466,2004,2004,1375,1375,1414,0,2,1,2,0,6,2,398,0,178740
467,1970,1970,499,1277,1277,0,2,1,1,0,5,2,526,5,167000
468,1942,1995,342,728,888,756,3,1,1,1,7,1,312,0,146500
469,2006,2006,1626,1626,1634,0,3,1,2,0,7,3,866,4,250000
470,1993,1993,406,832,832,878,3,1,2,1,7,2,506,4,187000
471,1985,1985,0,1488,1502,0,1,1,1,1,4,2,528,4,212000
472,1977,1977,808,808,1161,808,3,1,2,1,8,2,534,0,190000
473,2005,2005,88,547,1072,0,2,1,1,0,5,2,525,0,148000
474,2006,2007,626,1976,1976,0,2,1,2,0,7,3,908,0,440000
475,2000,2000,298,1494,1652,0,2,1,2,0,6,2,499,1,251000
476,1963,1963,340,970,970,0,2,1,1,0,5,2,624,5,132500
477,1997,1998,484,1478,1493,0,3,1,2,0,7,2,508,1,208900
478,2006,2006,2153,2153,2069,574,3,1,2,1,9,3,694,0,380000
479,2007,2008,417,1705,1718,0,3,1,2,0,7,3,826,6,297000
480,1937,2000,739,907,1131,0,2,1,1,0,7,2,672,6,89471
481,2004,2005,572,1833,1850,0,3,1,2,0,8,3,772,2,326000
482,2003,2004,225,1792,1792,0,2,1,2,0,6,3,874,6,374000
483,1915,2005,611,910,916,910,4,1,1,1,7,1,164,6,155000
484,1998,1998,319,1216,1216,0,2,1,2,0,5,2,402,2,164000
485,1962,2001,411,999,999,0,3,1,1,0,6,1,264,3,132500
486,1950,2007,506,1113,1113,0,3,1,1,0,5,1,264,6,147000
487,1965,1965,237,1073,1073,0,3,1,1,1,6,2,515,0,156000
488,1971,1971,486,1484,1484,0,3,1,2,0,7,2,487,3,175000
489,1900,1970,290,954,1766,648,3,2,2,0,10,2,520,3,160000
490,1970,2002,115,630,630,0,1,1,1,0,3,1,286,2,86000
491,1976,1976,264,264,616,688,3,1,1,1,4,1,336,0,115000
492,1941,1950,238,806,958,620,3,1,1,0,5,1,240,2,133000
493,2006,2006,728,728,728,728,3,1,2,1,8,2,429,1,172785
494,1960,1960,363,1269,1269,0,3,1,1,1,6,1,308,2,155000
495,1938,1996,190,190,886,0,2,1,1,0,4,1,273,1,91300
496,1920,1950,225,720,720,0,2,1,1,0,4,0,0,0,34900
497,1992,1993,1969,3200,3228,0,4,1,3,0,10,2,546,3,430000
498,1925,1950,697,1026,1133,687,4,1,2,0,8,1,240,5,184000
499,1967,2004,414,864,899,0,3,1,1,0,5,1,288,0,130000
500,1958,1985,522,912,912,0,2,1,1,0,5,1,297,1,120000
501,1973,1973,316,672,672,546,3,1,1,1,7,1,264,0,113000
502,2005,2005,466,866,866,902,3,1,2,1,7,2,603,6,226700
503,1965,1965,420,1214,1214,0,2,1,1,0,6,2,461,5,140000
504,1959,1997,254,1501,1801,0,1,1,2,0,6,2,484,1,289000
505,1974,1974,103,855,855,467,3,1,2,1,6,2,440,3,147000
506,1952,1952,960,960,960,1000,4,2,2,0,10,2,400,3,124500
507,1993,1994,397,777,1065,846,3,1,2,1,8,2,471,1,215000
508,2009,2009,1191,1218,1218,0,2,1,2,0,4,2,676,5,208300
509,1928,2005,548,689,689,689,3,1,2,0,7,2,360,4,161000
510,1959,1959,50,1041,1041,0,3,1,1,0,6,1,270,2,124500
511,1951,2000,178,1008,1363,0,2,1,1,0,6,1,288,1,164900
512,2005,2006,1368,1368,1368,0,2,1,2,0,6,2,474,4,202665
513,1958,1958,169,864,864,0,3,1,1,0,5,2,624,6,129900
514,1983,1983,748,1084,1080,0,3,1,1,1,5,2,484,6,134000
515,1926,1950,768,768,789,0,2,1,1,0,5,1,200,4,96500
516,2009,2009,570,2006,2020,0,3,1,2,1,9,3,900,3,402861
517,1972,1972,689,689,1378,741,3,1,2,1,7,2,583,4,158000
518,1996,1997,1264,1264,1277,1067,3,1,2,1,7,3,889,3,265000
519,1998,1998,88,794,882,914,3,1,2,1,7,2,546,2,211000
520,1926,2004,1276,1276,1276,804,3,1,1,1,9,1,282,1,234000
521,1900,2000,0,0,694,600,3,2,2,0,7,0,0,2,106250
522,1957,1957,467,1244,1244,0,3,1,1,1,6,1,336,6,150000
523,1947,1950,605,1004,1004,660,3,1,2,0,7,2,420,1,159000
524,2007,2008,878,3138,3138,1538,3,1,3,1,11,3,884,1,184750
525,1996,1997,660,1379,1383,1015,3,1,2,1,8,3,834,0,315750
526,2005,2005,1257,1257,1266,0,3,1,2,0,6,2,453,4,176000
527,1956,2000,551,928,928,0,2,1,1,0,4,1,252,3,132000
528,2008,2008,122,1452,1476,1237,3,1,2,1,11,3,858,6,446261
529,1920,2002,180,528,605,0,2,1,1,0,5,0,0,1,86000
530,1957,1975,816,2035,2515,0,4,2,3,0,9,2,484,6,200624
531,1988,1989,678,1461,1509,0,3,1,2,0,5,2,600,3,175000
532,1920,1999,611,611,751,611,3,1,2,0,6,2,502,0,128000
533,1955,2007,0,0,827,0,2,1,1,0,5,1,392,1,107500
534,1946,1950,0,0,334,0,1,1,1,0,2,0,0,2,39300
535,2004,2004,707,707,707,707,3,1,2,1,6,2,403,0,178000
536,1910,1991,148,1117,820,527,3,1,1,0,5,0,0,4,107500
537,1998,1999,880,880,880,844,3,1,2,1,8,2,527,6,188000
538,1972,1972,264,864,864,0,3,1,1,0,5,2,576,5,111250
539,1968,1968,378,1051,1159,0,3,1,1,1,7,1,336,2,158000
540,2001,2002,223,1581,1601,0,3,1,2,0,6,2,670,6,272000
541,2006,2006,578,1838,1838,0,2,1,2,0,8,3,765,2,315000
542,2000,2000,969,969,997,1288,4,1,2,1,8,3,648,4,248000
543,1998,1999,379,1650,1680,0,3,1,2,0,7,2,583,6,213250
544,1998,1998,0,723,767,0,1,1,1,0,4,1,367,2,133000
545,2006,2006,100,654,664,832,3,1,2,1,7,2,426,2,179665
546,1988,1988,0,1204,1377,806,4,1,2,1,9,3,786,4,229000
547,1923,1950,765,1065,915,720,3,1,1,1,6,2,440,6,210000
548,1970,1970,149,768,768,0,2,1,1,0,5,2,624,2,129500
549,1955,1995,0,825,825,0,2,1,1,0,4,2,720,4,125000
550,2003,2004,912,912,912,1182,4,1,2,1,8,2,615,6,263000
551,1977,1977,510,1069,1069,0,2,1,2,0,4,2,440,4,140000
552,1957,1957,620,928,928,0,3,1,1,0,5,1,288,1,112500
553,2006,2006,1709,1709,1717,0,3,1,2,0,7,3,908,2,255500
554,1949,2003,0,0,1126,0,2,1,2,0,5,2,520,0,108000
555,2003,2004,132,998,1006,1040,3,1,2,1,8,3,871,0,284000
556,1922,1950,993,993,1048,0,2,1,1,0,5,1,280,4,113000
557,1957,1957,197,1092,1092,0,2,1,1,0,6,1,299,4,141000
558,1920,1950,0,637,897,439,3,1,1,1,7,1,570,5,108000
559,1996,1997,125,729,729,717,3,1,2,1,6,2,406,6,175000
560,2003,2004,1374,1374,1557,0,2,1,2,0,7,2,420,1,234000
561,1957,1996,90,1392,1392,0,3,1,1,1,5,2,528,0,121500
562,1974,1975,195,1389,1389,0,2,1,1,0,6,2,418,5,170000
563,1940,1969,706,996,996,0,3,1,1,0,6,0,0,3,108000
564,1918,1950,1163,1163,1163,511,4,1,2,0,8,2,396,1,185000
565,1992,2000,367,1095,1166,1129,4,1,2,1,9,2,590,1,268000
566,1915,1950,806,806,841,806,4,1,1,1,6,1,216,2,128000
567,2005,2007,1122,1122,1134,1370,4,1,2,1,11,3,656,1,325000
568,2004,2004,1515,1517,1535,0,3,1,2,0,7,2,532,0,214000
569,1983,2009,55,1496,1496,636,1,1,1,1,5,2,612,2,316600
570,1979,1979,0,943,943,0,2,1,1,0,4,2,600,6,135960
571,1965,1965,1497,1728,1728,0,6,2,2,0,10,2,576,0,142600
572,1959,1959,450,864,864,0,2,1,1,0,4,1,288,6,120000
573,2009,2009,846,846,846,846,3,1,2,1,6,2,650,0,224500
574,2000,2000,384,384,774,656,3,1,2,1,8,2,400,2,170000
575,1971,2005,23,372,576,533,3,1,1,0,5,1,288,2,139000
576,1947,1950,390,832,832,384,2,1,1,0,6,1,336,2,118500
577,1928,1950,861,861,877,600,3,1,2,0,6,1,216,6,145000
578,1966,1966,285,1164,1320,0,3,1,1,0,6,2,564,0,164500
579,2007,2007,689,689,703,689,2,1,2,0,5,2,540,4,146000
580,1954,1954,1050,1050,1050,745,4,1,2,0,7,1,352,4,131500
581,1960,1987,331,1144,1429,0,3,1,1,0,7,2,572,6,181900
582,2008,2009,2042,2042,2042,0,3,1,2,1,8,3,1390,2,253293
583,1990,1990,0,816,816,0,3,1,1,0,5,0,0,3,118500
584,1893,2000,1237,1237,1521,1254,3,1,3,1,9,2,880,3,325000
585,1935,1995,884,884,989,584,3,1,1,0,6,1,240,4,133000
586,2005,2006,408,1868,2028,0,2,1,2,0,7,3,880,6,369900
587,1918,2000,0,816,838,0,2,1,1,0,5,1,275,1,130000
588,1982,1982,168,840,860,0,2,1,1,0,4,2,528,4,137000
589,1968,2003,113,1437,1473,0,1,1,1,0,5,1,452,4,143000
590,1930,1960,742,742,779,0,2,1,1,0,4,1,308,3,79500
591,2004,2004,280,770,770,812,3,1,2,1,6,2,520,3,185900
592,2008,2008,384,1722,1728,568,3,1,2,1,10,3,842,4,451950
593,1982,2003,0,816,816,0,2,1,1,0,4,2,816,3,138000
594,2003,2003,163,848,848,0,1,1,1,0,4,2,420,3,140000
595,1975,1975,924,924,924,0,3,1,1,0,5,1,280,5,110000
596,2005,2006,392,1814,1826,0,3,1,2,0,7,3,758,0,319000
597,1910,1993,684,684,684,684,3,1,1,0,7,1,216,0,114504
598,2006,2007,1258,1258,1402,0,2,1,0,2,7,3,648,6,194201
599,1977,1977,0,1430,1647,0,3,1,2,0,7,2,621,3,217500
600,1980,1980,23,716,716,840,3,1,2,1,6,2,452,0,151000
601,2005,2005,512,1058,1058,846,3,1,2,1,8,2,736,6,275000
602,1937,1950,780,780,780,595,3,1,1,1,6,1,544,6,141000
603,1992,1992,119,908,927,988,3,1,2,1,8,2,506,4,220000
604,2004,2005,600,600,600,600,2,1,2,1,4,2,480,1,151000
605,2002,2002,572,1494,1494,0,3,1,2,0,6,2,530,5,221000
606,1965,1990,314,768,1186,800,3,1,2,1,7,2,486,1,205000
607,1996,1996,308,1040,1040,0,3,1,1,0,6,2,576,2,152000
608,1948,2002,293,896,1112,896,3,1,3,0,8,1,230,6,225000
609,1934,1998,537,965,1940,1254,4,1,2,1,10,2,380,4,359100
610,1961,1961,126,1029,1029,0,3,1,1,0,5,1,261,6,118500
611,2000,2000,536,1440,1476,677,3,1,2,1,8,3,736,3,313000
612,1978,1978,427,1032,1032,0,3,1,2,0,6,2,564,1,148000
613,2001,2001,309,1299,1299,573,3,1,2,1,7,2,531,1,261500
614,2007,2007,914,1120,1120,0,3,1,1,0,6,0,0,3,147000
615,1972,1972,0,630,630,0,1,1,1,0,3,0,0,2,75500
616,1963,1963,173,936,1054,0,3,1,1,0,6,2,480,0,137500
617,2002,2003,326,783,807,702,3,1,2,1,7,2,393,1,183200
618,1954,1954,832,832,832,0,2,1,1,0,4,2,528,6,105500
619,2007,2007,1774,1822,1828,0,3,1,2,0,9,3,774,4,314813
620,2003,2003,611,1482,1482,780,4,1,2,1,10,3,749,2,305000
621,1914,1950,823,864,864,0,2,1,1,0,5,0,0,2,67000
622,1974,1997,384,1522,1548,1066,4,1,2,1,9,2,624,5,240000
623,1977,1977,420,980,980,0,3,1,1,0,6,2,484,4,135000
624,2000,2000,336,756,756,756,2,1,2,1,4,2,440,0,168500
625,1972,1972,485,732,1012,778,4,1,1,2,8,2,484,4,165150
626,1962,1962,1116,1116,1116,0,3,1,1,1,5,2,440,2,160000
627,1960,1978,978,978,1422,0,3,1,1,0,6,1,286,6,139900
628,1955,1972,350,1156,1520,0,3,1,1,0,7,1,364,1,153000
629,1969,1969,390,1040,1040,1040,5,1,1,2,9,2,504,3,135000
630,1964,1964,288,1248,1350,0,3,1,1,1,6,2,520,3,168500
631,1880,1991,636,636,1089,661,3,1,1,0,8,1,240,3,124000
632,2006,2006,1530,1554,1554,0,2,1,2,0,6,2,627,6,209500
633,1977,1977,564,1386,1411,0,3,1,2,0,6,2,544,3,82500
634,1954,2005,108,1056,1056,0,3,1,1,0,6,1,260,5,139400
635,1980,1980,0,1056,1056,0,0,2,0,0,4,2,576,6,144000
636,1914,1995,1184,1440,1440,1440,8,2,2,0,14,0,0,3,200000
637,1936,1950,264,264,800,0,1,1,1,0,4,0,0,1,60000
638,1954,1954,811,811,811,576,3,2,2,0,7,1,256,3,93000
639,1910,1950,796,796,796,0,2,1,1,0,4,0,0,4,85000
640,2006,2006,366,1520,1567,0,1,1,2,0,7,3,648,2,264561
641,2003,2004,300,1518,1518,0,1,1,1,1,6,2,588,3,274000
642,2001,2001,319,1057,1057,872,3,1,2,1,7,2,650,5,226000
643,1972,1995,542,1952,2000,704,4,1,2,1,9,2,538,5,345000
644,1969,1969,0,780,780,840,4,1,2,1,7,2,462,3,152000
645,2009,2009,645,1766,1766,0,2,1,2,1,7,3,478,2,370878
646,1971,1971,664,981,981,0,3,1,1,1,5,2,576,3,143250
647,1950,1950,0,0,1048,0,3,1,1,0,7,2,420,1,98300
648,1953,1953,594,1094,1094,0,3,1,1,0,5,2,495,0,155000
649,1966,1966,756,756,1051,788,4,1,1,1,7,2,442,3,155000
650,1970,1970,0,630,630,0,1,1,1,0,3,0,0,4,84500
651,2007,2007,813,813,822,843,3,1,2,1,7,2,562,5,205950
652,1940,1950,755,755,755,755,4,1,1,0,7,1,296,2,108000
653,1996,1996,880,880,909,807,2,1,2,1,7,2,512,1,191000
654,1906,1995,756,756,756,713,3,1,1,0,7,1,216,0,135000
655,1995,1995,413,2109,2113,0,2,1,2,1,7,3,839,1,350000
656,1971,1971,525,525,525,567,3,1,1,1,6,1,264,4,88000
657,1959,2006,247,1053,1053,0,3,1,1,1,5,1,312,3,145500
658,1931,2000,776,776,851,651,3,1,1,1,6,1,270,2,149000
659,1948,1950,912,912,912,546,3,1,1,0,6,1,330,2,97500
660,1964,1999,849,1486,1486,0,3,1,1,0,7,2,480,0,167000
661,1976,1976,793,793,1142,793,3,1,2,1,7,2,550,2,197900
662,1994,2005,88,1629,1686,762,4,1,2,1,8,3,711,5,402000
663,1968,1968,1392,1392,1392,0,2,1,1,0,5,2,576,2,110000
664,1972,1972,38,1138,1181,0,3,1,2,0,6,2,588,6,137500
665,2005,2006,356,2077,2097,0,1,1,1,1,8,3,1134,1,423000
666,2000,2000,1406,1406,1454,482,3,1,2,1,7,2,504,1,230500
667,1965,1979,111,1021,1465,915,3,1,2,1,7,2,596,0,129000
668,1994,1998,270,1408,1679,0,3,1,2,0,7,2,575,6,193500
669,1956,1987,200,1188,1437,0,3,1,1,1,6,2,576,3,168000
670,1922,1950,700,700,1180,0,2,1,1,0,5,1,252,4,137500
671,2005,2005,545,738,738,738,3,1,2,1,7,2,540,0,173500
672,1925,1950,121,672,697,672,3,1,2,0,6,1,300,0,103600
673,1977,1977,441,1208,1208,0,3,1,1,1,6,2,546,0,165000
674,1957,2004,291,1477,1839,0,3,1,2,0,7,2,416,5,257500
675,1965,1965,244,1136,1136,0,3,1,1,0,5,1,384,1,140000
676,1978,1978,544,855,855,586,3,1,2,1,7,2,440,2,148500
677,1900,1950,1095,1095,1095,679,4,2,2,0,8,3,779,3,87000
678,1924,2006,768,768,792,0,2,1,1,0,5,1,240,2,109500
679,2008,2008,2046,2046,2046,0,3,1,2,1,7,3,834,1,372500
680,1961,1961,161,988,988,0,3,1,1,0,5,2,572,1,128500
681,1980,1980,261,923,923,0,2,1,2,0,5,1,264,5,143000
682,1932,2000,611,793,848,672,3,1,1,0,6,1,281,4,159434
683,1996,1997,288,1291,1291,0,2,1,1,0,6,2,431,0,173000
684,2002,2002,567,1626,1668,0,3,1,2,0,7,3,702,6,285000
685,1998,1998,1195,1195,1195,644,4,1,2,1,7,2,486,1,221000
686,1984,1984,180,1190,1190,900,3,1,2,0,6,2,577,5,207500
687,2007,2007,874,874,874,887,3,1,3,0,7,2,578,6,227875
688,2004,2004,312,551,551,551,2,1,2,1,4,2,480,2,148800
689,2007,2007,474,1419,1419,0,2,1,2,0,7,2,567,5,392000
690,2005,2006,1342,1362,1362,0,2,1,2,0,6,2,460,3,194700
691,2004,2004,151,848,848,0,1,1,1,0,3,2,420,2,141000
692,1994,1995,989,2444,2444,1872,4,1,3,1,10,3,832,5,755000
693,1989,1990,245,1210,1238,1281,4,1,2,1,9,2,628,2,335000
694,1921,1968,1073,1073,1073,0,2,1,1,0,4,1,326,5,108480
695,1936,1950,927,927,1067,472,3,1,1,1,5,2,576,3,141500
696,1987,1987,92,1112,1137,0,2,1,2,0,5,2,551,3,176000
697,1921,1950,0,616,616,0,2,1,1,0,4,1,205,1,89000
698,1952,1952,219,980,1148,0,2,1,1,0,6,1,308,3,123500
699,1965,2009,224,894,894,0,3,1,1,0,5,1,336,3,138500
700,2004,2004,1375,1391,1391,0,2,1,2,0,5,2,530,1,196000
701,2002,2002,526,1800,1800,0,3,1,2,0,7,3,765,1,312500
702,1969,1969,1164,1164,1164,0,3,1,1,1,6,2,528,0,140000
703,2006,2006,1234,1234,1264,1312,4,1,2,1,10,3,666,2,361919
704,1900,1996,360,360,1032,780,4,2,2,0,8,2,672,6,140000
705,2004,2005,761,1473,1484,0,3,1,2,0,7,2,606,4,213000
706,1930,1950,0,0,372,720,3,2,2,0,7,0,0,2,55000
707,1971,2002,424,1643,1824,0,2,1,2,0,5,2,739,5,302000
708,2006,2006,461,1324,1324,0,2,1,2,0,6,2,550,5,254000
709,2007,2007,728,728,728,728,3,1,2,1,8,2,400,5,179540
710,1966,1966,876,876,904,0,3,1,1,0,6,1,408,3,109900
711,1935,2003,270,270,729,0,2,1,1,0,5,0,0,6,52000
712,1900,1950,859,859,859,319,2,1,1,0,7,1,384,4,102776
713,1988,1989,461,1228,1228,0,2,1,2,0,5,2,472,6,189000
714,1970,1970,171,960,960,0,3,1,1,0,6,2,576,4,129000
715,1976,2005,192,725,725,754,3,1,2,1,6,2,475,2,130500
716,1974,1974,1064,1064,1350,0,3,1,2,0,7,2,478,0,165000
717,1890,1998,718,718,1576,978,3,1,1,1,8,2,704,5,159500
718,1973,2000,92,1176,1178,0,3,1,1,1,5,2,439,2,157000
719,1993,1994,138,1311,1325,1093,3,1,2,1,9,3,983,6,341000
720,1969,1969,448,971,971,0,3,1,1,1,5,1,300,2,128500
721,1985,1985,594,1742,1742,0,2,1,2,0,5,2,564,1,275000
722,2004,2004,186,848,848,0,1,1,1,0,3,2,420,2,143000
723,1970,1970,673,864,864,0,3,1,1,0,5,2,463,0,124500
724,1954,1972,941,941,997,473,4,1,2,0,7,1,548,2,135000
725,2007,2008,464,1698,1698,0,3,1,2,0,8,3,768,5,320000
726,1970,1970,250,864,864,0,3,1,1,0,5,2,660,0,120500
727,1988,2007,72,880,1680,0,3,1,2,0,5,2,540,5,222000
728,2007,2007,508,1232,1232,0,2,1,2,0,6,2,632,5,194500
729,1958,1958,1584,1584,1776,0,4,2,2,0,9,3,888,3,110000
730,1925,1950,628,780,848,0,2,1,1,0,5,2,539,4,103000
731,1995,1996,415,1595,1616,0,2,1,2,0,5,2,608,4,236500
732,2003,2003,82,868,1146,0,3,1,2,0,6,2,438,2,187500
733,1998,1999,901,1153,1153,878,3,1,2,1,8,2,541,1,222500
734,1961,1983,270,864,1144,0,3,1,1,0,6,1,264,4,131400
735,1968,1968,948,948,948,0,3,1,1,0,6,1,300,4,108000
736,1914,1970,490,880,880,888,2,1,1,1,6,2,320,2,163000
737,1950,1950,0,0,1040,0,2,2,2,0,6,2,400,4,93500
738,2005,2005,893,893,901,900,3,1,2,1,8,3,800,6,239900
739,1987,1988,0,1200,1200,0,3,1,3,0,5,0,0,2,179000
740,2004,2004,864,864,864,864,3,1,2,1,7,2,572,5,190000
741,1910,2002,264,264,768,664,2,1,2,0,7,2,360,2,132000
742,1961,1996,80,912,912,0,3,1,1,0,5,1,288,0,142000
743,2000,2001,1349,1349,1349,0,3,1,2,0,6,2,539,5,179000
744,1963,1999,76,520,1464,0,3,1,2,0,6,2,480,6,175000
745,1993,1993,604,1337,1337,0,2,1,2,0,5,2,462,1,180000
746,1976,1996,487,1142,1175,1540,4,1,3,1,11,2,831,2,299800
747,2000,2000,652,952,980,1276,4,1,2,1,8,2,554,6,236000
748,1880,2003,1240,1240,1320,1320,4,1,1,1,8,4,864,4,265979
749,1996,1996,801,1720,1720,0,3,1,2,0,7,2,527,2,260400
750,1945,1950,0,0,1088,441,4,1,2,0,9,1,240,0,98000
751,1910,2004,576,576,792,348,3,1,1,0,7,0,0,1,96500
752,2003,2003,660,660,660,660,3,1,2,1,6,2,400,2,162000
753,1997,1997,279,1479,1494,0,3,1,2,0,6,2,576,3,217000
754,2005,2005,1030,1030,1038,1060,3,1,2,1,8,3,878,3,275500
755,1969,2005,115,1026,1026,0,3,1,1,0,5,2,440,2,156000
756,1999,1999,348,729,742,729,3,1,2,1,6,2,440,6,172500
757,2007,2007,846,866,866,902,3,1,2,1,7,2,578,2,212000
758,1978,1978,234,672,672,714,3,1,2,1,6,2,440,1,158900
759,1999,1999,195,744,757,744,3,1,2,1,6,2,440,0,179400
760,1995,1995,1198,1318,1328,1203,4,1,2,1,9,3,752,1,290000
761,1959,1959,252,864,864,0,2,1,1,0,5,1,300,4,127500
762,1924,1950,740,1145,1301,0,2,1,1,0,5,2,440,5,100000
763,2009,2009,732,756,764,783,3,1,2,1,7,2,614,6,215200
764,1999,1999,89,1252,1268,1097,3,1,2,1,8,3,856,5,337000
765,1995,1996,0,1494,1494,0,2,1,1,1,6,2,481,5,270000
766,2008,2008,1498,1498,1506,0,2,1,2,0,6,2,592,6,264132
767,1988,1988,586,980,980,734,3,1,2,1,7,2,496,2,196500
768,1940,1985,323,983,983,767,4,1,2,0,7,1,423,0,160000
769,2004,2005,1836,1860,1836,0,3,1,2,0,8,2,484,4,216837
770,2003,2003,234,1650,1690,1589,4,1,3,1,12,3,841,6,538000
771,1982,1982,173,858,858,0,2,1,1,0,5,2,576,3,134900
772,1951,1951,0,836,1220,0,2,1,1,0,6,2,396,6,102000
773,1976,1976,480,1029,1117,0,3,1,1,0,6,2,672,2,107000
774,1958,1958,456,912,912,0,2,1,1,0,5,1,275,6,114500
775,2006,2006,1935,1935,1973,0,3,1,2,0,9,3,895,3,395000
776,1998,1998,338,1204,1204,0,2,1,2,0,5,2,412,0,162000
777,2005,2006,1594,1614,1614,0,3,1,2,0,7,3,865,4,221500
778,1974,1974,102,864,894,0,3,1,1,0,5,2,440,5,142500
779,1977,1977,0,0,2020,0,4,2,2,0,10,2,630,1,144000
780,1977,1977,0,975,1004,0,2,1,1,0,4,2,504,2,135000
781,1995,1996,1237,1237,1253,0,3,1,2,0,6,2,402,3,176000
782,1992,1992,374,761,810,793,3,1,2,1,7,2,484,1,175900
783,2001,2002,1413,1413,1430,0,3,1,2,0,6,2,605,5,187100
784,1978,1978,0,1097,1110,0,1,1,1,0,4,2,602,3,165500
785,1914,2001,742,742,742,742,3,1,2,0,9,0,0,5,128000
786,1967,1967,491,1372,1342,0,3,1,2,0,7,2,457,4,161500
787,1915,1950,0,686,966,686,4,1,2,0,7,1,416,1,139000
788,2004,2004,300,956,956,1128,4,1,2,1,8,2,618,2,233000
789,1954,2000,901,901,901,0,2,1,1,0,4,1,281,4,107900
790,1966,2007,264,832,976,1111,5,1,2,1,9,2,444,1,187500
791,2005,2006,1129,1145,1145,0,2,1,2,0,5,2,397,1,160200
792,1976,1976,490,1029,1062,0,3,1,1,0,5,2,539,1,146800
793,1996,1997,255,1117,1127,886,3,1,2,1,8,2,455,2,269790
794,2007,2007,1496,1496,1496,0,3,1,2,0,7,2,474,3,225000
795,1994,1996,712,712,1086,809,3,1,2,1,7,2,409,4,194500
796,1980,1981,650,650,888,676,3,1,2,1,7,2,476,4,171000
797,1977,1977,660,660,1285,0,3,1,1,1,7,2,528,2,143500
798,1953,1953,203,773,773,0,2,1,1,0,4,1,240,0,110000
799,2008,2009,1926,1926,1966,1174,4,1,3,1,11,3,820,6,485000
800,1937,1950,162,731,981,787,3,1,1,1,7,1,240,5,175000
801,1997,1997,154,616,616,1072,4,1,2,1,8,2,603,4,200000
802,1916,1990,999,1196,1196,0,2,1,1,0,5,2,440,2,109900
803,2005,2005,80,728,728,728,3,1,2,1,7,2,410,6,189000
804,2008,2009,1734,1734,1734,1088,4,1,3,1,12,3,1020,5,582933
805,1954,1954,124,936,1128,0,2,1,1,0,5,1,286,1,118000
806,2008,2008,1417,1417,1428,0,3,1,2,0,6,2,554,5,227680
807,1967,1967,100,980,980,0,3,1,2,0,6,1,384,2,135500
808,1923,2004,15,1324,1072,504,3,1,1,1,6,2,528,2,223500
809,1966,1966,380,1024,1086,0,3,1,1,0,6,2,484,0,159950
810,1898,1965,849,849,1075,1063,2,3,2,0,11,2,360,2,106000
811,1974,1999,0,1040,1309,0,3,1,1,1,5,2,484,1,181000
812,2004,2004,186,848,848,0,1,1,1,0,4,2,420,6,144500
813,1952,1952,540,540,1044,0,2,1,1,0,4,2,504,0,55993
814,1958,1958,834,1442,1442,0,4,1,1,1,7,1,301,0,157900
815,1918,1950,686,686,686,564,3,1,1,1,7,1,280,6,116000
816,1998,1998,1649,1649,1661,0,3,1,2,0,6,2,598,4,224900
817,1954,1954,522,1008,1008,0,2,1,1,0,4,1,275,6,137000
818,2002,2002,350,1568,1689,0,3,1,2,0,7,3,857,4,271000
819,1971,1971,506,1010,1052,0,3,1,1,0,6,2,440,6,155000
820,2009,2010,625,1358,1358,0,2,1,2,0,6,2,484,4,224000
821,2003,2003,798,798,798,842,3,1,2,1,6,2,595,4,183000
822,1953,1953,936,936,936,0,2,1,1,0,4,2,576,5,93000
823,2003,2003,847,847,847,886,3,1,2,1,7,2,433,4,225000
824,1940,1950,778,778,944,545,3,1,2,0,7,1,240,4,139500
825,2006,2006,1489,1489,1489,0,3,1,2,0,7,2,776,0,232600
826,2007,2008,442,2078,2084,0,2,1,2,0,7,3,1220,6,385000
827,1924,1950,0,784,784,0,2,1,1,0,5,0,0,6,109500
828,2001,2001,1434,1454,1434,0,3,1,2,0,6,2,527,6,189000
829,1967,1967,0,1013,1160,966,3,1,2,1,7,2,538,1,185000
830,2005,2005,600,600,520,623,2,1,2,1,4,2,480,0,147400
831,1957,1957,352,1392,1392,0,3,1,1,1,6,2,458,3,166000
832,2005,2005,600,600,520,600,2,1,2,1,4,2,480,5,151000
833,2003,2003,458,941,941,888,3,1,2,1,7,2,613,0,237000
834,1964,1964,975,1516,1516,0,3,1,1,1,6,2,472,6,167000
835,1961,1961,572,1144,1144,0,3,1,1,0,6,2,456,2,139950
836,1950,1995,625,1067,1067,0,2,1,2,0,4,2,436,5,128000
837,1948,1973,1221,1559,1559,0,2,1,1,0,5,2,812,2,153500
838,1973,1973,153,483,483,504,2,1,1,1,5,1,264,2,100000
839,1995,2006,1099,1099,1099,0,3,1,1,1,6,1,352,3,144000
840,1946,1995,416,768,768,432,3,1,1,0,6,1,240,5,130500
841,1925,1950,516,672,810,672,4,1,2,0,7,1,400,6,140000
842,1904,2002,650,650,958,581,3,1,2,0,8,2,686,1,157500
843,1966,1966,276,1127,1165,0,3,1,1,1,6,2,490,6,174900
844,1961,1961,1800,1800,1800,0,6,2,2,0,10,0,0,2,141000
845,1915,1950,876,876,876,540,4,1,1,1,7,3,720,6,153900
846,1975,1981,0,1390,1701,0,3,1,2,0,6,2,611,4,171000
847,1993,1993,227,740,1006,769,3,1,2,1,7,2,425,4,213000
848,1972,1972,404,864,864,0,3,1,1,0,5,1,338,1,133500
849,1908,1997,907,907,1307,1051,5,1,3,0,10,2,360,0,240000
850,1976,1994,528,528,1094,761,3,1,2,1,7,2,512,4,187000
851,2003,2003,189,848,848,0,1,1,1,0,3,2,420,0,131500
852,2003,2003,1273,1273,1456,0,2,1,2,0,7,2,400,5,215000
853,1941,1950,554,918,918,728,4,1,2,0,7,1,240,1,164000
854,1964,1964,563,1127,1445,0,3,1,1,1,7,2,645,5,158000
855,1955,1974,372,1763,1779,0,3,1,1,1,6,2,454,5,170000
856,1962,2010,381,1040,1040,0,3,1,1,1,6,1,260,3,127000
857,1978,1978,0,940,1026,0,3,1,1,0,5,2,576,2,147000
858,1994,1995,702,702,702,779,3,1,2,1,6,2,343,1,174000
859,1976,1976,1090,1090,1370,0,3,1,2,0,6,2,479,0,152000
860,1968,1984,435,1054,1512,1142,4,1,2,1,9,2,619,5,250000
861,1918,1998,912,912,912,514,3,1,1,1,7,1,216,4,189950
862,1965,1965,198,1039,1039,0,3,1,1,1,6,2,504,4,131500
863,1984,1985,702,1040,1097,0,3,1,2,0,6,2,480,2,152000
864,1959,1959,0,1148,1148,0,3,1,1,0,6,1,672,2,132500
865,2007,2008,1372,1372,1372,0,3,1,2,0,6,2,529,0,250580
866,1970,1970,174,1002,1002,0,3,1,1,0,5,2,902,5,148500
867,2006,2007,1638,1638,1646,0,3,1,2,0,6,3,870,2,248900
868,1961,1961,108,1040,1120,0,3,1,1,1,5,2,544,4,129000
869,1948,1950,0,0,1547,720,2,1,2,0,7,2,672,5,169000
870,1993,1994,300,1050,1062,887,3,1,2,1,8,2,574,6,236000
871,1962,1962,894,894,894,0,2,1,1,0,5,1,308,4,109500
872,1998,1998,299,804,804,878,3,1,2,1,7,2,523,0,200500
873,1953,1996,105,105,910,0,3,1,1,0,5,2,414,3,116000
874,1949,1950,457,832,1036,0,3,1,1,0,6,1,288,4,133000
875,1941,1950,676,676,676,455,3,1,1,1,5,1,200,6,66500
876,2007,2007,1120,1184,1184,1426,4,1,2,1,11,2,550,4,303477
877,1963,1963,431,1064,1040,0,3,1,1,0,5,2,648,4,132250
878,2004,2005,292,1462,1462,762,4,1,2,1,10,3,738,3,350000
879,1961,1995,210,1109,1155,0,3,1,1,0,6,2,576,2,148000
880,1978,2005,218,864,864,0,3,1,1,0,6,1,336,3,136500
881,2005,2006,110,1090,1090,0,2,1,1,1,5,2,450,1,157000
882,1990,1991,254,1156,1187,530,3,1,2,1,7,2,400,3,187500
883,1992,1993,808,808,808,785,3,1,2,1,7,2,389,4,178000
884,1912,1950,795,795,954,795,5,1,1,0,10,1,440,6,118500
885,1967,1967,460,892,892,0,3,1,1,0,5,1,288,4,100000
886,1999,2000,460,1698,1709,0,2,1,2,0,5,2,506,0,328900
887,1959,2005,1098,1626,1712,0,4,2,2,0,8,2,588,1,145000
888,1955,1955,816,816,872,521,3,1,1,1,8,1,300,2,135500
889,1970,1970,1043,2217,2217,0,4,1,2,0,8,2,621,2,268000
890,1953,1953,481,1505,1505,0,2,1,1,0,6,2,505,2,149500
891,1949,2006,672,672,672,252,3,1,1,0,6,2,576,0,122900
892,1978,1978,192,918,918,765,3,1,2,1,7,2,440,3,172500
893,1963,2003,396,1059,1068,0,3,1,1,0,6,1,264,5,154500
894,1954,1954,319,1383,1383,0,3,1,1,0,6,1,354,1,165000
895,1979,1979,0,0,1535,0,4,2,2,0,8,2,400,0,118858
896,1963,1963,380,780,983,813,4,1,1,1,8,2,483,2,140000
897,1936,1950,666,951,951,0,2,1,1,0,6,1,327,3,106500
898,1979,1979,0,0,1120,1120,6,2,2,0,12,2,528,0,142953
899,2009,2010,142,2330,2364,0,2,1,2,1,11,3,820,3,611657
900,1961,1994,447,912,1236,0,3,1,1,0,6,1,288,3,135000
901,1971,1971,536,858,858,0,2,1,1,0,4,1,684,6,110000
902,1957,2000,132,992,1306,0,2,1,1,0,5,1,756,3,153000
903,2003,2003,783,783,807,702,3,1,2,1,8,2,393,2,180000
904,2006,2006,1670,1670,1670,0,3,1,2,0,7,3,690,4,240000
905,1967,1967,277,876,902,0,3,1,1,0,6,1,288,6,125500
906,1954,1954,412,1056,1063,0,3,1,1,0,6,1,280,2,128000
907,2006,2006,1560,1623,1636,0,3,1,2,0,8,3,865,4,255000
908,1936,1987,794,1017,1020,1037,3,1,1,1,6,1,180,3,250000
909,1983,1983,239,864,902,0,2,1,1,0,5,2,484,0,131000
910,2005,2005,742,742,742,742,3,1,2,1,8,2,390,3,174000
911,1960,1960,662,1105,1105,1169,5,2,2,0,12,2,480,0,154300
912,1977,1989,1072,1268,1268,0,3,1,1,1,5,1,252,3,143500
913,1925,1950,279,768,1015,0,3,1,1,0,6,1,450,1,88000
914,1949,1950,717,1001,1001,1001,4,2,2,0,8,3,871,4,145000
915,2009,2009,318,612,612,612,2,1,2,1,4,2,528,0,173733
916,1970,1970,546,546,546,546,3,1,1,1,6,1,286,6,75000
917,1949,1950,430,480,480,0,1,1,0,0,4,1,308,5,35311
918,1956,1956,75,1134,1229,0,3,1,1,0,6,1,284,4,135000
919,1991,1991,422,1104,912,1215,4,1,2,1,8,3,833,6,238000
920,1958,2002,245,1184,1414,0,3,1,1,0,6,2,601,0,176500
921,1994,1994,114,928,936,785,3,1,2,1,7,2,471,0,201000
922,1900,2003,188,1272,1272,928,4,2,2,2,9,0,0,3,145900
923,2005,2006,1288,1316,1316,0,3,1,2,0,6,2,397,0,169990
924,1993,1994,598,1604,1617,0,2,1,2,0,5,2,533,3,193000
925,1980,1980,0,1686,1686,0,3,1,2,0,7,2,612,2,207500
926,1977,1977,266,1126,1126,0,3,1,2,0,6,2,540,0,175000
927,2003,2004,1181,1181,1234,1140,4,1,2,1,10,3,656,2,285000
928,1968,1968,280,832,1098,880,4,1,2,1,9,2,486,0,176000
929,2001,2001,1753,1753,1788,0,3,1,2,0,7,2,522,0,236500
930,1997,1997,964,964,993,1243,4,1,2,1,8,2,642,4,222000
931,2007,2007,1450,1466,1466,0,3,1,2,0,7,3,610,5,201000
932,1965,1965,121,925,925,0,2,1,1,0,5,1,429,1,117500
933,2006,2006,1905,1905,1905,0,3,1,2,0,8,3,788,6,320000
934,2004,2004,1480,1500,1500,0,3,1,2,0,6,2,570,2,190000
935,1960,2007,160,585,2069,0,4,1,2,0,9,2,505,1,242000
936,1926,1953,600,600,747,0,1,1,1,0,5,2,528,4,79900
937,2003,2003,343,1176,1200,0,2,1,2,0,5,2,555,4,184900
938,2005,2005,772,1113,1113,858,3,1,2,1,8,2,689,5,253000
939,2006,2006,927,1391,1391,571,3,1,2,1,7,3,868,3,239799
940,1940,1950,1032,1032,1207,1196,4,1,2,0,10,1,349,5,244400
941,1976,1976,396,1728,1728,0,4,2,2,0,8,2,574,1,150900
942,1999,1999,220,992,1022,1038,3,1,2,1,8,2,390,4,214000
943,1977,1977,0,1440,1440,0,4,2,2,0,8,0,0,3,150000
944,1967,1967,1632,1632,1632,0,4,2,2,0,8,2,576,1,143000
945,1958,1958,354,819,1344,0,3,1,1,0,7,2,525,5,137500
946,1890,1996,0,1088,1188,561,2,1,1,0,7,2,456,5,124900
947,1959,1959,102,1144,1144,0,3,1,1,0,6,1,796,6,143000
948,2002,2003,316,1616,1629,0,3,1,2,0,9,3,808,0,270000
949,2002,2002,936,936,936,840,3,1,2,1,7,2,474,1,192500
950,1972,2006,179,1161,1381,0,3,1,1,1,5,2,676,5,197500
951,1950,2002,317,864,864,0,3,1,1,0,5,2,720,4,129000
952,1965,1965,187,828,965,0,3,1,1,0,6,1,300,4,119900
953,1972,2003,108,768,768,0,2,1,1,0,5,1,396,1,133900
954,1969,1969,29,784,1168,800,4,1,2,1,7,2,530,4,172000
955,1975,1975,0,945,980,0,4,0,2,0,4,0,0,2,127500
956,1946,1950,495,979,979,979,4,2,2,0,8,2,492,5,145000
957,1980,1980,276,561,561,668,2,1,1,1,5,2,462,5,124000
958,1962,1962,640,1057,1057,0,3,1,1,0,6,2,576,3,132000
959,2003,2003,638,1337,1337,0,3,1,2,0,6,2,531,0,185000
960,1999,1999,92,696,696,720,3,1,2,1,6,2,484,2,155000
961,1958,2008,162,858,858,0,2,1,1,0,4,0,0,4,116500
962,1977,1995,434,1330,1542,1330,4,1,2,1,11,2,619,3,272000
963,1976,1976,248,804,804,744,3,1,2,1,7,2,440,0,155000
964,2007,2007,1800,1800,1800,0,2,1,2,0,7,2,702,4,239000
965,2002,2003,193,817,824,1070,4,1,2,1,8,2,510,5,214900
966,2005,2007,783,783,783,701,3,1,2,1,8,2,393,3,178900
967,1940,1950,300,728,976,332,2,1,1,1,7,1,256,1,160000
968,1955,1955,196,1098,1098,0,3,1,1,0,6,1,260,4,135000
969,1910,1950,600,600,600,368,2,1,1,0,6,0,0,1,37900
970,1958,1958,75,588,1095,0,2,1,1,0,6,1,264,6,140000
971,1949,1950,720,720,720,472,4,1,1,1,6,0,0,2,135000
972,2003,2004,197,764,764,862,2,1,2,0,6,2,474,2,173000
973,1979,1979,918,918,918,0,2,1,2,0,5,1,264,6,99500
974,2007,2008,1428,1428,1428,0,3,1,2,0,6,2,480,2,182000
975,1910,1993,728,728,1136,883,3,1,1,0,8,2,532,0,167500
976,2000,2000,32,673,673,709,3,1,2,1,6,2,490,3,165000
977,1923,1958,440,440,869,0,2,1,1,0,4,0,0,0,85500
978,2006,2007,135,1241,1241,0,1,1,1,1,4,2,569,3,199900
979,1954,1954,342,894,894,0,3,1,1,0,5,2,400,5,110000
980,1963,1963,470,1121,1121,0,3,1,1,0,5,2,480,4,139000
981,1961,2007,77,944,999,0,3,1,1,0,6,2,588,2,178400
982,1998,1999,371,1225,1276,1336,4,1,2,1,8,3,676,1,336000
983,2007,2007,1266,1266,1266,0,2,1,2,0,6,2,388,5,159895
984,2002,2002,1128,1128,1149,1141,4,1,2,1,9,2,779,6,255900
985,1977,1977,0,0,1302,432,4,2,2,0,8,2,539,2,126000
986,1950,1950,124,1164,1164,0,3,1,1,0,5,1,240,5,125000
987,1910,2003,485,485,1001,634,2,1,1,0,5,1,255,5,117000
988,2009,2010,284,1930,1940,0,3,1,2,1,8,3,606,0,395192
989,1976,1976,692,848,1118,912,4,1,2,1,8,2,551,4,195000
990,2006,2006,770,770,778,798,3,1,2,1,6,2,614,6,197000
991,1997,1998,322,1396,1407,985,3,1,2,1,7,3,870,5,348000
992,1882,1986,700,916,916,826,4,1,1,1,8,2,424,5,168000
993,1964,1993,169,822,1020,831,3,1,2,1,7,2,440,1,187000
994,2005,2006,750,750,750,750,3,1,2,1,6,2,564,1,173900
995,2006,2007,528,1700,1718,0,3,1,2,0,7,3,786,5,337500
996,1946,1950,363,747,774,456,3,1,1,1,5,1,305,6,121600
997,1961,1961,135,1050,1050,0,3,1,1,0,6,1,368,6,136500
998,1970,1970,1442,1442,1442,0,2,1,2,0,6,2,615,5,185000
999,1922,1950,1007,1007,1077,0,3,1,1,0,6,1,210,3,91000
1000,2006,2006,501,1187,1208,0,2,1,2,0,6,2,632,3,206000
1001,1952,1952,0,0,944,0,2,1,1,0,4,2,528,4,82000
1002,1920,1950,691,691,691,0,2,1,1,0,4,1,216,0,86000
1003,2006,2006,1550,1574,1574,0,3,1,2,0,7,3,824,5,232000
1004,1976,1976,1680,1680,1680,0,4,2,2,0,8,2,528,0,136905
1005,2005,2006,1330,1346,1504,0,1,1,2,0,7,2,457,3,181000
1006,1977,1977,390,985,985,0,3,1,2,0,6,1,328,1,149900
1007,1970,1970,420,1657,1657,0,3,1,2,0,7,2,484,3,163500
1008,1970,1970,0,546,546,546,3,1,1,1,6,1,286,3,88000
1009,2004,2005,1710,1710,1710,0,3,1,2,0,7,2,550,3,240000
1010,1926,1950,1008,1008,1008,0,4,1,2,0,7,0,0,6,102000
1011,1948,1950,720,720,720,551,4,1,2,0,7,1,312,5,135000
1012,1965,1965,0,0,1664,0,4,2,2,0,8,0,0,6,100000
1013,1923,1996,602,602,900,602,3,1,1,1,7,1,180,3,165000
1014,1910,2006,310,1022,1022,0,2,1,1,0,4,1,280,3,85000
1015,1948,1950,746,1082,1082,0,2,1,1,0,5,1,240,6,119200
1016,2001,2001,167,810,810,855,3,1,2,1,6,2,528,0,227000
1017,1996,1996,814,1504,1504,0,3,1,2,0,6,2,478,5,203000
1018,1984,1984,184,1220,1360,0,1,1,1,0,4,2,565,2,187500
1019,1991,1992,384,384,802,670,3,1,2,1,7,2,402,1,160000
1020,2005,2005,1346,1362,1506,0,2,1,2,0,6,2,440,5,213490
1021,2005,2005,108,1132,1132,0,2,1,1,1,5,2,451,5,176000
1022,2006,2006,515,1199,1220,0,2,1,2,0,6,2,632,0,194000
1023,1930,1950,588,912,912,336,2,1,1,0,6,1,160,1,87000
1024,2005,2006,1330,1346,1504,0,2,1,2,0,7,2,437,1,191000
1025,1976,1976,0,1565,2898,0,2,1,2,0,10,2,665,6,287000
1026,1972,1972,276,882,882,0,3,1,1,0,5,2,461,4,112500
1027,1960,1960,571,1268,1264,0,3,1,1,0,6,2,461,6,167500
1028,2007,2008,125,1638,1646,0,3,1,2,0,7,3,800,2,293077
1029,1941,1950,359,768,968,408,3,1,1,0,6,1,240,0,105000
1030,1972,1972,355,672,672,546,3,1,1,1,7,1,264,2,118000
1031,1916,1995,686,686,948,980,5,2,2,0,10,0,0,1,160000
1032,1920,1970,301,824,1687,998,5,1,2,1,12,2,672,6,197000
1033,1993,1993,326,1338,1352,1168,5,1,2,1,10,3,796,1,310000
1034,2002,2002,668,1654,1654,0,3,1,2,0,6,3,900,2,230000
1035,1938,1950,920,920,954,0,2,1,1,0,5,1,240,0,119750
1036,1957,1957,0,0,845,0,3,1,1,0,5,1,290,4,84000
1037,2007,2008,598,1620,1620,0,2,1,2,0,6,3,912,6,315500
1038,2001,2002,1055,1055,1055,1208,3,1,2,1,7,2,905,3,287000
1039,1970,2008,546,546,798,546,3,1,1,1,6,0,0,2,97000
1040,1970,1970,121,630,630,0,1,1,1,0,3,1,286,1,80000
1041,1957,2000,284,1134,1803,0,3,1,2,0,8,2,484,6,155000
1042,1966,2000,336,800,800,832,4,1,1,1,7,2,484,3,173000
1043,2005,2005,406,1306,1306,0,1,1,2,0,5,2,624,6,196000
1044,1990,1990,390,1475,1532,797,4,1,2,1,10,2,514,6,262280
1045,1981,1981,1420,2524,2524,0,4,1,2,1,9,2,542,4,278000
1046,1955,1955,0,0,1733,0,4,1,2,0,8,2,452,4,139600
1047,2005,2006,1752,1992,1992,876,4,1,3,1,11,3,716,1,556581
1048,1994,1995,304,990,990,0,3,1,1,0,5,2,672,1,145000
1049,1960,2006,0,0,1771,0,3,1,1,0,9,2,336,4,115000
1050,1946,2006,0,0,930,0,2,1,1,0,6,1,308,3,84900
1051,2007,2007,1302,1302,1302,0,3,1,2,0,6,2,436,3,176485
1052,2007,2007,1316,1316,1316,0,3,1,2,0,6,2,440,0,200141
1053,1964,1978,374,816,1127,850,4,1,1,1,9,2,540,4,165000
1054,1957,2002,833,1216,1526,0,4,1,1,0,7,1,364,5,144500
1055,2002,2002,133,1065,1091,898,3,1,2,1,7,2,586,0,255000
1056,1976,1976,549,1193,1523,0,3,1,2,0,7,2,478,3,180000
1057,2005,2005,705,1364,1364,0,2,1,2,0,6,2,484,1,185850
1058,1994,1994,378,973,979,871,3,1,2,1,7,2,467,5,248000
1059,2008,2008,168,1104,1130,1054,3,1,2,1,10,3,836,1,335000
1060,1932,1950,0,854,1096,895,3,1,1,1,7,2,432,3,220000
1061,2001,2001,722,1338,1338,0,2,1,2,0,6,2,582,0,213500
1062,1935,1950,894,894,894,0,2,1,1,0,6,3,1248,6,81000
1063,1900,1950,662,662,1422,915,5,2,2,0,10,2,560,0,90000
1064,1925,1980,706,1103,1103,0,2,1,1,0,5,2,440,2,110500
1065,1966,1966,184,1154,1154,0,3,1,1,1,6,2,480,0,154000
1066,1996,1997,105,1306,1306,954,3,1,2,1,7,2,533,2,328000
1067,1993,1994,799,799,799,772,3,1,2,1,7,2,380,5,178000
1068,1964,1964,0,780,798,813,4,1,1,1,7,2,442,0,167900
1069,1973,1973,105,942,1291,1230,5,1,2,1,10,2,576,3,151400
1070,1949,2003,625,845,893,0,2,1,1,0,4,2,576,6,135000
1071,1956,1956,462,1048,1048,0,3,1,1,0,6,1,286,6,135000
1072,1968,1968,429,727,829,727,4,1,1,1,8,2,441,6,154000
1073,1948,1950,810,810,1002,454,4,1,1,0,7,1,280,3,91500
1074,1977,1977,155,690,698,728,3,1,1,1,6,2,440,4,159500
1075,2006,2006,1240,1240,1240,0,2,1,2,0,5,3,826,3,194000
1076,1940,1984,390,800,960,780,3,1,1,1,6,1,240,1,219500
1077,1936,1989,170,796,1096,370,3,1,2,0,7,2,566,2,170000
1078,1969,1969,230,1096,1096,0,3,1,1,0,6,1,299,2,138800
1079,2004,2004,186,848,848,0,1,1,1,0,3,2,420,0,155900
1080,1994,1994,495,990,990,0,3,1,1,0,5,1,299,2,126000
1081,1971,2004,602,1258,1258,0,3,1,2,0,5,2,528,1,145000
1082,1963,1963,216,1040,1040,0,3,1,1,1,5,1,308,6,133000
1083,2002,2002,1459,1459,1459,0,3,1,2,0,6,2,527,5,192000
1084,1964,1964,698,1251,1251,0,3,1,1,0,6,1,461,1,160000
1085,1995,1996,99,691,691,807,3,1,2,1,6,2,409,2,187500
1086,1992,1992,189,936,996,0,2,1,1,0,5,2,564,4,147000
1087,1973,1973,212,546,546,546,3,1,1,1,6,1,286,3,83500
1088,2005,2006,1082,1082,1082,871,3,1,2,1,9,3,1043,5,252000
1089,2004,2004,970,970,970,739,3,1,2,0,7,2,380,4,137500
1090,2005,2005,208,1247,1247,0,1,1,1,1,4,2,550,3,197000
1091,1950,1950,0,0,1040,0,2,2,2,0,6,2,400,4,92900
1092,1999,2000,90,600,624,628,2,1,2,1,4,2,462,0,160000
1093,1925,1950,758,1181,1390,304,4,1,2,0,7,2,576,3,136500
1094,1965,1998,203,864,1200,0,1,1,1,1,6,2,884,0,146000
1095,1956,2000,448,936,936,0,2,1,1,0,4,1,308,4,129000
1096,2006,2006,1290,1314,1314,0,3,1,2,0,6,2,440,3,176432
1097,1914,2006,684,684,773,582,3,1,1,1,7,0,0,4,127000
1098,1986,1986,1074,1074,1088,0,2,1,1,1,5,2,461,3,170000
1099,1936,1950,0,672,757,567,3,1,1,0,6,1,240,6,128000
1100,1978,1978,567,1271,1601,0,3,1,2,0,7,2,478,1,157000
1101,1920,1950,0,290,438,0,1,1,1,0,3,1,246,0,60000
1102,1971,1971,251,950,950,0,3,1,1,0,5,1,280,1,119500
1103,1960,2002,422,1010,1134,0,2,1,1,0,6,1,254,5,135000
1104,1959,1959,0,655,1194,0,3,1,1,0,6,2,539,6,159500
1105,1970,1970,630,630,630,672,3,1,2,1,6,2,440,1,106000
1106,1994,1995,431,1463,1500,1122,3,1,2,1,9,2,712,5,325000
1107,1990,1991,172,910,1442,0,3,1,2,0,6,2,719,1,179900
1108,2006,2006,868,868,887,1134,3,1,2,1,9,2,422,5,274725
1109,2000,2000,924,924,948,742,3,1,2,1,7,2,463,5,181000
1110,2004,2005,797,1836,1836,0,3,1,2,0,7,3,862,1,280000
1111,1995,1996,554,773,773,885,3,1,2,1,8,2,431,4,188000
1112,1976,1976,400,803,1098,866,4,1,2,1,8,2,483,6,205000
1113,1957,1957,108,816,816,0,2,1,1,0,5,1,308,3,129900
1114,1953,2006,365,1008,1008,0,2,1,1,0,6,1,240,5,134500
1115,1954,2000,418,833,833,0,2,1,1,0,4,1,326,1,117000
1116,2007,2007,730,1734,1734,0,3,1,2,0,7,3,928,6,318000
1117,2002,2002,55,408,779,640,3,1,2,1,7,2,527,3,184100
1118,1967,2003,192,894,894,0,3,1,1,0,5,2,450,3,130000
1119,1958,1987,533,533,1021,580,3,1,1,0,6,1,300,3,140000
1120,1959,1959,671,1040,1040,0,3,1,1,0,6,1,286,5,133700
1121,1920,1950,1012,1012,1012,0,2,1,1,0,6,1,308,6,118400
1122,2005,2006,1528,1552,1552,0,3,1,2,0,7,3,782,0,212900
1123,1956,1956,672,672,960,0,3,1,1,0,5,1,288,1,112000
1124,1947,2008,698,698,698,0,2,1,1,0,4,0,0,0,118000
1125,1992,1992,384,384,812,670,3,1,2,1,7,2,392,5,163900
1126,1955,1955,1005,1005,1005,0,2,1,1,0,5,2,672,5,115000
1127,2007,2007,1373,1373,1555,0,2,1,2,0,7,3,660,3,174000
1128,2004,2004,230,1530,1530,0,3,1,2,0,7,3,630,1,259000
1129,2004,2005,847,847,847,1112,4,1,2,1,8,2,434,3,215000
1130,1980,1980,0,936,936,0,2,1,1,0,4,2,672,1,140000
1131,1928,1950,500,1122,1328,653,4,1,2,0,7,2,576,4,135000
1132,1991,1992,762,974,974,0,3,1,1,0,5,0,0,2,93500
1133,1880,1950,1008,1008,1178,1032,5,1,2,0,8,1,205,1,117500
1134,1995,1995,544,1128,1142,878,3,1,2,1,8,2,466,1,239500
1135,1997,1997,916,916,916,684,3,1,2,1,7,2,460,0,169000
1136,1926,1950,960,960,986,0,2,1,1,0,5,1,180,0,102000
1137,1950,1950,752,1032,1032,220,3,1,1,0,6,1,288,5,119000
1138,1875,1996,780,780,780,240,2,1,1,0,6,0,0,1,94000
1139,1977,1977,0,1567,1567,0,2,1,2,0,5,2,714,0,196000
1140,1920,1950,270,915,1167,0,3,1,1,0,6,2,495,4,144000
1141,1951,1951,100,952,952,0,2,1,1,0,4,2,840,3,139000
1142,1976,1976,399,780,1088,780,4,1,2,1,9,2,484,2,197500
1143,2006,2007,316,1466,1466,1362,4,1,3,0,11,3,1052,3,424870
1144,1959,1959,718,1006,1006,0,3,1,1,0,5,0,0,2,80000
1145,1941,1950,324,672,672,252,2,1,1,0,5,1,280,6,80000
1146,1928,1950,1042,1042,1042,534,3,1,1,0,8,1,225,2,149000
1147,1985,1985,40,1298,1298,0,3,1,2,0,5,2,403,1,180000
1148,1941,1950,429,704,860,704,3,1,1,1,7,1,234,1,174500
1149,1926,1950,572,572,572,539,2,1,1,0,5,1,288,0,116900
1150,1920,1988,26,650,832,650,3,1,1,0,7,2,324,0,143000
1151,1950,1950,932,932,932,0,2,1,1,0,4,1,306,2,124000
1152,1959,1959,1290,1466,1466,0,3,1,1,1,6,2,528,4,149900
1153,1956,2004,230,1073,1811,0,2,1,1,0,6,2,470,2,230000
1154,1930,2007,278,816,816,0,2,1,1,0,5,1,432,0,120500
1155,1965,1988,410,864,902,918,4,1,1,2,8,2,492,4,201800
1156,1976,2004,280,1437,1437,0,3,1,2,0,6,2,528,3,218000
1157,1965,1999,586,1219,1265,0,3,1,2,0,6,2,502,3,179900
1158,2007,2008,410,1314,1314,0,2,1,2,0,6,2,626,1,230000
1159,2007,2008,1580,1580,1580,0,3,1,2,0,7,3,830,0,235128
1160,1974,1974,459,901,943,933,4,1,2,1,8,2,540,1,185000
1161,1978,1978,544,855,855,601,3,1,2,1,7,2,440,0,146000
1162,1954,2006,568,1296,1640,0,3,1,1,0,7,2,924,4,224000
1163,1968,1968,402,894,894,0,3,1,1,0,5,2,450,0,129000
1164,1969,1969,0,1198,1258,0,0,2,0,2,6,2,400,5,108959
1165,1978,1978,289,1360,1432,0,2,1,1,1,5,2,588,5,194000
1166,2009,2009,1502,1502,1502,0,3,1,2,0,7,2,644,3,233170
1167,2008,2008,1694,1694,1694,0,3,1,2,0,7,3,776,2,245350
1168,2000,2000,173,959,959,712,3,1,2,1,7,2,472,2,173000
1169,1935,1986,501,1127,1236,872,4,1,2,0,7,2,540,0,235000
1170,1995,1996,543,1930,1831,1796,4,1,3,1,10,3,807,5,625000
1171,1977,1977,574,1096,1118,0,3,1,1,0,6,1,358,3,171000
1172,1958,1958,599,1261,1261,0,3,1,1,0,6,2,433,6,163000
1173,2006,2007,625,625,625,625,2,1,2,1,5,2,625,4,171900
1174,1946,1994,977,1598,1636,971,3,1,3,0,12,0,0,2,200500
1175,1932,1950,449,952,1170,1175,4,1,2,1,9,2,360,0,239000
1176,1992,2000,983,1683,2129,743,4,1,2,1,9,2,541,3,285000
1177,1984,1985,218,876,923,0,3,1,1,0,5,1,264,3,119500
1178,1926,2004,350,818,818,406,3,1,1,0,5,1,210,4,115000
1179,1921,1950,731,731,820,523,3,1,1,1,7,1,186,0,154900
1180,1954,1954,0,0,1124,0,3,1,1,0,5,0,0,5,93000
1181,1990,1991,0,1216,1298,1216,4,1,2,1,8,2,693,2,250000
1182,2008,2008,120,1600,1652,0,2,1,2,0,5,2,482,1,392500
1183,1996,1996,300,2396,2411,2065,4,1,3,1,10,3,813,5,745000
1184,1920,1950,299,1120,1130,0,2,1,1,0,5,2,720,0,120000
1185,1963,1963,413,1572,1572,0,3,1,1,1,5,3,995,4,186700
1186,1924,1950,392,784,949,272,4,1,1,0,7,1,392,1,104900
1187,1900,1970,538,978,1014,685,3,2,2,0,7,2,420,2,95000
1188,1994,1995,168,1624,1624,0,2,1,2,0,5,3,757,0,262000
1189,2002,2002,831,831,831,829,3,1,2,1,7,2,493,0,195000
1190,1999,1999,994,994,1028,776,3,1,2,1,7,2,442,2,189000
1191,1961,1975,90,1249,1622,0,3,1,1,0,7,4,1356,5,168000
1192,1999,2000,776,776,764,677,2,1,2,1,5,2,492,5,174000
1193,1925,1994,702,702,842,630,3,1,1,0,6,1,250,1,125000
1194,1999,1999,341,1224,1224,0,2,1,2,0,5,2,402,5,165000
1195,1969,1969,292,663,663,689,4,1,1,1,7,1,299,0,158000
1196,2005,2005,728,728,728,728,3,1,2,1,8,2,400,3,176000
1197,2006,2006,879,879,879,984,4,1,2,1,9,3,660,1,219210
1198,1916,1950,815,815,815,875,3,1,1,0,7,1,225,6,144000
1199,2001,2001,1212,1212,1212,0,3,1,2,0,6,2,573,5,178000
1200,1963,1979,504,1051,1382,0,3,1,1,1,6,2,459,1,148000
1201,1970,1970,864,864,864,0,3,1,1,0,5,1,280,3,116050
1202,1998,1998,866,866,866,913,3,1,2,1,6,2,546,5,197900
1203,1925,1997,884,884,884,464,3,1,1,0,5,1,216,2,117000
1204,2000,2001,1630,1630,1630,0,3,1,2,0,6,2,451,1,213000
1205,1975,1975,268,1056,1074,0,3,1,1,1,6,2,495,5,153500
1206,1990,1991,1496,2158,2196,0,3,1,2,0,7,3,701,3,271900
1207,1966,1966,0,1056,1056,0,2,1,1,0,5,1,384,0,107000
1208,2003,2003,1342,1682,1700,0,3,1,2,0,7,2,544,3,200000
1209,1962,1980,319,931,1283,0,3,1,1,0,6,2,506,6,140000
1210,2006,2006,440,1660,1660,0,3,1,2,0,8,2,500,2,290000
1211,1992,1992,1055,1055,1055,790,3,1,2,1,8,2,462,2,189000
1212,1988,2005,132,559,1080,672,4,1,2,0,8,2,492,1,164000
1213,1941,1950,328,672,672,0,2,1,1,0,4,1,234,0,113000
1214,1965,2001,0,648,960,0,0,1,0,0,3,1,364,3,145000
1215,1962,1962,141,925,999,0,3,1,1,0,6,1,300,3,134500
1216,1966,1966,340,894,894,0,3,1,1,0,5,1,384,3,125000
1217,1978,1978,0,0,1318,584,4,2,2,0,8,2,539,2,112000
1218,2009,2009,364,1300,1314,0,3,1,2,0,6,2,552,4,229456
1219,1947,1950,0,0,672,240,2,1,1,0,3,0,0,5,80500
1220,1971,1971,672,672,672,546,3,1,1,1,7,0,0,5,91500
1221,1964,1964,0,912,912,0,2,1,1,0,5,1,288,2,115000
1222,1968,1968,210,952,1211,0,3,1,1,0,5,1,322,4,134000
1223,1949,1950,844,1040,1168,678,3,1,2,0,7,1,315,4,143000
1224,1951,1951,1380,2136,2136,0,4,1,2,0,7,2,528,1,137900
1225,2004,2005,64,788,788,702,3,1,2,1,8,2,388,2,184000
1226,1958,1958,81,588,1138,0,3,1,1,0,6,1,264,2,145000
1227,2007,2007,894,894,894,1039,4,1,2,1,9,3,668,5,214000
1228,1965,2008,317,912,912,0,2,1,1,0,5,2,576,2,147000
1229,2008,2008,162,1702,1702,0,1,1,1,1,7,3,1052,5,367294
1230,1960,1960,409,1075,1507,0,4,1,2,0,7,1,404,4,127000
1231,1977,1977,652,1361,1361,1259,4,2,2,2,12,2,600,3,190000
1232,1962,1962,303,1106,1190,0,3,1,1,0,6,2,540,0,132500
1233,1962,1962,0,0,1224,0,2,2,2,0,6,2,462,0,101800
1234,1959,1959,188,1188,1188,0,3,1,1,0,6,2,531,2,142000
1235,1911,1950,940,940,1024,940,4,1,1,1,7,0,0,1,130000
1236,1914,1950,747,747,892,892,4,1,1,1,9,1,180,5,138887
1237,2003,2003,764,764,764,862,2,1,2,1,6,2,474,1,175500
1238,2004,2005,847,847,847,1101,4,1,2,1,8,2,434,4,195000
1239,2005,2005,1141,1141,1141,0,3,1,1,1,6,2,484,1,142500
1240,2006,2006,1048,1476,1484,0,2,1,2,0,6,2,472,1,265900
1241,2003,2003,334,884,884,884,3,1,2,1,8,2,543,6,224900
1242,2007,2007,1689,1689,1689,0,3,1,2,0,7,3,954,3,248328
1243,1974,1974,0,1053,1173,0,3,1,2,0,6,2,528,6,170000
1244,2006,2006,690,2076,2076,0,2,1,2,1,7,3,850,5,465000
1245,1929,1950,792,792,792,725,3,1,1,0,7,2,400,4,230000
1246,1984,2003,585,585,1140,728,3,1,3,1,7,2,477,6,178000
1247,2005,2006,756,756,756,797,3,1,2,1,6,2,615,5,186500
1248,1976,1976,473,1012,1034,0,3,1,1,0,6,3,888,1,169900
1249,1917,1950,416,735,1134,924,3,1,1,1,8,2,396,0,129500
1250,1950,1950,246,876,988,0,3,1,1,0,6,1,276,2,119000
1251,1968,1968,1045,2110,2110,0,3,1,2,1,8,2,522,3,244000
1252,2003,2003,1405,1405,1405,0,2,1,2,0,6,2,478,3,171750
1253,1968,1968,354,864,874,0,3,1,1,0,5,1,288,3,130000
1254,1974,2003,36,1192,1516,651,3,1,2,1,9,2,518,2,294000
1255,2003,2004,746,746,760,896,3,1,2,1,7,2,397,4,165400
1256,1931,1950,459,884,959,408,3,1,1,0,6,1,560,4,127500
1257,1994,1994,672,1986,1987,0,2,1,2,0,7,2,691,1,301500
1258,1922,1950,864,864,864,0,2,1,1,0,4,0,0,3,99900
1259,2005,2005,201,856,1166,0,2,1,2,0,5,2,400,6,190000
1260,1969,1969,14,1054,1054,0,3,1,1,1,6,2,460,0,151000
1261,1999,1999,841,841,892,783,3,1,2,1,7,2,502,2,181000
1262,1956,1956,546,1050,1050,0,2,1,1,0,5,1,338,6,128900
1263,1957,1989,1104,1104,1104,684,5,1,1,0,8,1,304,1,161500
1264,1919,1950,764,764,1060,764,3,1,1,0,8,2,520,2,180500
1265,1998,1999,1139,1405,1337,0,2,1,2,0,5,2,511,0,181000
1266,1999,1999,241,691,713,739,3,1,2,1,6,2,506,4,183900
1267,1910,1950,925,925,964,925,4,2,1,1,9,1,308,2,122000
1268,2008,2009,2002,2002,2018,0,3,1,2,0,10,3,746,1,378500
1269,1935,1997,536,728,1968,1479,4,1,3,1,11,3,1014,0,381000
1270,1958,1958,414,874,874,650,3,1,1,1,7,1,315,2,144000
1271,1979,1979,74,1332,1332,192,0,1,0,1,4,2,586,0,260000
1272,1968,1968,1489,1489,1489,0,3,1,2,0,7,2,462,2,185750
1273,1965,1965,0,935,935,0,3,1,1,0,5,1,288,4,137000
1274,1959,2006,300,1019,1357,0,2,1,1,0,5,1,312,6,177000
1275,1910,2003,661,661,661,589,3,1,2,0,8,2,552,0,139000
1276,1948,1950,708,928,928,992,4,2,2,0,10,2,400,3,137000
1277,1972,1972,130,723,735,660,3,1,1,1,6,2,497,4,162000
1278,1967,1976,1152,1680,1724,0,3,1,1,1,7,2,480,0,197900
1279,2002,2002,324,1128,1128,903,3,1,2,1,7,2,577,0,237000
1280,1920,1950,698,698,698,430,2,1,1,0,6,2,528,6,68400
1281,2002,2002,785,1573,1573,0,3,1,2,0,6,2,544,6,227000
1282,1990,1990,256,1309,1339,0,2,1,2,0,6,2,484,1,180000
1283,1977,2008,364,1040,1040,0,3,1,2,0,5,2,484,5,150500
1284,1971,1971,912,912,912,912,4,2,2,2,8,0,0,6,139000
1285,1919,1990,804,804,1699,748,4,1,2,0,10,1,336,3,169000
1286,1939,1950,780,780,825,587,4,1,1,0,6,1,280,0,132500
1287,1963,1963,678,1328,1328,0,3,1,1,1,6,2,528,3,143000
1288,1964,1964,812,1624,1582,0,4,1,2,0,7,2,390,3,190000
1289,2000,2000,343,1501,1659,0,2,1,2,0,5,2,499,2,278000
1290,2006,2006,1085,1085,1120,850,3,1,2,1,8,3,753,2,281000
1291,1964,1964,138,1152,1152,0,3,1,1,0,6,2,484,4,180500
1292,1972,1972,399,630,630,672,3,1,2,1,6,1,264,0,119500
1293,1892,1965,994,994,1378,994,4,2,2,0,11,1,432,0,107500
1294,1976,1976,638,832,832,832,4,1,2,1,8,2,528,3,162900
1295,1955,1990,697,864,864,0,2,1,1,0,5,2,572,0,115000
1296,1968,1968,36,1052,1052,0,3,1,1,1,5,1,288,5,138500
1297,1963,1963,344,1120,1128,0,3,1,2,0,6,2,525,5,155000
1298,2005,2006,0,547,1072,0,2,1,2,0,5,2,525,1,140000
1299,2008,2008,466,6110,4692,950,3,1,2,1,12,2,1418,4,160000
1300,1959,1994,0,1246,1246,0,3,1,1,1,6,1,305,3,154000
1301,1999,1999,284,978,1005,978,3,1,2,1,9,2,490,2,225000
1302,1942,1950,224,771,753,741,3,1,1,0,7,1,213,6,177500
1303,1994,1994,425,1165,1203,1323,4,1,2,1,8,3,844,5,290000
1304,2005,2005,1616,1616,1616,0,3,1,2,0,7,3,834,3,232000
1305,2004,2004,976,976,976,732,3,1,2,0,7,2,380,1,130000
1306,2006,2007,80,1652,1652,0,2,1,2,0,6,2,840,0,325000
1307,2005,2006,1368,1368,1368,0,2,1,2,0,6,2,474,1,202500
1308,1994,1995,244,990,990,0,3,1,1,0,5,2,480,0,138000
1309,1948,2005,172,924,1122,0,2,1,1,0,6,2,528,2,147000
1310,1991,1991,78,1278,1294,0,3,1,2,0,6,2,496,3,179200
1311,1959,2002,496,1902,1902,0,3,1,2,0,7,2,567,6,335000
1312,2005,2007,349,1274,1274,0,3,1,2,0,6,2,508,5,203000
1313,1990,1990,971,1453,1453,1357,4,1,2,1,9,2,750,2,302000
1314,1999,1999,1393,1393,1422,1177,4,1,2,1,10,3,779,0,333168
1315,1954,1954,216,948,948,0,3,1,1,0,5,1,280,5,119000
1316,1969,1969,176,952,1092,1020,4,1,2,1,9,2,576,0,206900
1317,2008,2008,1622,1622,1630,0,3,1,2,0,8,3,860,6,295493
1318,2006,2007,1352,1352,1352,0,2,1,2,0,5,2,466,4,208900
1319,2001,2002,1753,1753,1787,0,3,1,2,0,7,3,748,2,275000
1320,1954,1954,372,864,948,0,3,1,1,0,5,1,248,4,111000
1321,1957,1957,628,1478,1478,0,3,1,1,1,6,2,442,6,156500
1322,1949,1950,0,0,720,0,2,1,1,0,4,1,287,4,72500
1323,1992,1992,76,750,1061,862,3,1,2,1,8,2,564,2,190000
1324,1940,1950,140,420,708,0,2,1,1,0,5,0,0,2,82500
1325,2006,2007,1795,1795,1795,0,2,1,2,0,7,3,895,3,147000
1326,1922,1950,796,796,796,0,2,1,1,0,5,0,0,2,55000
1327,1931,2006,0,544,774,0,3,1,1,0,6,0,0,2,79000
1328,1982,2008,175,816,816,0,3,1,1,0,5,1,264,5,130500
1329,1920,1950,1017,1510,1584,1208,5,1,2,0,8,2,520,3,256000
1330,1998,1998,935,935,955,677,3,1,2,1,8,2,462,4,176500
1331,2006,2006,1588,1588,1588,0,3,1,2,0,7,3,825,3,227000
1332,1976,1976,428,911,954,0,3,1,1,0,6,2,576,6,132500
1333,1938,1958,126,816,816,0,2,1,1,0,3,1,288,5,100000
1334,1938,1995,803,803,803,557,2,1,1,1,6,1,297,3,125500
1335,1970,1970,0,765,765,600,3,1,1,1,7,2,440,5,125000
1336,1977,1977,664,1350,1334,0,2,1,2,0,6,2,630,0,167900
1337,1973,1973,1656,1656,1656,0,4,2,2,0,8,2,506,0,135000
1338,1941,1950,693,693,693,0,2,1,1,0,4,0,0,6,52500
1339,2002,2002,216,916,920,941,3,1,2,1,8,2,492,5,200000
1340,1972,1972,504,864,864,0,3,1,1,0,5,1,288,1,128500
1341,1971,1971,858,858,872,0,3,1,1,0,5,4,480,5,123000
1342,2003,2004,300,1114,1114,0,3,1,1,0,6,2,576,4,155000
1343,2002,2002,1284,1284,1284,885,3,1,2,1,7,2,647,6,228500
1344,1928,1950,896,896,1172,741,3,1,1,1,9,2,342,3,177000
1345,2006,2006,728,728,728,728,3,1,2,1,8,2,440,2,155835
1346,1920,1950,710,960,960,0,2,1,1,0,5,1,308,1,108500
1347,1968,2003,1203,1568,2156,0,3,1,2,0,9,2,508,3,262500
1348,2006,2007,1652,1732,1776,0,3,1,2,0,7,3,712,1,283463
1349,1998,1998,39,1482,1494,0,3,1,2,0,5,2,514,3,215000
1350,1872,1987,425,684,938,1215,4,1,2,0,8,0,0,0,122000
1351,1969,1969,748,1248,1338,1296,6,2,2,2,12,4,968,5,200000
1352,1962,1962,539,858,858,858,4,1,1,1,8,2,490,5,171000
1353,1937,2000,698,698,786,390,2,1,1,0,4,2,624,2,134900
1354,1995,1996,1217,2033,2053,1185,4,1,2,1,9,3,666,2,410000
1355,2000,2000,257,992,992,873,3,1,2,1,7,3,839,2,235000
1356,1968,1992,570,570,1222,698,4,1,3,0,8,2,487,6,170000
1357,1966,1966,524,864,892,0,3,1,1,0,5,1,264,1,110000
1358,1971,2008,344,1078,1078,0,3,1,1,1,6,2,500,1,149900
1359,2000,2000,378,756,769,804,3,1,2,1,5,2,440,4,177500
1360,2004,2005,533,1980,1980,0,3,1,2,0,8,3,770,3,315000
1361,1921,1998,612,612,990,1611,4,1,3,1,8,2,621,6,189000
1362,2005,2005,256,1530,1530,0,3,1,2,0,7,2,430,2,260000
1363,1920,2007,715,715,1281,457,4,1,2,0,7,1,368,6,104900
1364,2006,2007,616,616,616,796,3,1,2,1,6,2,432,5,156932
1365,2005,2005,600,600,520,600,2,1,2,1,4,2,480,0,144152
1366,2000,2000,281,814,814,860,3,1,2,1,7,2,663,1,216000
1367,1999,1999,240,873,882,908,3,1,2,1,7,2,588,1,193000
1368,1977,1977,36,757,925,550,4,1,2,0,6,1,336,1,127000
1369,2003,2004,163,848,848,0,1,1,1,0,4,2,420,2,144000
1370,2003,2003,315,1657,1668,0,3,1,2,0,8,2,502,4,232000
1371,1920,1950,420,840,840,534,2,1,1,0,6,1,338,1,105000
1372,1955,1996,161,992,1661,0,3,1,1,0,8,1,377,4,165500
1373,1998,1998,133,1108,1108,989,3,1,2,1,8,2,583,5,274300
1374,2001,2002,1351,2633,2633,0,2,1,2,1,8,3,804,4,466500
1375,2005,2005,1026,1026,1026,932,3,1,2,1,9,3,936,4,250000
1376,2007,2007,1571,1571,1571,0,3,1,2,0,7,3,722,3,239000
1377,1930,1950,384,768,790,0,2,1,1,0,4,1,160,1,91000
1378,1941,1960,156,984,984,620,3,1,2,0,6,2,660,2,117000
1379,1973,1973,174,483,483,504,2,1,1,1,5,1,264,4,83000
1380,2006,2007,384,384,754,640,3,1,2,1,7,2,400,4,167500
1381,1914,1950,661,864,864,0,2,1,1,0,5,1,200,4,58500
1382,1970,1970,340,1205,2117,0,4,1,2,1,7,2,550,0,237500
1383,1920,1950,596,596,998,764,4,1,1,1,8,2,576,0,157000
1384,1918,2007,816,816,1416,0,3,1,2,0,7,2,576,5,112000
1385,1939,1950,356,560,698,560,2,1,1,0,6,1,280,0,105000
1386,1922,2007,61,796,796,358,3,1,1,0,7,1,240,0,125500
1387,1978,1978,133,1392,1392,1392,5,1,3,1,12,2,564,6,250000
1388,1916,1950,0,714,1664,862,5,1,2,0,10,1,216,1,136000
1389,2006,2007,426,1746,1746,0,3,1,2,0,7,3,758,4,377500
1390,1941,1950,360,735,869,349,3,1,1,0,6,2,440,6,131000
1391,2000,2000,125,1525,1525,0,3,1,2,0,6,2,541,2,235000
1392,1967,1967,1584,1584,1584,0,4,2,2,0,8,3,792,0,124000
1393,1967,1967,95,864,900,0,3,1,1,0,6,1,288,5,123000
1394,1905,2000,482,482,1221,691,3,2,2,0,7,2,672,2,163000
1395,2006,2006,286,1356,1500,0,2,1,2,0,6,3,648,1,246578
1396,2005,2006,1094,1094,1133,1349,4,1,2,1,9,3,642,6,281213
1397,1948,1950,60,747,1687,0,3,1,1,0,7,2,572,0,160000
1398,1920,2004,939,939,939,574,4,1,1,1,8,1,180,1,137500
1399,1950,1982,676,1208,1136,768,3,1,1,1,7,1,240,3,138000
1400,1925,1990,712,976,1160,448,3,1,2,1,7,1,216,1,137450
1401,1929,1950,862,862,950,208,3,1,1,0,5,1,208,1,120000
1402,2004,2004,80,839,864,729,3,1,2,1,8,2,398,6,193000
1403,2006,2006,1286,1286,1294,0,2,1,2,0,6,2,662,6,193879
1404,2007,2007,556,1485,1464,0,3,1,2,0,6,3,754,0,282922
1405,1915,1950,672,672,694,520,3,1,1,0,6,3,936,6,105000
1406,2004,2005,221,1594,1646,0,2,1,2,0,5,2,482,0,275000
1407,1972,2007,112,768,768,0,2,1,1,0,5,2,396,3,133000
1408,1985,1985,208,833,833,0,3,1,1,0,5,0,0,0,112000
1409,1910,1950,622,622,741,622,3,1,1,0,6,2,528,6,125500
1410,1986,1991,791,791,1236,857,3,1,2,1,7,2,542,2,215000
1411,2001,2001,278,944,944,896,3,1,2,1,6,2,622,0,230000
1412,1950,2005,736,856,1112,556,3,1,1,1,6,1,271,2,140000
1413,1949,1950,0,0,1040,0,2,2,2,0,6,2,420,0,90000
1414,2005,2006,868,1844,1844,0,2,1,2,0,7,2,620,5,257000
1415,1923,2000,833,833,1053,795,4,1,1,1,8,2,370,5,207000
1416,2007,2007,398,1386,1569,0,1,1,2,0,7,3,660,2,175900
1417,1885,1950,777,777,1246,1044,4,2,2,0,11,2,560,3,122500
1418,1998,1998,503,1284,1310,1140,3,1,2,1,7,3,1069,0,340000
1419,1963,1963,247,1144,1144,0,3,1,1,1,6,1,336,3,124000
1420,1969,1969,734,1844,1844,0,3,1,2,0,7,2,540,3,223000
1421,1968,1968,304,708,708,708,3,1,2,1,7,2,776,2,179900
1422,1977,1977,709,1069,1069,0,2,1,2,0,4,2,440,4,127500
1423,2003,2003,162,848,848,0,1,1,1,0,3,2,420,4,136500
1424,1966,1966,697,697,1575,626,4,1,2,0,8,2,432,0,274970
1425,1958,1983,193,1024,1344,0,2,1,1,0,6,1,484,6,144000
1426,1959,1959,1252,1252,1252,0,3,1,1,0,7,2,528,4,142000
1427,1994,1994,223,1223,1223,904,3,1,2,1,5,2,525,0,271000
1428,1945,1950,333,913,1048,510,3,1,1,1,6,1,288,4,140000
1429,1940,1992,278,788,804,0,2,1,1,0,4,1,240,3,119000
1430,1981,1981,762,1440,1440,0,3,1,2,0,7,2,467,1,182900
1431,2005,2005,732,732,734,1104,4,1,2,1,7,2,372,2,192140
1432,1976,1976,0,958,958,0,2,1,2,0,5,2,440,4,143750
1433,1927,2007,656,656,968,0,4,1,2,0,5,1,216,4,64500
1434,2000,2000,936,936,962,830,3,1,2,1,8,2,451,0,186500
1435,1977,1977,190,1126,1126,0,3,1,2,0,5,2,484,6,160000
1436,1962,2005,1319,1319,1537,0,3,1,1,1,7,2,462,2,174000
1437,1971,1971,248,864,864,0,3,1,1,0,5,2,528,4,120500
1438,2008,2008,596,1932,1932,0,2,1,2,0,7,3,774,3,394617
1439,1957,1996,312,912,1236,0,2,1,1,0,6,2,923,1,149700
1440,1979,1979,114,539,1040,685,3,1,2,1,6,2,550,0,197000
1441,1922,1994,588,588,1423,748,3,1,2,0,11,2,672,1,191000
1442,2004,2004,151,848,848,0,1,1,1,0,3,2,420,3,149300
1443,2008,2008,252,1017,1026,981,3,1,2,1,10,3,812,2,310000
1444,1916,1950,952,952,952,0,2,1,1,0,4,1,192,4,121000
1445,2004,2004,1422,1422,1422,0,3,1,2,0,7,2,626,2,179600
1446,1966,1966,0,814,913,0,3,1,1,0,6,1,240,1,129000
1447,1962,1962,595,1188,1188,0,3,1,1,0,6,1,312,4,157900
1448,1995,1996,141,1220,1220,870,3,1,2,1,8,2,556,0,240000
1449,1910,2000,560,560,796,550,2,1,1,1,6,1,384,0,112000
1450,1970,1970,77,630,630,0,1,1,1,0,3,0,0,5,92000
1451,1974,1974,896,896,896,896,4,2,2,2,8,0,0,4,136000
1452,2008,2009,1573,1573,1578,0,3,1,2,0,7,3,840,3,287090
1453,2005,2005,0,547,1072,0,2,1,1,0,5,2,525,5,145000
1454,2006,2006,1140,1140,1140,0,3,1,1,0,6,0,0,6,84500
1455,2004,2005,811,1221,1221,0,2,1,2,0,6,2,400,5,185000
1456,1999,2000,953,953,953,694,3,1,2,1,7,2,460,0,175000
1457,1978,1988,589,1542,2073,0,3,1,2,0,7,2,500,2,210000
1458,1941,2006,877,1152,1188,1152,4,1,2,0,9,1,252,3,266500
1459,1950,1996,0,1078,1078,0,2,1,1,0,5,1,240,5,142125
1460,1965,1965,136,1256,1256,0,3,1,1,1,6,1,276,4,147500
