[{"prenom":"ABDOULAYE","sexe":"M","departement":"91","annee_naissance":2006,"nombre_occurences":5},{"prenom":"ABIGAEL","sexe":"F","departement":"91","annee_naissance":2006,"nombre_occurences":4},{"prenom":"ABIGAIL","sexe":"F","departement":"91","annee_naissance":2006,"nombre_occurences":3},{"prenom":"ABOUBACAR","sexe":"M","departement":"91","annee_naissance":2006,"nombre_occurences":4},{"prenom":"ABYGAELLE","sexe":"F","departement":"91","annee_naissance":2006,"nombre_occurences":3},{"prenom":"ACHILLE","sexe":"M","departement":"91","annee_naissance":2006,"nombre_occurences":5},{"prenom":"ACHRAF","sexe":"M","departement":"91","annee_naissance":2006,"nombre_occurences":4},{"prenom":"ADAM","sexe":"M","departement":"91","annee_naissance":2006,"nombre_occurences":55},{"prenom":"ADAMA","sexe":"M","departement":"91","annee_naissance":2006,"nombre_occurences":8},{"prenom":"ADAME","sexe":"M","departement":"91","annee_naissance":2006,"nombre_occurences":4},{"prenom":"ADEL","sexe":"M","departement":"91","annee_naissance":2006,"nombre_occurences":4},{"prenom":"ADELE","sexe":"F","departement":"91","annee_naissance":2006,"nombre_occurences":7},{"prenom":"ADELINE","sexe":"F","departement":"91","annee_naissance":2006,"nombre_occurences":3},{"prenom":"ADEM","sexe":"M","departement":"91","annee_naissance":2006,"nombre_occurences":8},{"prenom":"ADRIANA","sexe":"F","departement":"91","annee_naissance":2006,"nombre_occurences":4},{"prenom":"ADRIANO","sexe":"M","departement":"91","annee_naissance":2006,"nombre_occurences":3},{"prenom":"ADRIEN","sexe":"M","departement":"91","annee_naissance":2006,"nombre_occurences":34},{"prenom":"AGATHE","sexe":"F","departement":"91","annee_naissance":2006,"nombre_occurences":9},{"prenom":"AGNES","sexe":"F","departement":"91","annee_naissance":2006,"nombre_occurences":3},{"prenom":"AHMED","sexe":"M","departement":"91","annee_naissance":2006,"nombre_occurences":10},{"prenom":"AHMET","sexe":"M","departement":"91","annee_naissance":2006,"nombre_occurences":3},{"prenom":"AICHA","sexe":"F","departement":"91","annee_naissance":2006,"nombre_occurences":10},{"prenom":"AIDAN","sexe":"M","departement":"91","annee_naissance":2006,"nombre_occurences":5},{"prenom":"AISSATA","sexe":"F","departement":"91","annee_naissance":2006,"nombre_occurences":3},{"prenom":"AISSATOU","sexe":"F","departement":"91","annee_naissance":2006,"nombre_occurences":3},{"prenom":"ALAIN","sexe":"M","departement":"91","annee_naissance":2006,"nombre_occurences":5},{"prenom":"ALAN","sexe":"M","departement":"91","annee_naissance":2006,"nombre_occurences":11},{"prenom":"ALANA","sexe":"F","departement":"91","annee_naissance":2006,"nombre_occurences":3},{"prenom":"ALBAN","sexe":"M","departement":"91","annee_naissance":2006,"nombre_occurences":8},{"prenom":"ALBANE","sexe":"F","departement":"91","annee_naissance":2006,"nombre_occurences":5},{"prenom":"ALEC","sexe":"M","departement":"91","annee_naissance":2006,"nombre_occurences":3},{"prenom":"ALESSANDRO","sexe":"M","departement":"91","annee_naissance":2006,"nombre_occurences":5},{"prenom":"ALEX","sexe":"M","departement":"91","annee_naissance":2006,"nombre_occurences":9},{"prenom":"ALEXANDRA","sexe":"F","departement":"91","annee_naissance":2006,"nombre_occurences":17},{"prenom":"ALEXANDRE","sexe":"M","departement":"91","annee_naissance":2006,"nombre_occurences":87},{"prenom":"ALEXANDRINE","sexe":"F","departement":"91","annee_naissance":2006,"nombre_occurences":3},{"prenom":"ALEXANE","sexe":"F","departement":"91","annee_naissance":2006,"nombre_occurences":6},{"prenom":"ALEXI","sexe":"M","departement":"91","annee_naissance":2006,"nombre_occurences":4},{"prenom":"ALEXIA","sexe":"F","departement":"91","annee_naissance":2006,"nombre_occurences":10},{"prenom":"ALEXIS","sexe":"M","departement":"91","annee_naissance":2006,"nombre_occurences":79},{"prenom":"ALEXY","sexe":"M","departement":"91","annee_naissance":2006,"nombre_occurences":7},{"prenom":"ALI","sexe":"M","departement":"91","annee_naissance":2006,"nombre_occurences":10},{"prenom":"ALIA","sexe":"F","departement":"91","annee_naissance":2006,"nombre_occurences":3},{"prenom":"ALICE","sexe":"F","departement":"91","annee_naissance":2006,"nombre_occurences":19},{"prenom":"ALICIA","sexe":"F","departement":"91","annee_naissance":2006,"nombre_occurences":36},{"prenom":"ALIENOR","sexe":"F","departement":"91","annee_naissance":2006,"nombre_occurences":4},{"prenom":"ALINE","sexe":"F","departement":"91","annee_naissance":2006,"nombre_occurences":5},{"prenom":"ALIX","sexe":"F","departement":"91","annee_naissance":2006,"nombre_occurences":7},{"prenom":"ALIX","sexe":"M","departement":"91","annee_naissance":2006,"nombre_occurences":7},{"prenom":"ALIYA","sexe":"F","departement":"91","annee_naissance":2006,"nombre_occurences":7},{"prenom":"ALIYAH","sexe":"F","departement":"91","annee_naissance":2006,"nombre_occurences":3},{"prenom":"ALIZEE","sexe":"F","departement":"91","annee_naissance":2006,"nombre_occurences":6},{"prenom":"ALLAN","sexe":"M","departement":"91","annee_naissance":2006,"nombre_occurences":7},{"prenom":"ALOIS","sexe":"M","departement":"91","annee_naissance":2006,"nombre_occurences":3},{"prenom":"ALVIN","sexe":"M","departement":"91","annee_naissance":2006,"nombre_occurences":4},{"prenom":"ALYA","sexe":"F","departement":"91","annee_naissance":2006,"nombre_occurences":4},{"prenom":"ALYCIA","sexe":"F","departement":"91","annee_naissance":2006,"nombre_occurences":10},{"prenom":"ALYSON","sexe":"F","departement":"91","annee_naissance":2006,"nombre_occurences":3},{"prenom":"ALYSSA","sexe":"F","departement":"91","annee_naissance":2006,"nombre_occurences":18},{"prenom":"ALYSSIA","sexe":"F","departement":"91","annee_naissance":2006,"nombre_occurences":4},{"prenom":"AMADOU","sexe":"M","departement":"91","annee_naissance":2006,"nombre_occurences":3},{"prenom":"AMANDINE","sexe":"F","departement":"91","annee_naissance":2006,"nombre_occurences":18},{"prenom":"AMAURY","sexe":"M","departement":"91","annee_naissance":2006,"nombre_occurences":8},{"prenom":"AMBRE","sexe":"F","departement":"91","annee_naissance":2006,"nombre_occurences":37},{"prenom":"AMEL","sexe":"F","departement":"91","annee_naissance":2006,"nombre_occurences":11},{"prenom":"AMELIE","sexe":"F","departement":"91","annee_naissance":2006,"nombre_occurences":11},{"prenom":"AMINA","sexe":"F","departement":"91","annee_naissance":2006,"nombre_occurences":10},{"prenom":"AMINATA","sexe":"F","departement":"91","annee_naissance":2006,"nombre_occurences":12},{"prenom":"AMINE","sexe":"M","departement":"91","annee_naissance":2006,"nombre_occurences":31},{"prenom":"AMIR","sexe":"M","departement":"91","annee_naissance":2006,"nombre_occurences":4},{"prenom":"ANAE","sexe":"F","departement":"91","annee_naissance":2006,"nombre_occurences":5},{"prenom":"ANAELLE","sexe":"F","departement":"91","annee_naissance":2006,"nombre_occurences":24},{"prenom":"ANAIS","sexe":"F","departement":"91","annee_naissance":2006,"nombre_occurences":75},{"prenom":"ANAS","sexe":"M","departement":"91","annee_naissance":2006,"nombre_occurences":4},{"prenom":"ANASTASIA","sexe":"F","departement":"91","annee_naissance":2006,"nombre_occurences":5},{"prenom":"ANATOLE","sexe":"M","departement":"91","annee_naissance":2006,"nombre_occurences":3},{"prenom":"ANDRE","sexe":"M","departement":"91","annee_naissance":2006,"nombre_occurences":3},{"prenom":"ANDREA","sexe":"F","departement":"91","annee_naissance":2006,"nombre_occurences":17},{"prenom":"ANDREA","sexe":"M","departement":"91","annee_naissance":2006,"nombre_occurences":3},{"prenom":"ANDREAS","sexe":"M","departement":"91","annee_naissance":2006,"nombre_occurences":5},{"prenom":"ANDY","sexe":"M","departement":"91","annee_naissance":2006,"nombre_occurences":11},{"prenom":"ANGE","sexe":"M","departement":"91","annee_naissance":2006,"nombre_occurences":5},{"prenom":"ANGEL","sexe":"M","departement":"91","annee_naissance":2006,"nombre_occurences":3},{"prenom":"ANGELA","sexe":"F","departement":"91","annee_naissance":2006,"nombre_occurences":5},{"prenom":"ANGELE","sexe":"F","departement":"91","annee_naissance":2006,"nombre_occurences":11},{"prenom":"ANGELINA","sexe":"F","departement":"91","annee_naissance":2006,"nombre_occurences":30},{"prenom":"ANGELIQUE","sexe":"F","departement":"91","annee_naissance":2006,"nombre_occurences":3},{"prenom":"ANGELO","sexe":"M","departement":"91","annee_naissance":2006,"nombre_occurences":10},{"prenom":"ANIS","sexe":"M","departement":"91","annee_naissance":2006,"nombre_occurences":15},{"prenom":"ANISSA","sexe":"F","departement":"91","annee_naissance":2006,"nombre_occurences":11},{"prenom":"ANNA","sexe":"F","departement":"91","annee_naissance":2006,"nombre_occurences":18},{"prenom":"ANNABELLE","sexe":"F","departement":"91","annee_naissance":2006,"nombre_occurences":3},{"prenom":"ANNE-LISE","sexe":"F","departement":"91","annee_naissance":2006,"nombre_occurences":3},{"prenom":"ANNE-SOPHIE","sexe":"F","departement":"91","annee_naissance":2006,"nombre_occurences":3},{"prenom":"ANOUK","sexe":"F","departement":"91","annee_naissance":2006,"nombre_occurences":4},{"prenom":"ANTHONY","sexe":"M","departement":"91","annee_naissance":2006,"nombre_occurences":35},{"prenom":"ANTOINE","sexe":"M","departement":"91","annee_naissance":2006,"nombre_occurences":53},{"prenom":"ANTON","sexe":"M","departement":"91","annee_naissance":2006,"nombre_occurences":5},{"prenom":"ANTONIN","sexe":"M","departement":"91","annee_naissance":2006,"nombre_occurences":15},{"prenom":"ANTONY","sexe":"M","departement":"91","annee_naissance":2006,"nombre_occurences":7},{"prenom":"APOLLINE","sexe":"F","departement":"91","annee_naissance":2006,"nombre_occurences":4},{"prenom":"ARDA","sexe":"M","departement":"91","annee_naissance":2006,"nombre_occurences":6},{"prenom":"ARMAND","sexe":"M","departement":"91","annee_naissance":2006,"nombre_occurences":4},{"prenom":"ARMEL","sexe":"M","departement":"91","annee_naissance":2006,"nombre_occurences":3},{"prenom":"ARNAUD","sexe":"M","departement":"91","annee_naissance":2006,"nombre_occurences":6},{"prenom":"ARNO","sexe":"M","departement":"91","annee_naissance":2006,"nombre_occurences":3},{"prenom":"ARTHUR","sexe":"M","departement":"91","annee_naissance":2006,"nombre_occurences":53},{"prenom":"ARWEN","sexe":"F","departement":"91","annee_naissance":2006,"nombre_occurences":5},{"prenom":"ASMA","sexe":"F","departement":"91","annee_naissance":2006,"nombre_occurences":4},{"prenom":"ASSIA","sexe":"F","departement":"91","annee_naissance":2006,"nombre_occurences":14},{"prenom":"ASTRID","sexe":"F","departement":"91","annee_naissance":2006,"nombre_occurences":5},{"prenom":"AUBIN","sexe":"M","departement":"91","annee_naissance":2006,"nombre_occurences":4},{"prenom":"AUDREY","sexe":"F","departement":"91","annee_naissance":2006,"nombre_occurences":11},{"prenom":"AUGUSTIN","sexe":"M","departement":"91","annee_naissance":2006,"nombre_occurences":6},{"prenom":"AURELIE","sexe":"F","departement":"91","annee_naissance":2006,"nombre_occurences":11},{"prenom":"AURELIEN","sexe":"M","departement":"91","annee_naissance":2006,"nombre_occurences":17},{"prenom":"AURORE","sexe":"F","departement":"91","annee_naissance":2006,"nombre_occurences":13},{"prenom":"AWA","sexe":"F","departement":"91","annee_naissance":2006,"nombre_occurences":4},{"prenom":"AXEL","sexe":"M","departement":"91","annee_naissance":2006,"nombre_occurences":50},{"prenom":"AXELLE","sexe":"F","departement":"91","annee_naissance":2006,"nombre_occurences":10},{"prenom":"AYA","sexe":"F","departement":"91","annee_naissance":2006,"nombre_occurences":7},{"prenom":"AYANA","sexe":"F","departement":"91","annee_naissance":2006,"nombre_occurences":3},{"prenom":"AYMAN","sexe":"M","departement":"91","annee_naissance":2006,"nombre_occurences":3},{"prenom":"AYMEN","sexe":"M","departement":"91","annee_naissance":2006,"nombre_occurences":7},{"prenom":"AYMERIC","sexe":"M","departement":"91","annee_naissance":2006,"nombre_occurences":7},{"prenom":"AYOUB","sexe":"M","departement":"91","annee_naissance":2006,"nombre_occurences":25},{"prenom":"AYRTON","sexe":"M","departement":"91","annee_naissance":2006,"nombre_occurences":3},{"prenom":"BAPTISTE","sexe":"M","departement":"91","annee_naissance":2006,"nombre_occurences":36},{"prenom":"BARAN","sexe":"M","departement":"91","annee_naissance":2006,"nombre_occurences":4},{"prenom":"BASILE","sexe":"M","departement":"91","annee_naissance":2006,"nombre_occurences":4},{"prenom":"BASTIAN","sexe":"M","departement":"91","annee_naissance":2006,"nombre_occurences":3},{"prenom":"BASTIEN","sexe":"M","departement":"91","annee_naissance":2006,"nombre_occurences":25},{"prenom":"BEATRICE","sexe":"F","departement":"91","annee_naissance":2006,"nombre_occurences":3},{"prenom":"BELINDA","sexe":"F","departement":"91","annee_naissance":2006,"nombre_occurences":3},{"prenom":"BENEDICTE","sexe":"F","departement":"91","annee_naissance":2006,"nombre_occurences":4},{"prenom":"BENJAMIN","sexe":"M","departement":"91","annee_naissance":2006,"nombre_occurences":41},{"prenom":"BENOIT","sexe":"M","departement":"91","annee_naissance":2006,"nombre_occurences":5},{"prenom":"BERENICE","sexe":"F","departement":"91","annee_naissance":2006,"nombre_occurences":5},{"prenom":"BILAL","sexe":"M","departement":"91","annee_naissance":2006,"nombre_occurences":20},{"prenom":"BILEL","sexe":"M","departement":"91","annee_naissance":2006,"nombre_occurences":8},{"prenom":"BINTOU","sexe":"F","departement":"91","annee_naissance":2006,"nombre_occurences":5},{"prenom":"BLANCHE","sexe":"F","departement":"91","annee_naissance":2006,"nombre_occurences":3},{"prenom":"BOUCHRA","sexe":"F","departement":"91","annee_naissance":2006,"nombre_occurences":3},{"prenom":"BRADLEY","sexe":"M","departement":"91","annee_naissance":2006,"nombre_occurences":3},{"prenom":"BRENDA","sexe":"F","departement":"91","annee_naissance":2006,"nombre_occurences":3},{"prenom":"BRIAN","sexe":"M","departement":"91","annee_naissance":2006,"nombre_occurences":4},{"prenom":"BRUNO","sexe":"M","departement":"91","annee_naissance":2006,"nombre_occurences":3},{"prenom":"BRYAN","sexe":"M","departement":"91","annee_naissance":2006,"nombre_occurences":15},{"prenom":"CALISTA","sexe":"F","departement":"91","annee_naissance":2006,"nombre_occurences":6},{"prenom":"CALVIN","sexe":"M","departement":"91","annee_naissance":2006,"nombre_occurences":5},{"prenom":"CAMELIA","sexe":"F","departement":"91","annee_naissance":2006,"nombre_occurences":7},{"prenom":"CAMERON","sexe":"M","departement":"91","annee_naissance":2006,"nombre_occurences":5},{"prenom":"CAMILLE","sexe":"F","departement":"91","annee_naissance":2006,"nombre_occurences":88},{"prenom":"CAMILLE","sexe":"M","departement":"91","annee_naissance":2006,"nombre_occurences":3},{"prenom":"CANDICE","sexe":"F","departement":"91","annee_naissance":2006,"nombre_occurences":12},{"prenom":"CEDRIC","sexe":"M","departement":"91","annee_naissance":2006,"nombre_occurences":9},{"prenom":"CELIAN","sexe":"M","departement":"91","annee_naissance":2006,"nombre_occurences":7},{"prenom":"CESAR","sexe":"M","departement":"91","annee_naissance":2006,"nombre_occurences":4},{"prenom":"CHARLES","sexe":"M","departement":"91","annee_naissance":2006,"nombre_occurences":11},{"prenom":"CHARLIE","sexe":"M","departement":"91","annee_naissance":2006,"nombre_occurences":3},{"prenom":"CHEIKH","sexe":"M","departement":"91","annee_naissance":2006,"nombre_occurences":3},{"prenom":"CHRIS","sexe":"M","departement":"91","annee_naissance":2006,"nombre_occurences":5},{"prenom":"CHRIST","sexe":"M","departement":"91","annee_naissance":2006,"nombre_occurences":5},{"prenom":"CHRISTIAN","sexe":"M","departement":"91","annee_naissance":2006,"nombre_occurences":3},{"prenom":"CHRISTOPHE","sexe":"M","departement":"91","annee_naissance":2006,"nombre_occurences":4},{"prenom":"CHRISTOPHER","sexe":"M","departement":"91","annee_naissance":2006,"nombre_occurences":8},{"prenom":"CLEMENT","sexe":"M","departement":"91","annee_naissance":2006,"nombre_occurences":79},{"prenom":"CLOVIS","sexe":"M","departement":"91","annee_naissance":2006,"nombre_occurences":7},{"prenom":"COME","sexe":"M","departement":"91","annee_naissance":2006,"nombre_occurences":4},{"prenom":"CORENTIN","sexe":"M","departement":"91","annee_naissance":2006,"nombre_occurences":32},{"prenom":"CRISTIANO","sexe":"M","departement":"91","annee_naissance":2006,"nombre_occurences":3},{"prenom":"CURTIS","sexe":"M","departement":"91","annee_naissance":2006,"nombre_occurences":7},{"prenom":"CYPRIEN","sexe":"M","departement":"91","annee_naissance":2006,"nombre_occurences":8},{"prenom":"CYRIL","sexe":"M","departement":"91","annee_naissance":2006,"nombre_occurences":6},{"prenom":"DAMIAN","sexe":"M","departement":"91","annee_naissance":2006,"nombre_occurences":3},{"prenom":"DAMIEN","sexe":"M","departement":"91","annee_naissance":2006,"nombre_occurences":21},{"prenom":"DAN","sexe":"M","departement":"91","annee_naissance":2006,"nombre_occurences":4},{"prenom":"DANIEL","sexe":"M","departement":"91","annee_naissance":2006,"nombre_occurences":11},{"prenom":"DANY","sexe":"M","departement":"91","annee_naissance":2006,"nombre_occurences":7},{"prenom":"DAVID","sexe":"M","departement":"91","annee_naissance":2006,"nombre_occurences":22},{"prenom":"DAVY","sexe":"M","departement":"91","annee_naissance":2006,"nombre_occurences":5},{"prenom":"DEMBA","sexe":"M","departement":"91","annee_naissance":2006,"nombre_occurences":3},{"prenom":"DENIS","sexe":"M","departement":"91","annee_naissance":2006,"nombre_occurences":5},{"prenom":"DENIZ","sexe":"M","departement":"91","annee_naissance":2006,"nombre_occurences":3},{"prenom":"DIEGO","sexe":"M","departement":"91","annee_naissance":2006,"nombre_occurences":20},{"prenom":"DIMITRI","sexe":"M","departement":"91","annee_naissance":2006,"nombre_occurences":7},{"prenom":"DJIBRIL","sexe":"M","departement":"91","annee_naissance":2006,"nombre_occurences":18},{"prenom":"DONOVAN","sexe":"M","departement":"91","annee_naissance":2006,"nombre_occurences":3},{"prenom":"DORIAN","sexe":"M","departement":"91","annee_naissance":2006,"nombre_occurences":21},{"prenom":"DORYAN","sexe":"M","departement":"91","annee_naissance":2006,"nombre_occurences":3},{"prenom":"DYLAN","sexe":"M","departement":"91","annee_naissance":2006,"nombre_occurences":34},{"prenom":"EDDY","sexe":"M","departement":"91","annee_naissance":2006,"nombre_occurences":4},{"prenom":"EDOUARD","sexe":"M","departement":"91","annee_naissance":2006,"nombre_occurences":4},{"prenom":"EL","sexe":"M","departement":"91","annee_naissance":2006,"nombre_occurences":4},{"prenom":"ELIAN","sexe":"M","departement":"91","annee_naissance":2006,"nombre_occurences":4},{"prenom":"ELIAS","sexe":"M","departement":"91","annee_naissance":2006,"nombre_occurences":17},{"prenom":"ELIE","sexe":"M","departement":"91","annee_naissance":2006,"nombre_occurences":11},{"prenom":"ELIJAH","sexe":"M","departement":"91","annee_naissance":2006,"nombre_occurences":4},{"prenom":"ELIOT","sexe":"M","departement":"91","annee_naissance":2006,"nombre_occurences":14},{"prenom":"ELIOTT","sexe":"M","departement":"91","annee_naissance":2006,"nombre_occurences":12},{"prenom":"ELLIOT","sexe":"M","departement":"91","annee_naissance":2006,"nombre_occurences":10},{"prenom":"ELOUAN","sexe":"M","departement":"91","annee_naissance":2006,"nombre_occurences":8},{"prenom":"ELYES","sexe":"M","departement":"91","annee_naissance":2006,"nombre_occurences":3},{"prenom":"EMERIC","sexe":"M","departement":"91","annee_naissance":2006,"nombre_occurences":4},{"prenom":"EMILE","sexe":"M","departement":"91","annee_naissance":2006,"nombre_occurences":3},{"prenom":"EMILIEN","sexe":"M","departement":"91","annee_naissance":2006,"nombre_occurences":4},{"prenom":"EMMA","sexe":"F","departement":"91","annee_naissance":2006,"nombre_occurences":120},{"prenom":"EMMANUEL","sexe":"M","departement":"91","annee_naissance":2006,"nombre_occurences":13},{"prenom":"EMMANUELLA","sexe":"F","departement":"91","annee_naissance":2006,"nombre_occurences":3},{"prenom":"EMMANUELLE","sexe":"F","departement":"91","annee_naissance":2006,"nombre_occurences":3},{"prenom":"EMMY","sexe":"F","departement":"91","annee_naissance":2006,"nombre_occurences":13},{"prenom":"EMRE","sexe":"M","departement":"91","annee_naissance":2006,"nombre_occurences":4},{"prenom":"EMY","sexe":"F","departement":"91","annee_naissance":2006,"nombre_occurences":8},{"prenom":"ENES","sexe":"M","departement":"91","annee_naissance":2006,"nombre_occurences":3},{"prenom":"ENOLA","sexe":"F","departement":"91","annee_naissance":2006,"nombre_occurences":11},{"prenom":"ENORA","sexe":"F","departement":"91","annee_naissance":2006,"nombre_occurences":22},{"prenom":"ENZO","sexe":"M","departement":"91","annee_naissance":2006,"nombre_occurences":161},{"prenom":"EREN","sexe":"M","departement":"91","annee_naissance":2006,"nombre_occurences":3},{"prenom":"ERIN","sexe":"F","departement":"91","annee_naissance":2006,"nombre_occurences":5},{"prenom":"ERINE","sexe":"F","departement":"91","annee_naissance":2006,"nombre_occurences":4},{"prenom":"ERWAN","sexe":"M","departement":"91","annee_naissance":2006,"nombre_occurences":36},{"prenom":"ERWANN","sexe":"M","departement":"91","annee_naissance":2006,"nombre_occurences":12},{"prenom":"ESTEBAN","sexe":"M","departement":"91","annee_naissance":2006,"nombre_occurences":25},{"prenom":"ESTELLE","sexe":"F","departement":"91","annee_naissance":2006,"nombre_occurences":6},{"prenom":"ESTHER","sexe":"F","departement":"91","annee_naissance":2006,"nombre_occurences":10},{"prenom":"ETAN","sexe":"M","departement":"91","annee_naissance":2006,"nombre_occurences":3},{"prenom":"ETHAN","sexe":"M","departement":"91","annee_naissance":2006,"nombre_occurences":76},{"prenom":"ETHANN","sexe":"M","departement":"91","annee_naissance":2006,"nombre_occurences":3},{"prenom":"ETIENNE","sexe":"M","departement":"91","annee_naissance":2006,"nombre_occurences":3},{"prenom":"EUGENIE","sexe":"F","departement":"91","annee_naissance":2006,"nombre_occurences":3},{"prenom":"EVA","sexe":"F","departement":"91","annee_naissance":2006,"nombre_occurences":74},{"prenom":"EVAELLE","sexe":"F","departement":"91","annee_naissance":2006,"nombre_occurences":3},{"prenom":"EVAN","sexe":"M","departement":"91","annee_naissance":2006,"nombre_occurences":70},{"prenom":"EVANN","sexe":"M","departement":"91","annee_naissance":2006,"nombre_occurences":9},{"prenom":"EVE","sexe":"F","departement":"91","annee_naissance":2006,"nombre_occurences":3},{"prenom":"EVEN","sexe":"M","departement":"91","annee_naissance":2006,"nombre_occurences":3},{"prenom":"EWAN","sexe":"M","departement":"91","annee_naissance":2006,"nombre_occurences":17},{"prenom":"EWEN","sexe":"M","departement":"91","annee_naissance":2006,"nombre_occurences":14},{"prenom":"EXAUCE","sexe":"M","departement":"91","annee_naissance":2006,"nombre_occurences":4},{"prenom":"FABIEN","sexe":"M","departement":"91","annee_naissance":2006,"nombre_occurences":5},{"prenom":"FABIO","sexe":"M","departement":"91","annee_naissance":2006,"nombre_occurences":11},{"prenom":"FANNY","sexe":"F","departement":"91","annee_naissance":2006,"nombre_occurences":16},{"prenom":"FANY","sexe":"F","departement":"91","annee_naissance":2006,"nombre_occurences":3},{"prenom":"FARAH","sexe":"F","departement":"91","annee_naissance":2006,"nombre_occurences":8},{"prenom":"FARES","sexe":"M","departement":"91","annee_naissance":2006,"nombre_occurences":10},{"prenom":"FATIMA","sexe":"F","departement":"91","annee_naissance":2006,"nombre_occurences":9},{"prenom":"FATOUMATA","sexe":"F","departement":"91","annee_naissance":2006,"nombre_occurences":11},{"prenom":"FAUSTINE","sexe":"F","departement":"91","annee_naissance":2006,"nombre_occurences":4},{"prenom":"FELICIE","sexe":"F","departement":"91","annee_naissance":2006,"nombre_occurences":3},{"prenom":"FELIX","sexe":"M","departement":"91","annee_naissance":2006,"nombre_occurences":3},{"prenom":"FLAVIE","sexe":"F","departement":"91","annee_naissance":2006,"nombre_occurences":14},{"prenom":"FLAVIEN","sexe":"M","departement":"91","annee_naissance":2006,"nombre_occurences":4},{"prenom":"FLAVIO","sexe":"M","departement":"91","annee_naissance":2006,"nombre_occurences":5},{"prenom":"FLORA","sexe":"F","departement":"91","annee_naissance":2006,"nombre_occurences":8},{"prenom":"FLORE","sexe":"F","departement":"91","annee_naissance":2006,"nombre_occurences":4},{"prenom":"FLORENT","sexe":"M","departement":"91","annee_naissance":2006,"nombre_occurences":5},{"prenom":"FLORIAN","sexe":"M","departement":"91","annee_naissance":2006,"nombre_occurences":40},{"prenom":"FLORIANE","sexe":"F","departement":"91","annee_naissance":2006,"nombre_occurences":5},{"prenom":"FLORINE","sexe":"F","departement":"91","annee_naissance":2006,"nombre_occurences":4},{"prenom":"FRANCOIS","sexe":"M","departement":"91","annee_naissance":2006,"nombre_occurences":7},{"prenom":"FREDERIC","sexe":"M","departement":"91","annee_naissance":2006,"nombre_occurences":3},{"prenom":"GABIN","sexe":"M","departement":"91","annee_naissance":2006,"nombre_occurences":11},{"prenom":"GABRIEL","sexe":"M","departement":"91","annee_naissance":2006,"nombre_occurences":63},{"prenom":"GABRIELLE","sexe":"F","departement":"91","annee_naissance":2006,"nombre_occurences":19},{"prenom":"GAEL","sexe":"M","departement":"91","annee_naissance":2006,"nombre_occurences":11},{"prenom":"GAELLE","sexe":"F","departement":"91","annee_naissance":2006,"nombre_occurences":10},{"prenom":"GAETAN","sexe":"M","departement":"91","annee_naissance":2006,"nombre_occurences":12},{"prenom":"GARANCE","sexe":"F","departement":"91","annee_naissance":2006,"nombre_occurences":6},{"prenom":"GAUTHIER","sexe":"M","departement":"91","annee_naissance":2006,"nombre_occurences":3},{"prenom":"GEOFFREY","sexe":"M","departement":"91","annee_naissance":2006,"nombre_occurences":4},{"prenom":"GIANNI","sexe":"M","departement":"91","annee_naissance":2006,"nombre_occurences":5},{"prenom":"GIOVANNI","sexe":"M","departement":"91","annee_naissance":2006,"nombre_occurences":7},{"prenom":"GIULIA","sexe":"F","departement":"91","annee_naissance":2006,"nombre_occurences":3},{"prenom":"GLORIA","sexe":"F","departement":"91","annee_naissance":2006,"nombre_occurences":3},{"prenom":"GRACE","sexe":"F","departement":"91","annee_naissance":2006,"nombre_occurences":11},{"prenom":"GREGOIRE","sexe":"M","departement":"91","annee_naissance":2006,"nombre_occurences":3},{"prenom":"GREGORY","sexe":"M","departement":"91","annee_naissance":2006,"nombre_occurences":7},{"prenom":"GUILHEM","sexe":"M","departement":"91","annee_naissance":2006,"nombre_occurences":3},{"prenom":"GUILLAUME","sexe":"M","departement":"91","annee_naissance":2006,"nombre_occurences":18},{"prenom":"GWENAEL","sexe":"M","departement":"91","annee_naissance":2006,"nombre_occurences":3},{"prenom":"GWENAELLE","sexe":"F","departement":"91","annee_naissance":2006,"nombre_occurences":6},{"prenom":"GWENDAL","sexe":"M","departement":"91","annee_naissance":2006,"nombre_occurences":4},{"prenom":"GWENDOLINE","sexe":"F","departement":"91","annee_naissance":2006,"nombre_occurences":3},{"prenom":"HABY","sexe":"F","departement":"91","annee_naissance":2006,"nombre_occurences":3},{"prenom":"HADJA","sexe":"F","departement":"91","annee_naissance":2006,"nombre_occurences":3},{"prenom":"HAFSA","sexe":"F","departement":"91","annee_naissance":2006,"nombre_occurences":4},{"prenom":"HAJAR","sexe":"F","departement":"91","annee_naissance":2006,"nombre_occurences":5},{"prenom":"HAMZA","sexe":"M","departement":"91","annee_naissance":2006,"nombre_occurences":23},{"prenom":"HANAE","sexe":"F","departement":"91","annee_naissance":2006,"nombre_occurences":4},{"prenom":"HANNA","sexe":"F","departement":"91","annee_naissance":2006,"nombre_occurences":4},{"prenom":"HANNAH","sexe":"F","departement":"91","annee_naissance":2006,"nombre_occurences":6},{"prenom":"HATOUMA","sexe":"F","departement":"91","annee_naissance":2006,"nombre_occurences":3},{"prenom":"HAVIN","sexe":"F","departement":"91","annee_naissance":2006,"nombre_occurences":4},{"prenom":"HAWA","sexe":"F","departement":"91","annee_naissance":2006,"nombre_occurences":13},{"prenom":"HELENA","sexe":"F","departement":"91","annee_naissance":2006,"nombre_occurences":8},{"prenom":"HELIN","sexe":"F","departement":"91","annee_naissance":2006,"nombre_occurences":3},{"prenom":"HELOISE","sexe":"F","departement":"91","annee_naissance":2006,"nombre_occurences":13},{"prenom":"HENRI","sexe":"M","departement":"91","annee_naissance":2006,"nombre_occurences":3},{"prenom":"HICHEM","sexe":"M","departement":"91","annee_naissance":2006,"nombre_occurences":4},{"prenom":"HUGO","sexe":"M","departement":"91","annee_naissance":2006,"nombre_occurences":90},{"prenom":"IBRAHIM","sexe":"M","departement":"91","annee_naissance":2006,"nombre_occurences":11},{"prenom":"IBRAHIMA","sexe":"M","departement":"91","annee_naissance":2006,"nombre_occurences":8},{"prenom":"IDA","sexe":"F","departement":"91","annee_naissance":2006,"nombre_occurences":3},{"prenom":"IDRIS","sexe":"M","departement":"91","annee_naissance":2006,"nombre_occurences":3},{"prenom":"IDRISS","sexe":"M","departement":"91","annee_naissance":2006,"nombre_occurences":9},{"prenom":"IDRISSA","sexe":"M","departement":"91","annee_naissance":2006,"nombre_occurences":4},{"prenom":"IKRAME","sexe":"F","departement":"91","annee_naissance":2006,"nombre_occurences":3},{"prenom":"ILAN","sexe":"M","departement":"91","annee_naissance":2006,"nombre_occurences":14},{"prenom":"ILANA","sexe":"F","departement":"91","annee_naissance":2006,"nombre_occurences":5},{"prenom":"ILANE","sexe":"M","departement":"91","annee_naissance":2006,"nombre_occurences":4},{"prenom":"ILHAN","sexe":"M","departement":"91","annee_naissance":2006,"nombre_occurences":6},{"prenom":"ILIAN","sexe":"M","departement":"91","annee_naissance":2006,"nombre_occurences":8},{"prenom":"ILIANA","sexe":"F","departement":"91","annee_naissance":2006,"nombre_occurences":3},{"prenom":"ILIAS","sexe":"M","departement":"91","annee_naissance":2006,"nombre_occurences":7},{"prenom":"ILIES","sexe":"M","departement":"91","annee_naissance":2006,"nombre_occurences":8},{"prenom":"ILONA","sexe":"F","departement":"91","annee_naissance":2006,"nombre_occurences":8},{"prenom":"ILYAN","sexe":"M","departement":"91","annee_naissance":2006,"nombre_occurences":5},{"prenom":"ILYANA","sexe":"F","departement":"91","annee_naissance":2006,"nombre_occurences":3},{"prenom":"ILYAS","sexe":"M","departement":"91","annee_naissance":2006,"nombre_occurences":13},{"prenom":"ILYES","sexe":"M","departement":"91","annee_naissance":2006,"nombre_occurences":34},{"prenom":"ILYESS","sexe":"M","departement":"91","annee_naissance":2006,"nombre_occurences":4},{"prenom":"IMANE","sexe":"F","departement":"91","annee_naissance":2006,"nombre_occurences":12},{"prenom":"IMEN","sexe":"F","departement":"91","annee_naissance":2006,"nombre_occurences":3},{"prenom":"IMENE","sexe":"F","departement":"91","annee_naissance":2006,"nombre_occurences":9},{"prenom":"INES","sexe":"F","departement":"91","annee_naissance":2006,"nombre_occurences":106},{"prenom":"INESS","sexe":"F","departement":"91","annee_naissance":2006,"nombre_occurences":3},{"prenom":"IRIS","sexe":"F","departement":"91","annee_naissance":2006,"nombre_occurences":6},{"prenom":"ISAAC","sexe":"M","departement":"91","annee_naissance":2006,"nombre_occurences":6},{"prenom":"ISMAEL","sexe":"M","departement":"91","annee_naissance":2006,"nombre_occurences":17},{"prenom":"ISSA","sexe":"M","departement":"91","annee_naissance":2006,"nombre_occurences":10},{"prenom":"IVAN","sexe":"M","departement":"91","annee_naissance":2006,"nombre_occurences":8},{"prenom":"JADE","sexe":"F","departement":"91","annee_naissance":2006,"nombre_occurences":76},{"prenom":"JALIL","sexe":"M","departement":"91","annee_naissance":2006,"nombre_occurences":3},{"prenom":"JASMINE","sexe":"F","departement":"91","annee_naissance":2006,"nombre_occurences":4},{"prenom":"JASON","sexe":"M","departement":"91","annee_naissance":2006,"nombre_occurences":19},{"prenom":"JAWAD","sexe":"M","departement":"91","annee_naissance":2006,"nombre_occurences":4},{"prenom":"JAYSON","sexe":"M","departement":"91","annee_naissance":2006,"nombre_occurences":4},{"prenom":"JEAN","sexe":"M","departement":"91","annee_naissance":2006,"nombre_occurences":10},{"prenom":"JEAN-BAPTISTE","sexe":"M","departement":"91","annee_naissance":2006,"nombre_occurences":5},{"prenom":"JEANNE","sexe":"F","departement":"91","annee_naissance":2006,"nombre_occurences":15},{"prenom":"JENNIFER","sexe":"F","departement":"91","annee_naissance":2006,"nombre_occurences":3},{"prenom":"JEREMIE","sexe":"M","departement":"91","annee_naissance":2006,"nombre_occurences":8},{"prenom":"JEREMY","sexe":"M","departement":"91","annee_naissance":2006,"nombre_occurences":18},{"prenom":"JEROME","sexe":"M","departement":"91","annee_naissance":2006,"nombre_occurences":6},{"prenom":"JESSICA","sexe":"F","departement":"91","annee_naissance":2006,"nombre_occurences":13},{"prenom":"JESSY","sexe":"M","departement":"91","annee_naissance":2006,"nombre_occurences":7},{"prenom":"JIBRIL","sexe":"M","departement":"91","annee_naissance":2006,"nombre_occurences":4},{"prenom":"JIHANE","sexe":"F","departement":"91","annee_naissance":2006,"nombre_occurences":4},{"prenom":"JIMMY","sexe":"M","departement":"91","annee_naissance":2006,"nombre_occurences":7},{"prenom":"JOACHIM","sexe":"M","departement":"91","annee_naissance":2006,"nombre_occurences":4},{"prenom":"JOAN","sexe":"M","departement":"91","annee_naissance":2006,"nombre_occurences":3},{"prenom":"JOANA","sexe":"F","departement":"91","annee_naissance":2006,"nombre_occurences":9},{"prenom":"JOANNA","sexe":"F","departement":"91","annee_naissance":2006,"nombre_occurences":3},{"prenom":"JOEL","sexe":"M","departement":"91","annee_naissance":2006,"nombre_occurences":5},{"prenom":"JOHAN","sexe":"M","departement":"91","annee_naissance":2006,"nombre_occurences":13},{"prenom":"JOHANN","sexe":"M","departement":"91","annee_naissance":2006,"nombre_occurences":5},{"prenom":"JOHANNA","sexe":"F","departement":"91","annee_naissance":2006,"nombre_occurences":6},{"prenom":"JOHANNE","sexe":"F","departement":"91","annee_naissance":2006,"nombre_occurences":3},{"prenom":"JONAS","sexe":"M","departement":"91","annee_naissance":2006,"nombre_occurences":3},{"prenom":"JONATHAN","sexe":"M","departement":"91","annee_naissance":2006,"nombre_occurences":8},{"prenom":"JORDAN","sexe":"M","departement":"91","annee_naissance":2006,"nombre_occurences":18},{"prenom":"JORIS","sexe":"M","departement":"91","annee_naissance":2006,"nombre_occurences":7},{"prenom":"JOSEPH","sexe":"M","departement":"91","annee_naissance":2006,"nombre_occurences":8},{"prenom":"JOSHUA","sexe":"M","departement":"91","annee_naissance":2006,"nombre_occurences":6},{"prenom":"JOYCE","sexe":"F","departement":"91","annee_naissance":2006,"nombre_occurences":4},{"prenom":"JULES","sexe":"M","departement":"91","annee_naissance":2006,"nombre_occurences":30},{"prenom":"JULIA","sexe":"F","departement":"91","annee_naissance":2006,"nombre_occurences":28},{"prenom":"JULIAN","sexe":"M","departement":"91","annee_naissance":2006,"nombre_occurences":8},{"prenom":"JULIE","sexe":"F","departement":"91","annee_naissance":2006,"nombre_occurences":56},{"prenom":"JULIEN","sexe":"M","departement":"91","annee_naissance":2006,"nombre_occurences":38},{"prenom":"JULIETTE","sexe":"F","departement":"91","annee_naissance":2006,"nombre_occurences":31},{"prenom":"JUSTINE","sexe":"F","departement":"91","annee_naissance":2006,"nombre_occurences":27},{"prenom":"KAINA","sexe":"F","departement":"91","annee_naissance":2006,"nombre_occurences":4},{"prenom":"KAIS","sexe":"M","departement":"91","annee_naissance":2006,"nombre_occurences":11},{"prenom":"KAMEL","sexe":"M","departement":"91","annee_naissance":2006,"nombre_occurences":3},{"prenom":"KAREN","sexe":"F","departement":"91","annee_naissance":2006,"nombre_occurences":4},{"prenom":"KARIM","sexe":"M","departement":"91","annee_naissance":2006,"nombre_occurences":4},{"prenom":"KARL","sexe":"M","departement":"91","annee_naissance":2006,"nombre_occurences":4},{"prenom":"KASSANDRA","sexe":"F","departement":"91","annee_naissance":2006,"nombre_occurences":8},{"prenom":"KAYLA","sexe":"F","departement":"91","annee_naissance":2006,"nombre_occurences":3},{"prenom":"KAYLIA","sexe":"F","departement":"91","annee_naissance":2006,"nombre_occurences":3},{"prenom":"KAYLIAH","sexe":"F","departement":"91","annee_naissance":2006,"nombre_occurences":4},{"prenom":"KELLY","sexe":"F","departement":"91","annee_naissance":2006,"nombre_occurences":11},{"prenom":"KELLYA","sexe":"F","departement":"91","annee_naissance":2006,"nombre_occurences":6},{"prenom":"KELYA","sexe":"F","departement":"91","annee_naissance":2006,"nombre_occurences":3},{"prenom":"KELYAN","sexe":"M","departement":"91","annee_naissance":2006,"nombre_occurences":10},{"prenom":"KENAN","sexe":"M","departement":"91","annee_naissance":2006,"nombre_occurences":3},{"prenom":"KENNY","sexe":"M","departement":"91","annee_naissance":2006,"nombre_occurences":7},{"prenom":"KENTIN","sexe":"M","departement":"91","annee_naissance":2006,"nombre_occurences":3},{"prenom":"KENY","sexe":"M","departement":"91","annee_naissance":2006,"nombre_occurences":3},{"prenom":"KENZA","sexe":"F","departement":"91","annee_naissance":2006,"nombre_occurences":12},{"prenom":"KENZO","sexe":"M","departement":"91","annee_naissance":2006,"nombre_occurences":4},{"prenom":"KEREN","sexe":"F","departement":"91","annee_naissance":2006,"nombre_occurences":3},{"prenom":"KERYAN","sexe":"M","departement":"91","annee_naissance":2006,"nombre_occurences":3},{"prenom":"KESSY","sexe":"F","departement":"91","annee_naissance":2006,"nombre_occurences":4},{"prenom":"KETSIA","sexe":"F","departement":"91","annee_naissance":2006,"nombre_occurences":4},{"prenom":"KEVIN","sexe":"M","departement":"91","annee_naissance":2006,"nombre_occurences":39},{"prenom":"KEYLIAN","sexe":"M","departement":"91","annee_naissance":2006,"nombre_occurences":3},{"prenom":"KEZIA","sexe":"F","departement":"91","annee_naissance":2006,"nombre_occurences":4},{"prenom":"KHADIDJA","sexe":"F","departement":"91","annee_naissance":2006,"nombre_occurences":4},{"prenom":"KHADIJA","sexe":"F","departement":"91","annee_naissance":2006,"nombre_occurences":3},{"prenom":"KIARA","sexe":"F","departement":"91","annee_naissance":2006,"nombre_occurences":6},{"prenom":"KILIAN","sexe":"M","departement":"91","annee_naissance":2006,"nombre_occurences":19},{"prenom":"KILLIAN","sexe":"M","departement":"91","annee_naissance":2006,"nombre_occurences":28},{"prenom":"KILYAN","sexe":"M","departement":"91","annee_naissance":2006,"nombre_occurences":3},{"prenom":"KIM","sexe":"F","departement":"91","annee_naissance":2006,"nombre_occurences":4},{"prenom":"KIMBERLEY","sexe":"F","departement":"91","annee_naissance":2006,"nombre_occurences":5},{"prenom":"KYLE","sexe":"M","departement":"91","annee_naissance":2006,"nombre_occurences":4},{"prenom":"KYLIAN","sexe":"M","departement":"91","annee_naissance":2006,"nombre_occurences":45},{"prenom":"KYLIANN","sexe":"M","departement":"91","annee_naissance":2006,"nombre_occurences":3},{"prenom":"KYLLIAN","sexe":"M","departement":"91","annee_naissance":2006,"nombre_occurences":17},{"prenom":"KYM","sexe":"F","departement":"91","annee_naissance":2006,"nombre_occurences":3},{"prenom":"LAETITIA","sexe":"F","departement":"91","annee_naissance":2006,"nombre_occurences":4},{"prenom":"LAINA","sexe":"F","departement":"91","annee_naissance":2006,"nombre_occurences":6},{"prenom":"LALA","sexe":"F","departement":"91","annee_naissance":2006,"nombre_occurences":3},{"prenom":"LALIE","sexe":"F","departement":"91","annee_naissance":2006,"nombre_occurences":5},{"prenom":"LALY","sexe":"F","departement":"91","annee_naissance":2006,"nombre_occurences":5},{"prenom":"LAMIA","sexe":"F","departement":"91","annee_naissance":2006,"nombre_occurences":3},{"prenom":"LANA","sexe":"F","departement":"91","annee_naissance":2006,"nombre_occurences":27},{"prenom":"LANDRY","sexe":"M","departement":"91","annee_naissance":2006,"nombre_occurences":7},{"prenom":"LASSANA","sexe":"M","departement":"91","annee_naissance":2006,"nombre_occurences":4},{"prenom":"LAURA","sexe":"F","departement":"91","annee_naissance":2006,"nombre_occurences":65},{"prenom":"LAURE","sexe":"F","departement":"91","annee_naissance":2006,"nombre_occurences":4},{"prenom":"LAURIANE","sexe":"F","departement":"91","annee_naissance":2006,"nombre_occurences":4},{"prenom":"LAURINE","sexe":"F","departement":"91","annee_naissance":2006,"nombre_occurences":12},{"prenom":"LAURYNE","sexe":"F","departement":"91","annee_naissance":2006,"nombre_occurences":5},{"prenom":"LAYANA","sexe":"F","departement":"91","annee_naissance":2006,"nombre_occurences":3},{"prenom":"LEA","sexe":"F","departement":"91","annee_naissance":2006,"nombre_occurences":99},{"prenom":"LEANA","sexe":"F","departement":"91","annee_naissance":2006,"nombre_occurences":15},{"prenom":"LEANDRE","sexe":"M","departement":"91","annee_naissance":2006,"nombre_occurences":3},{"prenom":"LEANDRO","sexe":"M","departement":"91","annee_naissance":2006,"nombre_occurences":8},{"prenom":"LEANE","sexe":"F","departement":"91","annee_naissance":2006,"nombre_occurences":20},{"prenom":"LEANNE","sexe":"F","departement":"91","annee_naissance":2006,"nombre_occurences":6},{"prenom":"LEELOU","sexe":"F","departement":"91","annee_naissance":2006,"nombre_occurences":4},{"prenom":"LEENA","sexe":"F","departement":"91","annee_naissance":2006,"nombre_occurences":4},{"prenom":"LEILA","sexe":"F","departement":"91","annee_naissance":2006,"nombre_occurences":5},{"prenom":"LEINA","sexe":"F","departement":"91","annee_naissance":2006,"nombre_occurences":3},{"prenom":"LENA","sexe":"F","departement":"91","annee_naissance":2006,"nombre_occurences":40},{"prenom":"LENNY","sexe":"M","departement":"91","annee_naissance":2006,"nombre_occurences":28},{"prenom":"LENY","sexe":"M","departement":"91","annee_naissance":2006,"nombre_occurences":10},{"prenom":"LEO","sexe":"M","departement":"91","annee_naissance":2006,"nombre_occurences":70},{"prenom":"LEONARD","sexe":"M","departement":"91","annee_naissance":2006,"nombre_occurences":3},{"prenom":"LEONIE","sexe":"F","departement":"91","annee_naissance":2006,"nombre_occurences":9},{"prenom":"LESLIE","sexe":"F","departement":"91","annee_naissance":2006,"nombre_occurences":4},{"prenom":"LETICIA","sexe":"F","departement":"91","annee_naissance":2006,"nombre_occurences":3},{"prenom":"LIAM","sexe":"M","departement":"91","annee_naissance":2006,"nombre_occurences":11},{"prenom":"LILA","sexe":"F","departement":"91","annee_naissance":2006,"nombre_occurences":6},{"prenom":"LILIA","sexe":"F","departement":"91","annee_naissance":2006,"nombre_occurences":8},{"prenom":"LILIAN","sexe":"M","departement":"91","annee_naissance":2006,"nombre_occurences":25},{"prenom":"LILOU","sexe":"F","departement":"91","annee_naissance":2006,"nombre_occurences":50},{"prenom":"LILY","sexe":"F","departement":"91","annee_naissance":2006,"nombre_occurences":10},{"prenom":"LILYA","sexe":"F","departement":"91","annee_naissance":2006,"nombre_occurences":5},{"prenom":"LINA","sexe":"F","departement":"91","annee_naissance":2006,"nombre_occurences":58},{"prenom":"LINDA","sexe":"F","departement":"91","annee_naissance":2006,"nombre_occurences":6},{"prenom":"LINDSAY","sexe":"F","departement":"91","annee_naissance":2006,"nombre_occurences":3},{"prenom":"LINO","sexe":"M","departement":"91","annee_naissance":2006,"nombre_occurences":4},{"prenom":"LISA","sexe":"F","departement":"91","annee_naissance":2006,"nombre_occurences":50},{"prenom":"LISE","sexe":"F","departement":"91","annee_naissance":2006,"nombre_occurences":11},{"prenom":"LISON","sexe":"F","departement":"91","annee_naissance":2006,"nombre_occurences":6},{"prenom":"LIZA","sexe":"F","departement":"91","annee_naissance":2006,"nombre_occurences":7},{"prenom":"LIZEA","sexe":"F","departement":"91","annee_naissance":2006,"nombre_occurences":3},{"prenom":"LOAN","sexe":"M","departement":"91","annee_naissance":2006,"nombre_occurences":13},{"prenom":"LOANE","sexe":"F","departement":"91","annee_naissance":2006,"nombre_occurences":13},{"prenom":"LOANN","sexe":"F","departement":"91","annee_naissance":2006,"nombre_occurences":4},{"prenom":"LOANNE","sexe":"F","departement":"91","annee_naissance":2006,"nombre_occurences":6},{"prenom":"LOGAN","sexe":"M","departement":"91","annee_naissance":2006,"nombre_occurences":7},{"prenom":"LOHAN","sexe":"M","departement":"91","annee_naissance":2006,"nombre_occurences":3},{"prenom":"LOHANN","sexe":"M","departement":"91","annee_naissance":2006,"nombre_occurences":3},{"prenom":"LOIC","sexe":"M","departement":"91","annee_naissance":2006,"nombre_occurences":17},{"prenom":"LOIS","sexe":"F","departement":"91","annee_naissance":2006,"nombre_occurences":4},{"prenom":"LOIS","sexe":"M","departement":"91","annee_naissance":2006,"nombre_occurences":4},{"prenom":"LOLA","sexe":"F","departement":"91","annee_naissance":2006,"nombre_occurences":64},{"prenom":"LORENZO","sexe":"M","departement":"91","annee_naissance":2006,"nombre_occurences":20},{"prenom":"LORIS","sexe":"M","departement":"91","annee_naissance":2006,"nombre_occurences":11},{"prenom":"LOU","sexe":"F","departement":"91","annee_naissance":2006,"nombre_occurences":30},{"prenom":"LOU-ANN","sexe":"F","departement":"91","annee_naissance":2006,"nombre_occurences":13},{"prenom":"LOU-ANNE","sexe":"F","departement":"91","annee_naissance":2006,"nombre_occurences":14},{"prenom":"LOUANE","sexe":"F","departement":"91","annee_naissance":2006,"nombre_occurences":17},{"prenom":"LOUANN","sexe":"F","departement":"91","annee_naissance":2006,"nombre_occurences":3},{"prenom":"LOUBNA","sexe":"F","departement":"91","annee_naissance":2006,"nombre_occurences":4},{"prenom":"LOUCAS","sexe":"M","departement":"91","annee_naissance":2006,"nombre_occurences":4},{"prenom":"LOUIS","sexe":"M","departement":"91","annee_naissance":2006,"nombre_occurences":48},{"prenom":"LOUISE","sexe":"F","departement":"91","annee_naissance":2006,"nombre_occurences":20},{"prenom":"LOUKA","sexe":"M","departement":"91","annee_naissance":2006,"nombre_occurences":4},{"prenom":"LOUNA","sexe":"F","departement":"91","annee_naissance":2006,"nombre_occurences":35},{"prenom":"LUCA","sexe":"M","departement":"91","annee_naissance":2006,"nombre_occurences":15},{"prenom":"LUCAS","sexe":"M","departement":"91","annee_naissance":2006,"nombre_occurences":132},{"prenom":"LUCIE","sexe":"F","departement":"91","annee_naissance":2006,"nombre_occurences":62},{"prenom":"LUCILE","sexe":"F","departement":"91","annee_naissance":2006,"nombre_occurences":12},{"prenom":"LUCY","sexe":"F","departement":"91","annee_naissance":2006,"nombre_occurences":7},{"prenom":"LUDIVINE","sexe":"F","departement":"91","annee_naissance":2006,"nombre_occurences":3},{"prenom":"LUDOVIC","sexe":"M","departement":"91","annee_naissance":2006,"nombre_occurences":7},{"prenom":"LUIS","sexe":"M","departement":"91","annee_naissance":2006,"nombre_occurences":3},{"prenom":"LUKA","sexe":"M","departement":"91","annee_naissance":2006,"nombre_occurences":10},{"prenom":"LUKAS","sexe":"M","departement":"91","annee_naissance":2006,"nombre_occurences":13},{"prenom":"LUNA","sexe":"F","departement":"91","annee_naissance":2006,"nombre_occurences":32},{"prenom":"LYANA","sexe":"F","departement":"91","annee_naissance":2006,"nombre_occurences":3},{"prenom":"LYDIA","sexe":"F","departement":"91","annee_naissance":2006,"nombre_occurences":5},{"prenom":"LYDIE","sexe":"F","departement":"91","annee_naissance":2006,"nombre_occurences":3},{"prenom":"LYES","sexe":"M","departement":"91","annee_naissance":2006,"nombre_occurences":3},{"prenom":"LYLA","sexe":"F","departement":"91","annee_naissance":2006,"nombre_occurences":4},{"prenom":"LYLIA","sexe":"F","departement":"91","annee_naissance":2006,"nombre_occurences":5},{"prenom":"LYLOU","sexe":"F","departement":"91","annee_naissance":2006,"nombre_occurences":7},{"prenom":"LYNA","sexe":"F","departement":"91","annee_naissance":2006,"nombre_occurences":13},{"prenom":"LYNE","sexe":"F","departement":"91","annee_naissance":2006,"nombre_occurences":4},{"prenom":"LYNN","sexe":"F","departement":"91","annee_naissance":2006,"nombre_occurences":4},{"prenom":"MADISON","sexe":"F","departement":"91","annee_naissance":2006,"nombre_occurences":7},{"prenom":"MAE","sexe":"M","departement":"91","annee_naissance":2006,"nombre_occurences":3},{"prenom":"MAEL","sexe":"M","departement":"91","annee_naissance":2006,"nombre_occurences":29},{"prenom":"MAELIE","sexe":"F","departement":"91","annee_naissance":2006,"nombre_occurences":7},{"prenom":"MAELINE","sexe":"F","departement":"91","annee_naissance":2006,"nombre_occurences":4},{"prenom":"MAELLE","sexe":"F","departement":"91","annee_naissance":2006,"nombre_occurences":33},{"prenom":"MAELLYS","sexe":"F","departement":"91","annee_naissance":2006,"nombre_occurences":3},{"prenom":"MAELY","sexe":"F","departement":"91","annee_naissance":2006,"nombre_occurences":7},{"prenom":"MAELYNE","sexe":"F","departement":"91","annee_naissance":2006,"nombre_occurences":7},{"prenom":"MAELYS","sexe":"F","departement":"91","annee_naissance":2006,"nombre_occurences":47},{"prenom":"MAENA","sexe":"F","departement":"91","annee_naissance":2006,"nombre_occurences":3},{"prenom":"MAEVA","sexe":"F","departement":"91","annee_naissance":2006,"nombre_occurences":33},{"prenom":"MAHAMADOU","sexe":"M","departement":"91","annee_naissance":2006,"nombre_occurences":10},{"prenom":"MAHE","sexe":"F","departement":"91","annee_naissance":2006,"nombre_occurences":8},{"prenom":"MAHE","sexe":"M","departement":"91","annee_naissance":2006,"nombre_occurences":3},{"prenom":"MAIA","sexe":"F","departement":"91","annee_naissance":2006,"nombre_occurences":7},{"prenom":"MAILYS","sexe":"F","departement":"91","annee_naissance":2006,"nombre_occurences":11},{"prenom":"MAIMOUNA","sexe":"F","departement":"91","annee_naissance":2006,"nombre_occurences":7},{"prenom":"MAISSA","sexe":"F","departement":"91","annee_naissance":2006,"nombre_occurences":16},{"prenom":"MAISSANE","sexe":"F","departement":"91","annee_naissance":2006,"nombre_occurences":7},{"prenom":"MAIWENN","sexe":"F","departement":"91","annee_naissance":2006,"nombre_occurences":5},{"prenom":"MALENA","sexe":"F","departement":"91","annee_naissance":2006,"nombre_occurences":5},{"prenom":"MALIK","sexe":"M","departement":"91","annee_naissance":2006,"nombre_occurences":8},{"prenom":"MALO","sexe":"M","departement":"91","annee_naissance":2006,"nombre_occurences":10},{"prenom":"MALONE","sexe":"M","departement":"91","annee_naissance":2006,"nombre_occurences":4},{"prenom":"MAMADOU","sexe":"M","departement":"91","annee_naissance":2006,"nombre_occurences":11},{"prenom":"MANAL","sexe":"F","departement":"91","annee_naissance":2006,"nombre_occurences":3},{"prenom":"MANEL","sexe":"F","departement":"91","annee_naissance":2006,"nombre_occurences":9},{"prenom":"MANON","sexe":"F","departement":"91","annee_naissance":2006,"nombre_occurences":94},{"prenom":"MANUEL","sexe":"M","departement":"91","annee_naissance":2006,"nombre_occurences":3},{"prenom":"MARC","sexe":"M","departement":"91","annee_naissance":2006,"nombre_occurences":4},{"prenom":"MARCO","sexe":"M","departement":"91","annee_naissance":2006,"nombre_occurences":3},{"prenom":"MARGAUX","sexe":"F","departement":"91","annee_naissance":2006,"nombre_occurences":17},{"prenom":"MARGO","sexe":"F","departement":"91","annee_naissance":2006,"nombre_occurences":3},{"prenom":"MARGOT","sexe":"F","departement":"91","annee_naissance":2006,"nombre_occurences":17},{"prenom":"MARIA","sexe":"F","departement":"91","annee_naissance":2006,"nombre_occurences":5},{"prenom":"MARIAM","sexe":"F","departement":"91","annee_naissance":2006,"nombre_occurences":10},{"prenom":"MARIAME","sexe":"F","departement":"91","annee_naissance":2006,"nombre_occurences":4},{"prenom":"MARIANNE","sexe":"F","departement":"91","annee_naissance":2006,"nombre_occurences":6},{"prenom":"MARIE","sexe":"F","departement":"91","annee_naissance":2006,"nombre_occurences":65},{"prenom":"MARIE-LOU","sexe":"F","departement":"91","annee_naissance":2006,"nombre_occurences":4},{"prenom":"MARILOU","sexe":"F","departement":"91","annee_naissance":2006,"nombre_occurences":11},{"prenom":"MARIN","sexe":"M","departement":"91","annee_naissance":2006,"nombre_occurences":4},{"prenom":"MARINA","sexe":"F","departement":"91","annee_naissance":2006,"nombre_occurences":4},{"prenom":"MARINE","sexe":"F","departement":"91","annee_naissance":2006,"nombre_occurences":22},{"prenom":"MARIO","sexe":"M","departement":"91","annee_naissance":2006,"nombre_occurences":3},{"prenom":"MARION","sexe":"F","departement":"91","annee_naissance":2006,"nombre_occurences":20},{"prenom":"MARIUS","sexe":"M","departement":"91","annee_naissance":2006,"nombre_occurences":6},{"prenom":"MARLEY","sexe":"M","departement":"91","annee_naissance":2006,"nombre_occurences":3},{"prenom":"MARO","sexe":"F","departement":"91","annee_naissance":2006,"nombre_occurences":4},{"prenom":"MARTIN","sexe":"M","departement":"91","annee_naissance":2006,"nombre_occurences":15},{"prenom":"MARVIN","sexe":"M","departement":"91","annee_naissance":2006,"nombre_occurences":4},{"prenom":"MARVYN","sexe":"M","departement":"91","annee_naissance":2006,"nombre_occurences":3},{"prenom":"MARWA","sexe":"F","departement":"91","annee_naissance":2006,"nombre_occurences":13},{"prenom":"MARWAN","sexe":"M","departement":"91","annee_naissance":2006,"nombre_occurences":15},{"prenom":"MARWANE","sexe":"M","departement":"91","annee_naissance":2006,"nombre_occurences":10},{"prenom":"MARYAM","sexe":"F","departement":"91","annee_naissance":2006,"nombre_occurences":7},{"prenom":"MARYLOU","sexe":"F","departement":"91","annee_naissance":2006,"nombre_occurences":5},{"prenom":"MATEO","sexe":"M","departement":"91","annee_naissance":2006,"nombre_occurences":21},{"prenom":"MATHEO","sexe":"M","departement":"91","annee_naissance":2006,"nombre_occurences":43},{"prenom":"MATHIAS","sexe":"M","departement":"91","annee_naissance":2006,"nombre_occurences":26},{"prenom":"MATHIEU","sexe":"M","departement":"91","annee_naissance":2006,"nombre_occurences":35},{"prenom":"MATHILDE","sexe":"F","departement":"91","annee_naissance":2006,"nombre_occurences":40},{"prenom":"MATHIS","sexe":"M","departement":"91","annee_naissance":2006,"nombre_occurences":106},{"prenom":"MATHYS","sexe":"M","departement":"91","annee_naissance":2006,"nombre_occurences":24},{"prenom":"MATIS","sexe":"M","departement":"91","annee_naissance":2006,"nombre_occurences":12},{"prenom":"MATISSE","sexe":"M","departement":"91","annee_naissance":2006,"nombre_occurences":4},{"prenom":"MATTEO","sexe":"M","departement":"91","annee_naissance":2006,"nombre_occurences":47},{"prenom":"MATTHEO","sexe":"M","departement":"91","annee_naissance":2006,"nombre_occurences":3},{"prenom":"MATTHEW","sexe":"M","departement":"91","annee_naissance":2006,"nombre_occurences":4},{"prenom":"MATTHIAS","sexe":"M","departement":"91","annee_naissance":2006,"nombre_occurences":3},{"prenom":"MATTHIEU","sexe":"M","departement":"91","annee_naissance":2006,"nombre_occurences":26},{"prenom":"MATYS","sexe":"M","departement":"91","annee_naissance":2006,"nombre_occurences":9},{"prenom":"MAUD","sexe":"F","departement":"91","annee_naissance":2006,"nombre_occurences":8},{"prenom":"MAUREEN","sexe":"F","departement":"91","annee_naissance":2006,"nombre_occurences":5},{"prenom":"MAX","sexe":"M","departement":"91","annee_naissance":2006,"nombre_occurences":3},{"prenom":"MAXENCE","sexe":"M","departement":"91","annee_naissance":2006,"nombre_occurences":38},{"prenom":"MAXIM","sexe":"M","departement":"91","annee_naissance":2006,"nombre_occurences":3},{"prenom":"MAXIME","sexe":"M","departement":"91","annee_naissance":2006,"nombre_occurences":51},{"prenom":"MAXINE","sexe":"F","departement":"91","annee_naissance":2006,"nombre_occurences":3},{"prenom":"MAYA","sexe":"F","departement":"91","annee_naissance":2006,"nombre_occurences":14},{"prenom":"MAYANE","sexe":"F","departement":"91","annee_naissance":2006,"nombre_occurences":3},{"prenom":"MAYLIS","sexe":"F","departement":"91","annee_naissance":2006,"nombre_occurences":4},{"prenom":"MAYSSA","sexe":"F","departement":"91","annee_naissance":2006,"nombre_occurences":8},{"prenom":"MEDHI","sexe":"M","departement":"91","annee_naissance":2006,"nombre_occurences":4},{"prenom":"MEHDI","sexe":"M","departement":"91","annee_naissance":2006,"nombre_occurences":23},{"prenom":"MEHMET","sexe":"M","departement":"91","annee_naissance":2006,"nombre_occurences":6},{"prenom":"MELANIE","sexe":"F","departement":"91","annee_naissance":2006,"nombre_occurences":15},{"prenom":"MELINA","sexe":"F","departement":"91","annee_naissance":2006,"nombre_occurences":22},{"prenom":"MELINDA","sexe":"F","departement":"91","annee_naissance":2006,"nombre_occurences":4},{"prenom":"MELINE","sexe":"F","departement":"91","annee_naissance":2006,"nombre_occurences":12},{"prenom":"MELISA","sexe":"F","departement":"91","annee_naissance":2006,"nombre_occurences":3},{"prenom":"MELISSA","sexe":"F","departement":"91","annee_naissance":2006,"nombre_occurences":35},{"prenom":"MELODIE","sexe":"F","departement":"91","annee_naissance":2006,"nombre_occurences":5},{"prenom":"MELODY","sexe":"F","departement":"91","annee_naissance":2006,"nombre_occurences":3},{"prenom":"MELVIN","sexe":"M","departement":"91","annee_naissance":2006,"nombre_occurences":18},{"prenom":"MELVYN","sexe":"M","departement":"91","annee_naissance":2006,"nombre_occurences":6},{"prenom":"MELYA","sexe":"F","departement":"91","annee_naissance":2006,"nombre_occurences":3},{"prenom":"MELYNA","sexe":"F","departement":"91","annee_naissance":2006,"nombre_occurences":3},{"prenom":"MELYSSA","sexe":"F","departement":"91","annee_naissance":2006,"nombre_occurences":3},{"prenom":"MERIAM","sexe":"F","departement":"91","annee_naissance":2006,"nombre_occurences":3},{"prenom":"MERIEM","sexe":"F","departement":"91","annee_naissance":2006,"nombre_occurences":3},{"prenom":"MERVE","sexe":"F","departement":"91","annee_naissance":2006,"nombre_occurences":4},{"prenom":"MERYEM","sexe":"F","departement":"91","annee_naissance":2006,"nombre_occurences":7},{"prenom":"MEWEN","sexe":"M","departement":"91","annee_naissance":2006,"nombre_occurences":3},{"prenom":"MICHAEL","sexe":"M","departement":"91","annee_naissance":2006,"nombre_occurences":5},{"prenom":"MICHEL","sexe":"M","departement":"91","annee_naissance":2006,"nombre_occurences":5},{"prenom":"MICKAEL","sexe":"M","departement":"91","annee_naissance":2006,"nombre_occurences":7},{"prenom":"MIGUEL","sexe":"M","departement":"91","annee_naissance":2006,"nombre_occurences":3},{"prenom":"MIKAIL","sexe":"M","departement":"91","annee_naissance":2006,"nombre_occurences":3},{"prenom":"MIKE","sexe":"M","departement":"91","annee_naissance":2006,"nombre_occurences":3},{"prenom":"MILAN","sexe":"M","departement":"91","annee_naissance":2006,"nombre_occurences":6},{"prenom":"MINA","sexe":"F","departement":"91","annee_naissance":2006,"nombre_occurences":6},{"prenom":"MODY","sexe":"M","departement":"91","annee_naissance":2006,"nombre_occurences":4},{"prenom":"MOHAMED","sexe":"M","departement":"91","annee_naissance":2006,"nombre_occurences":35},{"prenom":"MOHAMED-AMINE","sexe":"M","departement":"91","annee_naissance":2006,"nombre_occurences":11},{"prenom":"MOHAMMED","sexe":"M","departement":"91","annee_naissance":2006,"nombre_occurences":5},{"prenom":"MONA","sexe":"F","departement":"91","annee_naissance":2006,"nombre_occurences":3},{"prenom":"MONICA","sexe":"F","departement":"91","annee_naissance":2006,"nombre_occurences":3},{"prenom":"MORGAN","sexe":"M","departement":"91","annee_naissance":2006,"nombre_occurences":8},{"prenom":"MORGANE","sexe":"F","departement":"91","annee_naissance":2006,"nombre_occurences":27},{"prenom":"MOUHAMED","sexe":"M","departement":"91","annee_naissance":2006,"nombre_occurences":3},{"prenom":"MOUNA","sexe":"F","departement":"91","annee_naissance":2006,"nombre_occurences":4},{"prenom":"MOUNIR","sexe":"M","departement":"91","annee_naissance":2006,"nombre_occurences":3},{"prenom":"MOUSSA","sexe":"M","departement":"91","annee_naissance":2006,"nombre_occurences":16},{"prenom":"MUSTAFA","sexe":"M","departement":"91","annee_naissance":2006,"nombre_occurences":4},{"prenom":"MYRIAM","sexe":"F","departement":"91","annee_naissance":2006,"nombre_occurences":15},{"prenom":"MYRON","sexe":"M","departement":"91","annee_naissance":2006,"nombre_occurences":4},{"prenom":"NABIL","sexe":"M","departement":"91","annee_naissance":2006,"nombre_occurences":3},{"prenom":"NADA","sexe":"F","departement":"91","annee_naissance":2006,"nombre_occurences":3},{"prenom":"NAEL","sexe":"M","departement":"91","annee_naissance":2006,"nombre_occurences":13},{"prenom":"NAELLE","sexe":"F","departement":"91","annee_naissance":2006,"nombre_occurences":6},{"prenom":"NAIL","sexe":"M","departement":"91","annee_naissance":2006,"nombre_occurences":4},{"prenom":"NAIM","sexe":"M","departement":"91","annee_naissance":2006,"nombre_occurences":8},{"prenom":"NAOMIE","sexe":"F","departement":"91","annee_naissance":2006,"nombre_occurences":7},{"prenom":"NASSIM","sexe":"M","departement":"91","annee_naissance":2006,"nombre_occurences":15},{"prenom":"NATAN","sexe":"M","departement":"91","annee_naissance":2006,"nombre_occurences":3},{"prenom":"NATHAEL","sexe":"M","departement":"91","annee_naissance":2006,"nombre_occurences":3},{"prenom":"NATHAN","sexe":"M","departement":"91","annee_naissance":2006,"nombre_occurences":139},{"prenom":"NATHANAEL","sexe":"M","departement":"91","annee_naissance":2006,"nombre_occurences":8},{"prenom":"NATHEO","sexe":"M","departement":"91","annee_naissance":2006,"nombre_occurences":3},{"prenom":"NAWEL","sexe":"F","departement":"91","annee_naissance":2006,"nombre_occurences":7},{"prenom":"NAWFEL","sexe":"M","departement":"91","annee_naissance":2006,"nombre_occurences":3},{"prenom":"NAYLA","sexe":"F","departement":"91","annee_naissance":2006,"nombre_occurences":6},{"prenom":"NEELA","sexe":"F","departement":"91","annee_naissance":2006,"nombre_occurences":3},{"prenom":"NEILA","sexe":"F","departement":"91","annee_naissance":2006,"nombre_occurences":3},{"prenom":"NELL","sexe":"F","departement":"91","annee_naissance":2006,"nombre_occurences":5},{"prenom":"NELLY","sexe":"F","departement":"91","annee_naissance":2006,"nombre_occurences":3},{"prenom":"NELSON","sexe":"M","departement":"91","annee_naissance":2006,"nombre_occurences":7},{"prenom":"NESSA","sexe":"F","departement":"91","annee_naissance":2006,"nombre_occurences":3},{"prenom":"NICOLAS","sexe":"M","departement":"91","annee_naissance":2006,"nombre_occurences":47},{"prenom":"NIELS","sexe":"M","departement":"91","annee_naissance":2006,"nombre_occurences":6},{"prenom":"NILS","sexe":"M","departement":"91","annee_naissance":2006,"nombre_occurences":3},{"prenom":"NINA","sexe":"F","departement":"91","annee_naissance":2006,"nombre_occurences":22},{"prenom":"NINON","sexe":"F","departement":"91","annee_naissance":2006,"nombre_occurences":13},{"prenom":"NOA","sexe":"F","departement":"91","annee_naissance":2006,"nombre_occurences":11},{"prenom":"NOA","sexe":"M","departement":"91","annee_naissance":2006,"nombre_occurences":44},{"prenom":"NOAH","sexe":"F","departement":"91","annee_naissance":2006,"nombre_occurences":3},{"prenom":"NOAH","sexe":"M","departement":"91","annee_naissance":2006,"nombre_occurences":78},{"prenom":"NOAM","sexe":"M","departement":"91","annee_naissance":2006,"nombre_occurences":12},{"prenom":"NOAN","sexe":"M","departement":"91","annee_naissance":2006,"nombre_occurences":3},{"prenom":"NOE","sexe":"M","departement":"91","annee_naissance":2006,"nombre_occurences":24},{"prenom":"NOELIE","sexe":"F","departement":"91","annee_naissance":2006,"nombre_occurences":6},{"prenom":"NOELINE","sexe":"F","departement":"91","annee_naissance":2006,"nombre_occurences":4},{"prenom":"NOEMIE","sexe":"F","departement":"91","annee_naissance":2006,"nombre_occurences":31},{"prenom":"NOHA","sexe":"M","departement":"91","annee_naissance":2006,"nombre_occurences":4},{"prenom":"NOHAM","sexe":"M","departement":"91","annee_naissance":2006,"nombre_occurences":8},{"prenom":"NOLAN","sexe":"M","departement":"91","annee_naissance":2006,"nombre_occurences":34},{"prenom":"NOLANN","sexe":"M","departement":"91","annee_naissance":2006,"nombre_occurences":10},{"prenom":"NOLHAN","sexe":"M","departement":"91","annee_naissance":2006,"nombre_occurences":5},{"prenom":"NORA","sexe":"F","departement":"91","annee_naissance":2006,"nombre_occurences":6},{"prenom":"NORHANE","sexe":"F","departement":"91","annee_naissance":2006,"nombre_occurences":3},{"prenom":"NOUR","sexe":"F","departement":"91","annee_naissance":2006,"nombre_occurences":11},{"prenom":"OCEANE","sexe":"F","departement":"91","annee_naissance":2006,"nombre_occurences":68},{"prenom":"OCEANNE","sexe":"F","departement":"91","annee_naissance":2006,"nombre_occurences":3},{"prenom":"OLIVIA","sexe":"F","departement":"91","annee_naissance":2006,"nombre_occurences":20},{"prenom":"OLIVIER","sexe":"M","departement":"91","annee_naissance":2006,"nombre_occurences":12},{"prenom":"OMAR","sexe":"M","departement":"91","annee_naissance":2006,"nombre_occurences":5},{"prenom":"OMER","sexe":"M","departement":"91","annee_naissance":2006,"nombre_occurences":3},{"prenom":"OPHELIA","sexe":"F","departement":"91","annee_naissance":2006,"nombre_occurences":3},{"prenom":"OPHELIE","sexe":"F","departement":"91","annee_naissance":2006,"nombre_occurences":7},{"prenom":"ORANE","sexe":"F","departement":"91","annee_naissance":2006,"nombre_occurences":3},{"prenom":"ORIANE","sexe":"F","departement":"91","annee_naissance":2006,"nombre_occurences":9},{"prenom":"ORLANE","sexe":"F","departement":"91","annee_naissance":2006,"nombre_occurences":9},{"prenom":"ORNELLA","sexe":"F","departement":"91","annee_naissance":2006,"nombre_occurences":10},{"prenom":"OSCAR","sexe":"M","departement":"91","annee_naissance":2006,"nombre_occurences":5},{"prenom":"OUMAR","sexe":"M","departement":"91","annee_naissance":2006,"nombre_occurences":3},{"prenom":"OUSMANE","sexe":"M","departement":"91","annee_naissance":2006,"nombre_occurences":5},{"prenom":"OWEN","sexe":"M","departement":"91","annee_naissance":2006,"nombre_occurences":16},{"prenom":"PABLO","sexe":"M","departement":"91","annee_naissance":2006,"nombre_occurences":8},{"prenom":"PALOMA","sexe":"F","departement":"91","annee_naissance":2006,"nombre_occurences":5},{"prenom":"PAOLO","sexe":"M","departement":"91","annee_naissance":2006,"nombre_occurences":3},{"prenom":"PATRICK","sexe":"M","departement":"91","annee_naissance":2006,"nombre_occurences":6},{"prenom":"PAUL","sexe":"M","departement":"91","annee_naissance":2006,"nombre_occurences":48},{"prenom":"PAULINE","sexe":"F","departement":"91","annee_naissance":2006,"nombre_occurences":40},{"prenom":"PERLE","sexe":"F","departement":"91","annee_naissance":2006,"nombre_occurences":4},{"prenom":"PERRINE","sexe":"F","departement":"91","annee_naissance":2006,"nombre_occurences":3},{"prenom":"PIERRE","sexe":"M","departement":"91","annee_naissance":2006,"nombre_occurences":20},{"prenom":"PRESTON","sexe":"M","departement":"91","annee_naissance":2006,"nombre_occurences":4},{"prenom":"PRISCA","sexe":"F","departement":"91","annee_naissance":2006,"nombre_occurences":3},{"prenom":"PRISCILIA","sexe":"F","departement":"91","annee_naissance":2006,"nombre_occurences":3},{"prenom":"PRUNE","sexe":"F","departement":"91","annee_naissance":2006,"nombre_occurences":5},{"prenom":"QUENTIN","sexe":"M","departement":"91","annee_naissance":2006,"nombre_occurences":58},{"prenom":"RABIA","sexe":"F","departement":"91","annee_naissance":2006,"nombre_occurences":4},{"prenom":"RACHEL","sexe":"F","departement":"91","annee_naissance":2006,"nombre_occurences":9},{"prenom":"RAFAEL","sexe":"M","departement":"91","annee_naissance":2006,"nombre_occurences":27},{"prenom":"RAFIK","sexe":"M","departement":"91","annee_naissance":2006,"nombre_occurences":4},{"prenom":"RAHMA","sexe":"F","departement":"91","annee_naissance":2006,"nombre_occurences":3},{"prenom":"RANIA","sexe":"F","departement":"91","annee_naissance":2006,"nombre_occurences":12},{"prenom":"RANYA","sexe":"F","departement":"91","annee_naissance":2006,"nombre_occurences":3},{"prenom":"RAPHAEL","sexe":"M","departement":"91","annee_naissance":2006,"nombre_occurences":93},{"prenom":"RAPHAELLE","sexe":"F","departement":"91","annee_naissance":2006,"nombre_occurences":5},{"prenom":"RAYAN","sexe":"M","departement":"91","annee_naissance":2006,"nombre_occurences":57},{"prenom":"RAYANE","sexe":"M","departement":"91","annee_naissance":2006,"nombre_occurences":26},{"prenom":"RAYYAN","sexe":"M","departement":"91","annee_naissance":2006,"nombre_occurences":4},{"prenom":"REBECCA","sexe":"F","departement":"91","annee_naissance":2006,"nombre_occurences":6},{"prenom":"REDA","sexe":"M","departement":"91","annee_naissance":2006,"nombre_occurences":7},{"prenom":"REMI","sexe":"M","departement":"91","annee_naissance":2006,"nombre_occurences":12},{"prenom":"REMY","sexe":"M","departement":"91","annee_naissance":2006,"nombre_occurences":4},{"prenom":"RICHARD","sexe":"M","departement":"91","annee_naissance":2006,"nombre_occurences":4},{"prenom":"RIYAD","sexe":"M","departement":"91","annee_naissance":2006,"nombre_occurences":3},{"prenom":"ROBERT","sexe":"M","departement":"91","annee_naissance":2006,"nombre_occurences":3},{"prenom":"ROBIN","sexe":"M","departement":"91","annee_naissance":2006,"nombre_occurences":33},{"prenom":"RODRIGUE","sexe":"M","departement":"91","annee_naissance":2006,"nombre_occurences":3},{"prenom":"ROJIN","sexe":"F","departement":"91","annee_naissance":2006,"nombre_occurences":3},{"prenom":"ROMAIN","sexe":"M","departement":"91","annee_naissance":2006,"nombre_occurences":40},{"prenom":"ROMAN","sexe":"M","departement":"91","annee_naissance":2006,"nombre_occurences":5},{"prenom":"ROMANE","sexe":"F","departement":"91","annee_naissance":2006,"nombre_occurences":45},{"prenom":"ROMEO","sexe":"M","departement":"91","annee_naissance":2006,"nombre_occurences":4},{"prenom":"ROMUALD","sexe":"M","departement":"91","annee_naissance":2006,"nombre_occurences":3},{"prenom":"RONAN","sexe":"M","departement":"91","annee_naissance":2006,"nombre_occurences":7},{"prenom":"ROSE","sexe":"F","departement":"91","annee_naissance":2006,"nombre_occurences":7},{"prenom":"ROXANE","sexe":"F","departement":"91","annee_naissance":2006,"nombre_occurences":8},{"prenom":"ROXANNE","sexe":"F","departement":"91","annee_naissance":2006,"nombre_occurences":3},{"prenom":"RUBEN","sexe":"M","departement":"91","annee_naissance":2006,"nombre_occurences":19},{"prenom":"RUDY","sexe":"M","departement":"91","annee_naissance":2006,"nombre_occurences":3},{"prenom":"RUTH","sexe":"F","departement":"91","annee_naissance":2006,"nombre_occurences":4},{"prenom":"RYAN","sexe":"M","departement":"91","annee_naissance":2006,"nombre_occurences":31},{"prenom":"SAAD","sexe":"M","departement":"91","annee_naissance":2006,"nombre_occurences":3},{"prenom":"SABRI","sexe":"M","departement":"91","annee_naissance":2006,"nombre_occurences":3},{"prenom":"SABRINA","sexe":"F","departement":"91","annee_naissance":2006,"nombre_occurences":5},{"prenom":"SACHA","sexe":"M","departement":"91","annee_naissance":2006,"nombre_occurences":32},{"prenom":"SAFA","sexe":"F","departement":"91","annee_naissance":2006,"nombre_occurences":5},{"prenom":"SAFIA","sexe":"F","departement":"91","annee_naissance":2006,"nombre_occurences":5},{"prenom":"SAFIYA","sexe":"F","departement":"91","annee_naissance":2006,"nombre_occurences":5},{"prenom":"SAHRA","sexe":"F","departement":"91","annee_naissance":2006,"nombre_occurences":3},{"prenom":"SAID","sexe":"M","departement":"91","annee_naissance":2006,"nombre_occurences":4},{"prenom":"SAKINA","sexe":"F","departement":"91","annee_naissance":2006,"nombre_occurences":4},{"prenom":"SALIMATA","sexe":"F","departement":"91","annee_naissance":2006,"nombre_occurences":4},{"prenom":"SALLY","sexe":"F","departement":"91","annee_naissance":2006,"nombre_occurences":4},{"prenom":"SALMA","sexe":"F","departement":"91","annee_naissance":2006,"nombre_occurences":6},{"prenom":"SALOME","sexe":"F","departement":"91","annee_naissance":2006,"nombre_occurences":11},{"prenom":"SALWA","sexe":"F","departement":"91","annee_naissance":2006,"nombre_occurences":3},{"prenom":"SAM","sexe":"M","departement":"91","annee_naissance":2006,"nombre_occurences":5},{"prenom":"SAMANTHA","sexe":"F","departement":"91","annee_naissance":2006,"nombre_occurences":6},{"prenom":"SAMI","sexe":"M","departement":"91","annee_naissance":2006,"nombre_occurences":16},{"prenom":"SAMIA","sexe":"F","departement":"91","annee_naissance":2006,"nombre_occurences":3},{"prenom":"SAMUEL","sexe":"M","departement":"91","annee_naissance":2006,"nombre_occurences":25},{"prenom":"SAMY","sexe":"M","departement":"91","annee_naissance":2006,"nombre_occurences":10},{"prenom":"SANA","sexe":"F","departement":"91","annee_naissance":2006,"nombre_occurences":4},{"prenom":"SANDRA","sexe":"F","departement":"91","annee_naissance":2006,"nombre_occurences":7},{"prenom":"SARA","sexe":"F","departement":"91","annee_naissance":2006,"nombre_occurences":44},{"prenom":"SARAH","sexe":"F","departement":"91","annee_naissance":2006,"nombre_occurences":86},{"prenom":"SASHA","sexe":"F","departement":"91","annee_naissance":2006,"nombre_occurences":7},{"prenom":"SASHA","sexe":"M","departement":"91","annee_naissance":2006,"nombre_occurences":4},{"prenom":"SEAN","sexe":"M","departement":"91","annee_naissance":2006,"nombre_occurences":4},{"prenom":"SEBASTIEN","sexe":"M","departement":"91","annee_naissance":2006,"nombre_occurences":12},{"prenom":"SEKOU","sexe":"M","departement":"91","annee_naissance":2006,"nombre_occurences":5},{"prenom":"SELENA","sexe":"F","departement":"91","annee_naissance":2006,"nombre_occurences":6},{"prenom":"SELENE","sexe":"F","departement":"91","annee_naissance":2006,"nombre_occurences":6},{"prenom":"SELIM","sexe":"M","departement":"91","annee_naissance":2006,"nombre_occurences":5},{"prenom":"SELMA","sexe":"F","departement":"91","annee_naissance":2006,"nombre_occurences":13},{"prenom":"SELYAN","sexe":"M","departement":"91","annee_naissance":2006,"nombre_occurences":3},{"prenom":"SEPHORA","sexe":"F","departement":"91","annee_naissance":2006,"nombre_occurences":3},{"prenom":"SERENA","sexe":"F","departement":"91","annee_naissance":2006,"nombre_occurences":5},{"prenom":"SERVANE","sexe":"F","departement":"91","annee_naissance":2006,"nombre_occurences":3},{"prenom":"SHAIMA","sexe":"F","departement":"91","annee_naissance":2006,"nombre_occurences":4},{"prenom":"SHAINA","sexe":"F","departement":"91","annee_naissance":2006,"nombre_occurences":10},{"prenom":"SHAINEZ","sexe":"F","departement":"91","annee_naissance":2006,"nombre_occurences":4},{"prenom":"SHANA","sexe":"F","departement":"91","annee_naissance":2006,"nombre_occurences":14},{"prenom":"SHANICE","sexe":"F","departement":"91","annee_naissance":2006,"nombre_occurences":9},{"prenom":"SHANNA","sexe":"F","departement":"91","annee_naissance":2006,"nombre_occurences":3},{"prenom":"SHANYS","sexe":"F","departement":"91","annee_naissance":2006,"nombre_occurences":3},{"prenom":"SHAWN","sexe":"M","departement":"91","annee_naissance":2006,"nombre_occurences":3},{"prenom":"SHAYNA","sexe":"F","departement":"91","annee_naissance":2006,"nombre_occurences":5},{"prenom":"SHERINE","sexe":"F","departement":"91","annee_naissance":2006,"nombre_occurences":9},{"prenom":"SHIREL","sexe":"F","departement":"91","annee_naissance":2006,"nombre_occurences":3},{"prenom":"SIMON","sexe":"M","departement":"91","annee_naissance":2006,"nombre_occurences":17},{"prenom":"SIRINE","sexe":"F","departement":"91","annee_naissance":2006,"nombre_occurences":8},{"prenom":"SOFIA","sexe":"F","departement":"91","annee_naissance":2006,"nombre_occurences":20},{"prenom":"SOFIAN","sexe":"M","departement":"91","annee_naissance":2006,"nombre_occurences":3},{"prenom":"SOFIANE","sexe":"M","departement":"91","annee_naissance":2006,"nombre_occurences":25},{"prenom":"SOLENE","sexe":"F","departement":"91","annee_naissance":2006,"nombre_occurences":15},{"prenom":"SOLENN","sexe":"F","departement":"91","annee_naissance":2006,"nombre_occurences":4},{"prenom":"SOLINE","sexe":"F","departement":"91","annee_naissance":2006,"nombre_occurences":5},{"prenom":"SONIA","sexe":"F","departement":"91","annee_naissance":2006,"nombre_occurences":11},{"prenom":"SOPHIA","sexe":"F","departement":"91","annee_naissance":2006,"nombre_occurences":3},{"prenom":"SOPHIE","sexe":"F","departement":"91","annee_naissance":2006,"nombre_occurences":11},{"prenom":"SORAYA","sexe":"F","departement":"91","annee_naissance":2006,"nombre_occurences":6},{"prenom":"SOREN","sexe":"M","departement":"91","annee_naissance":2006,"nombre_occurences":3},{"prenom":"SOULEYMANE","sexe":"M","departement":"91","annee_naissance":2006,"nombre_occurences":6},{"prenom":"SOUMAYA","sexe":"F","departement":"91","annee_naissance":2006,"nombre_occurences":5},{"prenom":"STACY","sexe":"F","departement":"91","annee_naissance":2006,"nombre_occurences":5},{"prenom":"STAN","sexe":"M","departement":"91","annee_naissance":2006,"nombre_occurences":3},{"prenom":"STANISLAS","sexe":"M","departement":"91","annee_naissance":2006,"nombre_occurences":3},{"prenom":"STECY","sexe":"F","departement":"91","annee_naissance":2006,"nombre_occurences":3},{"prenom":"STELLA","sexe":"F","departement":"91","annee_naissance":2006,"nombre_occurences":7},{"prenom":"STEPHANE","sexe":"M","departement":"91","annee_naissance":2006,"nombre_occurences":4},{"prenom":"STEVEN","sexe":"M","departement":"91","annee_naissance":2006,"nombre_occurences":12},{"prenom":"SULEYMAN","sexe":"M","departement":"91","annee_naissance":2006,"nombre_occurences":3},{"prenom":"SWAN","sexe":"M","departement":"91","annee_naissance":2006,"nombre_occurences":4},{"prenom":"SYLVAIN","sexe":"M","departement":"91","annee_naissance":2006,"nombre_occurences":4},{"prenom":"SYRINE","sexe":"F","departement":"91","annee_naissance":2006,"nombre_occurences":8},{"prenom":"TAHA","sexe":"M","departement":"91","annee_naissance":2006,"nombre_occurences":3},{"prenom":"TAINA","sexe":"F","departement":"91","annee_naissance":2006,"nombre_occurences":6},{"prenom":"TALIA","sexe":"F","departement":"91","annee_naissance":2006,"nombre_occurences":3},{"prenom":"TALINA","sexe":"F","departement":"91","annee_naissance":2006,"nombre_occurences":3},{"prenom":"TANGUY","sexe":"M","departement":"91","annee_naissance":2006,"nombre_occurences":3},{"prenom":"TANIA","sexe":"F","departement":"91","annee_naissance":2006,"nombre_occurences":4},{"prenom":"TARA","sexe":"F","departement":"91","annee_naissance":2006,"nombre_occurences":4},{"prenom":"TATIANA","sexe":"F","departement":"91","annee_naissance":2006,"nombre_occurences":7},{"prenom":"TEDDY","sexe":"M","departement":"91","annee_naissance":2006,"nombre_occurences":6},{"prenom":"TEO","sexe":"M","departement":"91","annee_naissance":2006,"nombre_occurences":14},{"prenom":"TERENCE","sexe":"M","departement":"91","annee_naissance":2006,"nombre_occurences":3},{"prenom":"TERRY","sexe":"M","departement":"91","annee_naissance":2006,"nombre_occurences":3},{"prenom":"TESS","sexe":"F","departement":"91","annee_naissance":2006,"nombre_occurences":5},{"prenom":"TESSA","sexe":"F","departement":"91","annee_naissance":2006,"nombre_occurences":8},{"prenom":"THAIS","sexe":"F","departement":"91","annee_naissance":2006,"nombre_occurences":5},{"prenom":"THALIA","sexe":"F","departement":"91","annee_naissance":2006,"nombre_occurences":4},{"prenom":"THEA","sexe":"F","departement":"91","annee_naissance":2006,"nombre_occurences":5},{"prenom":"THELMA","sexe":"F","departement":"91","annee_naissance":2006,"nombre_occurences":4},{"prenom":"THEO","sexe":"M","departement":"91","annee_naissance":2006,"nombre_occurences":75},{"prenom":"THEODORE","sexe":"M","departement":"91","annee_naissance":2006,"nombre_occurences":4},{"prenom":"THIBAUD","sexe":"M","departement":"91","annee_naissance":2006,"nombre_occurences":9},{"prenom":"THIBAULT","sexe":"M","departement":"91","annee_naissance":2006,"nombre_occurences":20},{"prenom":"THIBAUT","sexe":"M","departement":"91","annee_naissance":2006,"nombre_occurences":10},{"prenom":"THOMAS","sexe":"M","departement":"91","annee_naissance":2006,"nombre_occurences":93},{"prenom":"TIAGO","sexe":"M","departement":"91","annee_naissance":2006,"nombre_occurences":24},{"prenom":"TIFENN","sexe":"F","departement":"91","annee_naissance":2006,"nombre_occurences":3},{"prenom":"TIFFANY","sexe":"F","departement":"91","annee_naissance":2006,"nombre_occurences":6},{"prenom":"TILIO","sexe":"M","departement":"91","annee_naissance":2006,"nombre_occurences":3},{"prenom":"TIM","sexe":"M","departement":"91","annee_naissance":2006,"nombre_occurences":4},{"prenom":"TIMEO","sexe":"M","departement":"91","annee_naissance":2006,"nombre_occurences":23},{"prenom":"TIMOTHE","sexe":"M","departement":"91","annee_naissance":2006,"nombre_occurences":12},{"prenom":"TIMOTHEE","sexe":"M","departement":"91","annee_naissance":2006,"nombre_occurences":9},{"prenom":"TINA","sexe":"F","departement":"91","annee_naissance":2006,"nombre_occurences":3},{"prenom":"TIPHAINE","sexe":"F","departement":"91","annee_naissance":2006,"nombre_occurences":7},{"prenom":"TITOUAN","sexe":"M","departement":"91","annee_naissance":2006,"nombre_occurences":30},{"prenom":"TOM","sexe":"M","departement":"91","annee_naissance":2006,"nombre_occurences":72},{"prenom":"TONY","sexe":"M","departement":"91","annee_naissance":2006,"nombre_occurences":12},{"prenom":"TRACY","sexe":"F","departement":"91","annee_naissance":2006,"nombre_occurences":6},{"prenom":"TRISTAN","sexe":"M","departement":"91","annee_naissance":2006,"nombre_occurences":28},{"prenom":"TYRON","sexe":"M","departement":"91","annee_naissance":2006,"nombre_occurences":5},{"prenom":"UGO","sexe":"M","departement":"91","annee_naissance":2006,"nombre_occurences":6},{"prenom":"ULYSSE","sexe":"M","departement":"91","annee_naissance":2006,"nombre_occurences":7},{"prenom":"UMIT","sexe":"M","departement":"91","annee_naissance":2006,"nombre_occurences":3},{"prenom":"UMUT","sexe":"M","departement":"91","annee_naissance":2006,"nombre_occurences":3},{"prenom":"VALENTIN","sexe":"M","departement":"91","annee_naissance":2006,"nombre_occurences":50},{"prenom":"VALENTINE","sexe":"F","departement":"91","annee_naissance":2006,"nombre_occurences":11},{"prenom":"VANESSA","sexe":"F","departement":"91","annee_naissance":2006,"nombre_occurences":4},{"prenom":"VICTOIRE","sexe":"F","departement":"91","annee_naissance":2006,"nombre_occurences":4},{"prenom":"VICTOR","sexe":"M","departement":"91","annee_naissance":2006,"nombre_occurences":18},{"prenom":"VICTORIA","sexe":"F","departement":"91","annee_naissance":2006,"nombre_occurences":19},{"prenom":"VINCENT","sexe":"M","departement":"91","annee_naissance":2006,"nombre_occurences":22},{"prenom":"VIRGILE","sexe":"M","departement":"91","annee_naissance":2006,"nombre_occurences":5},{"prenom":"VIVIEN","sexe":"M","departement":"91","annee_naissance":2006,"nombre_occurences":3},{"prenom":"WAEL","sexe":"M","departement":"91","annee_naissance":2006,"nombre_occurences":5},{"prenom":"WALID","sexe":"M","departement":"91","annee_naissance":2006,"nombre_occurences":14},{"prenom":"WARREN","sexe":"M","departement":"91","annee_naissance":2006,"nombre_occurences":9},{"prenom":"WASSIM","sexe":"M","departement":"91","annee_naissance":2006,"nombre_occurences":11},{"prenom":"WENDY","sexe":"F","departement":"91","annee_naissance":2006,"nombre_occurences":5},{"prenom":"WESLEY","sexe":"M","departement":"91","annee_naissance":2006,"nombre_occurences":9},{"prenom":"WILLEM","sexe":"M","departement":"91","annee_naissance":2006,"nombre_occurences":3},{"prenom":"WILLIAM","sexe":"M","departement":"91","annee_naissance":2006,"nombre_occurences":26},{"prenom":"WISSAM","sexe":"M","departement":"91","annee_naissance":2006,"nombre_occurences":5},{"prenom":"WISSEM","sexe":"M","departement":"91","annee_naissance":2006,"nombre_occurences":3},{"prenom":"YACINE","sexe":"M","departement":"91","annee_naissance":2006,"nombre_occurences":20},{"prenom":"YAEL","sexe":"F","departement":"91","annee_naissance":2006,"nombre_occurences":3},{"prenom":"YAELLE","sexe":"F","departement":"91","annee_naissance":2006,"nombre_occurences":4},{"prenom":"YANIS","sexe":"M","departement":"91","annee_naissance":2006,"nombre_occurences":90},{"prenom":"YANISS","sexe":"M","departement":"91","annee_naissance":2006,"nombre_occurences":4},{"prenom":"YANN","sexe":"M","departement":"91","annee_naissance":2006,"nombre_occurences":19},{"prenom":"YANNICK","sexe":"M","departement":"91","annee_naissance":2006,"nombre_occurences":3},{"prenom":"YANNIS","sexe":"M","departement":"91","annee_naissance":2006,"nombre_occurences":12},{"prenom":"YASMINE","sexe":"F","departement":"91","annee_naissance":2006,"nombre_occurences":37},{"prenom":"YASSIN","sexe":"M","departement":"91","annee_naissance":2006,"nombre_occurences":5},{"prenom":"YASSINE","sexe":"M","departement":"91","annee_naissance":2006,"nombre_occurences":22},{"prenom":"YLAN","sexe":"M","departement":"91","annee_naissance":2006,"nombre_occurences":6},{"prenom":"YLANN","sexe":"M","departement":"91","annee_naissance":2006,"nombre_occurences":3},{"prenom":"YLIES","sexe":"M","departement":"91","annee_naissance":2006,"nombre_occurences":4},{"prenom":"YLONA","sexe":"F","departement":"91","annee_naissance":2006,"nombre_occurences":3},{"prenom":"YOAN","sexe":"M","departement":"91","annee_naissance":2006,"nombre_occurences":11},{"prenom":"YOANN","sexe":"M","departement":"91","annee_naissance":2006,"nombre_occurences":13},{"prenom":"YOHAN","sexe":"M","departement":"91","annee_naissance":2006,"nombre_occurences":7},{"prenom":"YOHANN","sexe":"M","departement":"91","annee_naissance":2006,"nombre_occurences":8},{"prenom":"YONI","sexe":"M","departement":"91","annee_naissance":2006,"nombre_occurences":6},{"prenom":"YOUCEF","sexe":"M","departement":"91","annee_naissance":2006,"nombre_occurences":4},{"prenom":"YOUNES","sexe":"M","departement":"91","annee_naissance":2006,"nombre_occurences":15},{"prenom":"YOUNESS","sexe":"M","departement":"91","annee_naissance":2006,"nombre_occurences":3},{"prenom":"YOUSRA","sexe":"F","departement":"91","annee_naissance":2006,"nombre_occurences":13},{"prenom":"YOUSSEF","sexe":"M","departement":"91","annee_naissance":2006,"nombre_occurences":18},{"prenom":"YOUSSOUF","sexe":"M","departement":"91","annee_naissance":2006,"nombre_occurences":4},{"prenom":"YOUSSRA","sexe":"F","departement":"91","annee_naissance":2006,"nombre_occurences":3},{"prenom":"ZACHARY","sexe":"M","departement":"91","annee_naissance":2006,"nombre_occurences":3},{"prenom":"ZAKARIA","sexe":"M","departement":"91","annee_naissance":2006,"nombre_occurences":7},{"prenom":"ZELIE","sexe":"F","departement":"91","annee_naissance":2006,"nombre_occurences":5},{"prenom":"ZINA","sexe":"F","departement":"91","annee_naissance":2006,"nombre_occurences":3},{"prenom":"ZINEB","sexe":"F","departement":"91","annee_naissance":2006,"nombre_occurences":3},{"prenom":"ZINEDINE","sexe":"M","departement":"91","annee_naissance":2006,"nombre_occurences":4},{"prenom":"ZOE","sexe":"F","departement":"91","annee_naissance":2006,"nombre_occurences":40}]