[{"preusuel":"AALIYAH","sexe":"f","dpt":"91","annais":2005,"nombre":3},{"preusuel":"AARON","sexe":"m","dpt":"91","annais":2005,"nombre":13},{"preusuel":"ABDALLAH","sexe":"m","dpt":"91","annais":2005,"nombre":6},{"preusuel":"ABDOUL","sexe":"m","dpt":"91","annais":2005,"nombre":3},{"preusuel":"ABDOULAYE","sexe":"m","dpt":"91","annais":2005,"nombre":4},{"preusuel":"ABDULLAH","sexe":"m","dpt":"91","annais":2005,"nombre":6},{"preusuel":"ABEL","sexe":"m","dpt":"91","annais":2005,"nombre":5},{"preusuel":"ABIGAEL","sexe":"f","dpt":"91","annais":2005,"nombre":4},{"preusuel":"ABIGAELLE","sexe":"f","dpt":"91","annais":2005,"nombre":3},{"preusuel":"ADAM","sexe":"m","dpt":"91","annais":2005,"nombre":36},{"preusuel":"ADAN","sexe":"m","dpt":"91","annais":2005,"nombre":3},{"preusuel":"ADEL","sexe":"m","dpt":"91","annais":2005,"nombre":6},{"preusuel":"ADELE","sexe":"f","dpt":"91","annais":2005,"nombre":11},{"preusuel":"ADELINE","sexe":"f","dpt":"91","annais":2005,"nombre":3},{"preusuel":"ADEM","sexe":"m","dpt":"91","annais":2005,"nombre":4},{"preusuel":"ADIL","sexe":"m","dpt":"91","annais":2005,"nombre":4},{"preusuel":"ADRIANA","sexe":"f","dpt":"91","annais":2005,"nombre":3},{"preusuel":"ADRIEN","sexe":"m","dpt":"91","annais":2005,"nombre":42},{"preusuel":"AGATHE","sexe":"f","dpt":"91","annais":2005,"nombre":14},{"preusuel":"AGNES","sexe":"f","dpt":"91","annais":2005,"nombre":6},{"preusuel":"AHMED","sexe":"m","dpt":"91","annais":2005,"nombre":9},{"preusuel":"AICHA","sexe":"f","dpt":"91","annais":2005,"nombre":6},{"preusuel":"AISSA","sexe":"m","dpt":"91","annais":2005,"nombre":3},{"preusuel":"AISSATA","sexe":"f","dpt":"91","annais":2005,"nombre":5},{"preusuel":"AISSATOU","sexe":"f","dpt":"91","annais":2005,"nombre":5},{"preusuel":"AISSE","sexe":"f","dpt":"91","annais":2005,"nombre":3},{"preusuel":"AKSEL","sexe":"m","dpt":"91","annais":2005,"nombre":3},{"preusuel":"ALAIN","sexe":"m","dpt":"91","annais":2005,"nombre":4},{"preusuel":"ALAN","sexe":"m","dpt":"91","annais":2005,"nombre":17},{"preusuel":"ALBAN","sexe":"m","dpt":"91","annais":2005,"nombre":13},{"preusuel":"ALBANE","sexe":"f","dpt":"91","annais":2005,"nombre":3},{"preusuel":"ALEX","sexe":"m","dpt":"91","annais":2005,"nombre":6},{"preusuel":"ALEXANDRA","sexe":"f","dpt":"91","annais":2005,"nombre":15},{"preusuel":"ALEXANDRE","sexe":"m","dpt":"91","annais":2005,"nombre":76},{"preusuel":"ALEXANE","sexe":"f","dpt":"91","annais":2005,"nombre":4},{"preusuel":"ALEXIA","sexe":"f","dpt":"91","annais":2005,"nombre":28},{"preusuel":"ALEXIANE","sexe":"f","dpt":"91","annais":2005,"nombre":4},{"preusuel":"ALEXIS","sexe":"m","dpt":"91","annais":2005,"nombre":91},{"preusuel":"ALEXY","sexe":"m","dpt":"91","annais":2005,"nombre":3},{"preusuel":"ALEYNA","sexe":"f","dpt":"91","annais":2005,"nombre":3},{"preusuel":"ALI","sexe":"m","dpt":"91","annais":2005,"nombre":8},{"preusuel":"ALICE","sexe":"f","dpt":"91","annais":2005,"nombre":21},{"preusuel":"ALICIA","sexe":"f","dpt":"91","annais":2005,"nombre":45},{"preusuel":"ALINE","sexe":"f","dpt":"91","annais":2005,"nombre":8},{"preusuel":"ALIOU","sexe":"m","dpt":"91","annais":2005,"nombre":3},{"preusuel":"ALIX","sexe":"f","dpt":"91","annais":2005,"nombre":4},{"preusuel":"ALIX","sexe":"m","dpt":"91","annais":2005,"nombre":4},{"preusuel":"ALIZEE","sexe":"f","dpt":"91","annais":2005,"nombre":12},{"preusuel":"ALLAN","sexe":"m","dpt":"91","annais":2005,"nombre":15},{"preusuel":"ALYA","sexe":"f","dpt":"91","annais":2005,"nombre":3},{"preusuel":"ALYCIA","sexe":"f","dpt":"91","annais":2005,"nombre":9},{"preusuel":"ALYSSA","sexe":"f","dpt":"91","annais":2005,"nombre":25},{"preusuel":"ALYSSIA","sexe":"f","dpt":"91","annais":2005,"nombre":7},{"preusuel":"AMADOU","sexe":"m","dpt":"91","annais":2005,"nombre":7},{"preusuel":"AMANDINE","sexe":"f","dpt":"91","annais":2005,"nombre":22},{"preusuel":"AMAURY","sexe":"m","dpt":"91","annais":2005,"nombre":6},{"preusuel":"AMBRE","sexe":"f","dpt":"91","annais":2005,"nombre":43},{"preusuel":"AMEL","sexe":"f","dpt":"91","annais":2005,"nombre":13},{"preusuel":"AMELIE","sexe":"f","dpt":"91","annais":2005,"nombre":18},{"preusuel":"AMINA","sexe":"f","dpt":"91","annais":2005,"nombre":7},{"preusuel":"AMINATA","sexe":"f","dpt":"91","annais":2005,"nombre":11},{"preusuel":"AMINE","sexe":"m","dpt":"91","annais":2005,"nombre":23},{"preusuel":"AMIR","sexe":"m","dpt":"91","annais":2005,"nombre":9},{"preusuel":"AMIRA","sexe":"f","dpt":"91","annais":2005,"nombre":6},{"preusuel":"AMY","sexe":"f","dpt":"91","annais":2005,"nombre":3},{"preusuel":"ANA","sexe":"f","dpt":"91","annais":2005,"nombre":4},{"preusuel":"ANAE","sexe":"f","dpt":"91","annais":2005,"nombre":3},{"preusuel":"ANAELLE","sexe":"f","dpt":"91","annais":2005,"nombre":18},{"preusuel":"ANAIS","sexe":"f","dpt":"91","annais":2005,"nombre":59},{"preusuel":"ANAS","sexe":"m","dpt":"91","annais":2005,"nombre":5},{"preusuel":"ANASS","sexe":"m","dpt":"91","annais":2005,"nombre":3},{"preusuel":"ANASTASIA","sexe":"f","dpt":"91","annais":2005,"nombre":3},{"preusuel":"ANATOLE","sexe":"m","dpt":"91","annais":2005,"nombre":3},{"preusuel":"ANDREA","sexe":"f","dpt":"91","annais":2005,"nombre":22},{"preusuel":"ANDREA","sexe":"m","dpt":"91","annais":2005,"nombre":6},{"preusuel":"ANDY","sexe":"m","dpt":"91","annais":2005,"nombre":9},{"preusuel":"ANGE","sexe":"m","dpt":"91","annais":2005,"nombre":4},{"preusuel":"ANGEL","sexe":"m","dpt":"91","annais":2005,"nombre":3},{"preusuel":"ANGELE","sexe":"f","dpt":"91","annais":2005,"nombre":7},{"preusuel":"ANGELINA","sexe":"f","dpt":"91","annais":2005,"nombre":16},{"preusuel":"ANGELINE","sexe":"f","dpt":"91","annais":2005,"nombre":5},{"preusuel":"ANGELIQUE","sexe":"f","dpt":"91","annais":2005,"nombre":3},{"preusuel":"ANGELO","sexe":"m","dpt":"91","annais":2005,"nombre":10},{"preusuel":"ANIS","sexe":"m","dpt":"91","annais":2005,"nombre":11},{"preusuel":"ANISSA","sexe":"f","dpt":"91","annais":2005,"nombre":10},{"preusuel":"ANNA","sexe":"f","dpt":"91","annais":2005,"nombre":15},{"preusuel":"ANNAELLE","sexe":"f","dpt":"91","annais":2005,"nombre":5},{"preusuel":"ANOUK","sexe":"f","dpt":"91","annais":2005,"nombre":4},{"preusuel":"ANTHONIN","sexe":"m","dpt":"91","annais":2005,"nombre":3},{"preusuel":"ANTHONY","sexe":"m","dpt":"91","annais":2005,"nombre":35},{"preusuel":"ANTOINE","sexe":"m","dpt":"91","annais":2005,"nombre":57},{"preusuel":"ANTONIN","sexe":"m","dpt":"91","annais":2005,"nombre":19},{"preusuel":"ANTONY","sexe":"m","dpt":"91","annais":2005,"nombre":5},{"preusuel":"ANYSSA","sexe":"f","dpt":"91","annais":2005,"nombre":3},{"preusuel":"APOLLINE","sexe":"f","dpt":"91","annais":2005,"nombre":8},{"preusuel":"ARMAND","sexe":"m","dpt":"91","annais":2005,"nombre":4},{"preusuel":"ARNAUD","sexe":"m","dpt":"91","annais":2005,"nombre":3},{"preusuel":"ARNO","sexe":"m","dpt":"91","annais":2005,"nombre":3},{"preusuel":"ARTHUR","sexe":"m","dpt":"91","annais":2005,"nombre":42},{"preusuel":"ARWEN","sexe":"f","dpt":"91","annais":2005,"nombre":4},{"preusuel":"ASHLEY","sexe":"f","dpt":"91","annais":2005,"nombre":4},{"preusuel":"ASMA","sexe":"f","dpt":"91","annais":2005,"nombre":4},{"preusuel":"ASSA","sexe":"f","dpt":"91","annais":2005,"nombre":7},{"preusuel":"ASSIA","sexe":"f","dpt":"91","annais":2005,"nombre":17},{"preusuel":"ASTRID","sexe":"f","dpt":"91","annais":2005,"nombre":5},{"preusuel":"AUBIN","sexe":"m","dpt":"91","annais":2005,"nombre":4},{"preusuel":"AUDE","sexe":"f","dpt":"91","annais":2005,"nombre":3},{"preusuel":"AUDREY","sexe":"f","dpt":"91","annais":2005,"nombre":16},{"preusuel":"AUGUSTIN","sexe":"m","dpt":"91","annais":2005,"nombre":9},{"preusuel":"AURELIA","sexe":"f","dpt":"91","annais":2005,"nombre":3},{"preusuel":"AURELIE","sexe":"f","dpt":"91","annais":2005,"nombre":12},{"preusuel":"AURELIEN","sexe":"m","dpt":"91","annais":2005,"nombre":19},{"preusuel":"AURIANE","sexe":"f","dpt":"91","annais":2005,"nombre":3},{"preusuel":"AURORE","sexe":"f","dpt":"91","annais":2005,"nombre":13},{"preusuel":"AWA","sexe":"f","dpt":"91","annais":2005,"nombre":6},{"preusuel":"AXEL","sexe":"m","dpt":"91","annais":2005,"nombre":50},{"preusuel":"AXELLE","sexe":"f","dpt":"91","annais":2005,"nombre":16},{"preusuel":"AYA","sexe":"f","dpt":"91","annais":2005,"nombre":16},{"preusuel":"AYAT","sexe":"f","dpt":"91","annais":2005,"nombre":3},{"preusuel":"AYLIN","sexe":"f","dpt":"91","annais":2005,"nombre":3},{"preusuel":"AYMAN","sexe":"m","dpt":"91","annais":2005,"nombre":5},{"preusuel":"AYMEN","sexe":"m","dpt":"91","annais":2005,"nombre":3},{"preusuel":"AYMERIC","sexe":"m","dpt":"91","annais":2005,"nombre":9},{"preusuel":"AYMERICK","sexe":"m","dpt":"91","annais":2005,"nombre":3},{"preusuel":"AYOUB","sexe":"m","dpt":"91","annais":2005,"nombre":20},{"preusuel":"AYSE","sexe":"f","dpt":"91","annais":2005,"nombre":3},{"preusuel":"AZRA","sexe":"f","dpt":"91","annais":2005,"nombre":3},{"preusuel":"BAPTISTE","sexe":"m","dpt":"91","annais":2005,"nombre":51},{"preusuel":"BARBARA","sexe":"f","dpt":"91","annais":2005,"nombre":3},{"preusuel":"BASTIAN","sexe":"m","dpt":"91","annais":2005,"nombre":3},{"preusuel":"BASTIEN","sexe":"m","dpt":"91","annais":2005,"nombre":27},{"preusuel":"BENEDICTE","sexe":"f","dpt":"91","annais":2005,"nombre":5},{"preusuel":"BENJAMIN","sexe":"m","dpt":"91","annais":2005,"nombre":33},{"preusuel":"BENOIT","sexe":"m","dpt":"91","annais":2005,"nombre":16},{"preusuel":"BERENICE","sexe":"f","dpt":"91","annais":2005,"nombre":6},{"preusuel":"BILAL","sexe":"m","dpt":"91","annais":2005,"nombre":16},{"preusuel":"BILEL","sexe":"m","dpt":"91","annais":2005,"nombre":10},{"preusuel":"BINTOU","sexe":"f","dpt":"91","annais":2005,"nombre":7},{"preusuel":"BLANCHE","sexe":"f","dpt":"91","annais":2005,"nombre":3},{"preusuel":"BOUBACAR","sexe":"m","dpt":"91","annais":2005,"nombre":4},{"preusuel":"BOUBAKAR","sexe":"m","dpt":"91","annais":2005,"nombre":3},{"preusuel":"BRADLEY","sexe":"m","dpt":"91","annais":2005,"nombre":4},{"preusuel":"BRAHIM","sexe":"m","dpt":"91","annais":2005,"nombre":5},{"preusuel":"BRANDON","sexe":"m","dpt":"91","annais":2005,"nombre":9},{"preusuel":"BRAYAN","sexe":"m","dpt":"91","annais":2005,"nombre":7},{"preusuel":"BRENDA","sexe":"f","dpt":"91","annais":2005,"nombre":3},{"preusuel":"BRICE","sexe":"m","dpt":"91","annais":2005,"nombre":4},{"preusuel":"BRUNO","sexe":"m","dpt":"91","annais":2005,"nombre":6},{"preusuel":"BRYAN","sexe":"m","dpt":"91","annais":2005,"nombre":13},{"preusuel":"CALVIN","sexe":"m","dpt":"91","annais":2005,"nombre":4},{"preusuel":"CAMELIA","sexe":"f","dpt":"91","annais":2005,"nombre":4},{"preusuel":"CAMERON","sexe":"m","dpt":"91","annais":2005,"nombre":4},{"preusuel":"CAMILLE","sexe":"f","dpt":"91","annais":2005,"nombre":83},{"preusuel":"CAMILLE","sexe":"m","dpt":"91","annais":2005,"nombre":6},{"preusuel":"CANDICE","sexe":"f","dpt":"91","annais":2005,"nombre":18},{"preusuel":"CANNELLE","sexe":"f","dpt":"91","annais":2005,"nombre":3},{"preusuel":"CAPUCINE","sexe":"f","dpt":"91","annais":2005,"nombre":6},{"preusuel":"CARLA","sexe":"f","dpt":"91","annais":2005,"nombre":33},{"preusuel":"CAROLINE","sexe":"f","dpt":"91","annais":2005,"nombre":6},{"preusuel":"CASSANDRA","sexe":"f","dpt":"91","annais":2005,"nombre":23},{"preusuel":"CASSANDRE","sexe":"f","dpt":"91","annais":2005,"nombre":11},{"preusuel":"CECILE","sexe":"f","dpt":"91","annais":2005,"nombre":5},{"preusuel":"CECILIA","sexe":"f","dpt":"91","annais":2005,"nombre":6},{"preusuel":"CEDRIC","sexe":"m","dpt":"91","annais":2005,"nombre":9},{"preusuel":"CELIA","sexe":"f","dpt":"91","annais":2005,"nombre":42},{"preusuel":"CELIAN","sexe":"m","dpt":"91","annais":2005,"nombre":5},{"preusuel":"CELINE","sexe":"f","dpt":"91","annais":2005,"nombre":9},{"preusuel":"CELYA","sexe":"f","dpt":"91","annais":2005,"nombre":3},{"preusuel":"CHAHINE","sexe":"m","dpt":"91","annais":2005,"nombre":4},{"preusuel":"CHAIMA","sexe":"f","dpt":"91","annais":2005,"nombre":9},{"preusuel":"CHAIMAA","sexe":"f","dpt":"91","annais":2005,"nombre":3},{"preusuel":"CHARLENE","sexe":"f","dpt":"91","annais":2005,"nombre":7},{"preusuel":"CHARLES","sexe":"m","dpt":"91","annais":2005,"nombre":8},{"preusuel":"CHARLINE","sexe":"f","dpt":"91","annais":2005,"nombre":7},{"preusuel":"CHARLOTTE","sexe":"f","dpt":"91","annais":2005,"nombre":47},{"preusuel":"CHARLYNE","sexe":"f","dpt":"91","annais":2005,"nombre":4},{"preusuel":"CHIARA","sexe":"f","dpt":"91","annais":2005,"nombre":9},{"preusuel":"CHIMENE","sexe":"f","dpt":"91","annais":2005,"nombre":3},{"preusuel":"CHLOE","sexe":"f","dpt":"91","annais":2005,"nombre":95},{"preusuel":"CHRIS","sexe":"m","dpt":"91","annais":2005,"nombre":5},{"preusuel":"CHRISTIAN","sexe":"m","dpt":"91","annais":2005,"nombre":4},{"preusuel":"CHRISTINA","sexe":"f","dpt":"91","annais":2005,"nombre":3},{"preusuel":"CHRISTOPHER","sexe":"m","dpt":"91","annais":2005,"nombre":5},{"preusuel":"CINDY","sexe":"f","dpt":"91","annais":2005,"nombre":4},{"preusuel":"CLAIRE","sexe":"f","dpt":"91","annais":2005,"nombre":7},{"preusuel":"CLARA","sexe":"f","dpt":"91","annais":2005,"nombre":103},{"preusuel":"CLARENCE","sexe":"m","dpt":"91","annais":2005,"nombre":3},{"preusuel":"CLARISSE","sexe":"f","dpt":"91","annais":2005,"nombre":14},{"preusuel":"CLEA","sexe":"f","dpt":"91","annais":2005,"nombre":7},{"preusuel":"CLELIA","sexe":"f","dpt":"91","annais":2005,"nombre":5},{"preusuel":"CLELIE","sexe":"f","dpt":"91","annais":2005,"nombre":3},{"preusuel":"CLEMENCE","sexe":"f","dpt":"91","annais":2005,"nombre":22},{"preusuel":"CLEMENT","sexe":"m","dpt":"91","annais":2005,"nombre":81},{"preusuel":"CLEMENTINE","sexe":"f","dpt":"91","annais":2005,"nombre":6},{"preusuel":"CLEO","sexe":"f","dpt":"91","annais":2005,"nombre":3},{"preusuel":"CLOE","sexe":"f","dpt":"91","annais":2005,"nombre":20},{"preusuel":"COLEEN","sexe":"f","dpt":"91","annais":2005,"nombre":3},{"preusuel":"COLINE","sexe":"f","dpt":"91","annais":2005,"nombre":14},{"preusuel":"COME","sexe":"m","dpt":"91","annais":2005,"nombre":6},{"preusuel":"CONSTANCE","sexe":"f","dpt":"91","annais":2005,"nombre":9},{"preusuel":"CORALIE","sexe":"f","dpt":"91","annais":2005,"nombre":16},{"preusuel":"CORENTIN","sexe":"m","dpt":"91","annais":2005,"nombre":34},{"preusuel":"CURTIS","sexe":"m","dpt":"91","annais":2005,"nombre":3},{"preusuel":"CYNTHIA","sexe":"f","dpt":"91","annais":2005,"nombre":6},{"preusuel":"CYPRIEN","sexe":"m","dpt":"91","annais":2005,"nombre":4},{"preusuel":"CYRIELLE","sexe":"f","dpt":"91","annais":2005,"nombre":6},{"preusuel":"CYRIL","sexe":"m","dpt":"91","annais":2005,"nombre":6},{"preusuel":"DAMIEN","sexe":"m","dpt":"91","annais":2005,"nombre":23},{"preusuel":"DAN","sexe":"m","dpt":"91","annais":2005,"nombre":5},{"preusuel":"DANIEL","sexe":"m","dpt":"91","annais":2005,"nombre":11},{"preusuel":"DANY","sexe":"m","dpt":"91","annais":2005,"nombre":9},{"preusuel":"DAPHNE","sexe":"f","dpt":"91","annais":2005,"nombre":3},{"preusuel":"DAVID","sexe":"m","dpt":"91","annais":2005,"nombre":25},{"preusuel":"DEBORAH","sexe":"f","dpt":"91","annais":2005,"nombre":4},{"preusuel":"DIANA","sexe":"f","dpt":"91","annais":2005,"nombre":4},{"preusuel":"DIANE","sexe":"f","dpt":"91","annais":2005,"nombre":10},{"preusuel":"DIEGO","sexe":"m","dpt":"91","annais":2005,"nombre":12},{"preusuel":"DIMITRI","sexe":"m","dpt":"91","annais":2005,"nombre":13},{"preusuel":"DINA","sexe":"f","dpt":"91","annais":2005,"nombre":4},{"preusuel":"DIVINE","sexe":"f","dpt":"91","annais":2005,"nombre":9},{"preusuel":"DJIBRIL","sexe":"m","dpt":"91","annais":2005,"nombre":8},{"preusuel":"DONIA","sexe":"f","dpt":"91","annais":2005,"nombre":3},{"preusuel":"DORCAS","sexe":"f","dpt":"91","annais":2005,"nombre":3},{"preusuel":"DORIAN","sexe":"m","dpt":"91","annais":2005,"nombre":19},{"preusuel":"DOUNIA","sexe":"f","dpt":"91","annais":2005,"nombre":6},{"preusuel":"DRISS","sexe":"m","dpt":"91","annais":2005,"nombre":3},{"preusuel":"DYLAN","sexe":"m","dpt":"91","annais":2005,"nombre":37},{"preusuel":"EDDY","sexe":"m","dpt":"91","annais":2005,"nombre":3},{"preusuel":"EDEN","sexe":"f","dpt":"91","annais":2005,"nombre":8},{"preusuel":"EDEN","sexe":"m","dpt":"91","annais":2005,"nombre":5},{"preusuel":"EDOUARD","sexe":"m","dpt":"91","annais":2005,"nombre":4},{"preusuel":"EDWIN","sexe":"m","dpt":"91","annais":2005,"nombre":3},{"preusuel":"EILEEN","sexe":"f","dpt":"91","annais":2005,"nombre":4},{"preusuel":"ELEA","sexe":"f","dpt":"91","annais":2005,"nombre":11},{"preusuel":"ELENA","sexe":"f","dpt":"91","annais":2005,"nombre":14},{"preusuel":"ELEONORE","sexe":"f","dpt":"91","annais":2005,"nombre":9},{"preusuel":"ELIA","sexe":"f","dpt":"91","annais":2005,"nombre":4},{"preusuel":"ELIANA","sexe":"f","dpt":"91","annais":2005,"nombre":3},{"preusuel":"ELIAS","sexe":"m","dpt":"91","annais":2005,"nombre":14},{"preusuel":"ELIE","sexe":"m","dpt":"91","annais":2005,"nombre":3},{"preusuel":"ELIF","sexe":"f","dpt":"91","annais":2005,"nombre":3},{"preusuel":"ELINA","sexe":"f","dpt":"91","annais":2005,"nombre":8},{"preusuel":"ELIO","sexe":"m","dpt":"91","annais":2005,"nombre":6},{"preusuel":"ELIOT","sexe":"m","dpt":"91","annais":2005,"nombre":10},{"preusuel":"ELIOTT","sexe":"m","dpt":"91","annais":2005,"nombre":15},{"preusuel":"ELISA","sexe":"f","dpt":"91","annais":2005,"nombre":28},{"preusuel":"ELISE","sexe":"f","dpt":"91","annais":2005,"nombre":20},{"preusuel":"ELLA","sexe":"f","dpt":"91","annais":2005,"nombre":9},{"preusuel":"ELLIOT","sexe":"m","dpt":"91","annais":2005,"nombre":6},{"preusuel":"ELLIOTT","sexe":"m","dpt":"91","annais":2005,"nombre":7},{"preusuel":"ELODIE","sexe":"f","dpt":"91","annais":2005,"nombre":10},{"preusuel":"ELOI","sexe":"m","dpt":"91","annais":2005,"nombre":4},{"preusuel":"ELOISE","sexe":"f","dpt":"91","annais":2005,"nombre":24},{"preusuel":"ELONA","sexe":"f","dpt":"91","annais":2005,"nombre":3},{"preusuel":"ELORA","sexe":"f","dpt":"91","annais":2005,"nombre":8},{"preusuel":"ELOUAN","sexe":"m","dpt":"91","annais":2005,"nombre":8},{"preusuel":"ELSA","sexe":"f","dpt":"91","annais":2005,"nombre":21},{"preusuel":"ELYES","sexe":"m","dpt":"91","annais":2005,"nombre":4},{"preusuel":"ELYNE","sexe":"f","dpt":"91","annais":2005,"nombre":4},{"preusuel":"EMELINE","sexe":"f","dpt":"91","annais":2005,"nombre":10},{"preusuel":"EMIE","sexe":"f","dpt":"91","annais":2005,"nombre":7},{"preusuel":"EMILE","sexe":"m","dpt":"91","annais":2005,"nombre":7},{"preusuel":"EMILIE","sexe":"f","dpt":"91","annais":2005,"nombre":37},{"preusuel":"EMILIEN","sexe":"m","dpt":"91","annais":2005,"nombre":4},{"preusuel":"EMIR","sexe":"m","dpt":"91","annais":2005,"nombre":3},{"preusuel":"EMMA","sexe":"f","dpt":"91","annais":2005,"nombre":116},{"preusuel":"EMMANUEL","sexe":"m","dpt":"91","annais":2005,"nombre":11},{"preusuel":"EMMY","sexe":"f","dpt":"91","annais":2005,"nombre":4},{"preusuel":"EMY","sexe":"f","dpt":"91","annais":2005,"nombre":8},{"preusuel":"ENES","sexe":"m","dpt":"91","annais":2005,"nombre":3},{"preusuel":"ENOLA","sexe":"f","dpt":"91","annais":2005,"nombre":6},{"preusuel":"ENORA","sexe":"f","dpt":"91","annais":2005,"nombre":7},{"preusuel":"ENZO","sexe":"m","dpt":"91","annais":2005,"nombre":169},{"preusuel":"ERIC","sexe":"m","dpt":"91","annais":2005,"nombre":3},{"preusuel":"ERIN","sexe":"f","dpt":"91","annais":2005,"nombre":4},{"preusuel":"ERWAN","sexe":"m","dpt":"91","annais":2005,"nombre":33},{"preusuel":"ERWANN","sexe":"m","dpt":"91","annais":2005,"nombre":7},{"preusuel":"ERYNE","sexe":"f","dpt":"91","annais":2005,"nombre":3},{"preusuel":"ESAIE","sexe":"m","dpt":"91","annais":2005,"nombre":3},{"preusuel":"ESMA","sexe":"f","dpt":"91","annais":2005,"nombre":3},{"preusuel":"ESTEBAN","sexe":"m","dpt":"91","annais":2005,"nombre":21},{"preusuel":"ESTELLE","sexe":"f","dpt":"91","annais":2005,"nombre":12},{"preusuel":"ESTHER","sexe":"f","dpt":"91","annais":2005,"nombre":3},{"preusuel":"ETHAN","sexe":"m","dpt":"91","annais":2005,"nombre":54},{"preusuel":"ETIENNE","sexe":"m","dpt":"91","annais":2005,"nombre":9},{"preusuel":"EUGENIE","sexe":"f","dpt":"91","annais":2005,"nombre":3},{"preusuel":"EUNICE","sexe":"f","dpt":"91","annais":2005,"nombre":6},{"preusuel":"EVA","sexe":"f","dpt":"91","annais":2005,"nombre":65},{"preusuel":"EVAN","sexe":"m","dpt":"91","annais":2005,"nombre":57},{"preusuel":"EVANN","sexe":"m","dpt":"91","annais":2005,"nombre":11},{"preusuel":"EVANS","sexe":"m","dpt":"91","annais":2005,"nombre":3},{"preusuel":"EVE","sexe":"f","dpt":"91","annais":2005,"nombre":8},{"preusuel":"EWAN","sexe":"m","dpt":"91","annais":2005,"nombre":9},{"preusuel":"EWEN","sexe":"m","dpt":"91","annais":2005,"nombre":12},{"preusuel":"EZECHIEL","sexe":"m","dpt":"91","annais":2005,"nombre":3},{"preusuel":"FABIEN","sexe":"m","dpt":"91","annais":2005,"nombre":4},{"preusuel":"FABIO","sexe":"m","dpt":"91","annais":2005,"nombre":11},{"preusuel":"FABRICE","sexe":"m","dpt":"91","annais":2005,"nombre":3},{"preusuel":"FANNY","sexe":"f","dpt":"91","annais":2005,"nombre":20},{"preusuel":"FANTA","sexe":"f","dpt":"91","annais":2005,"nombre":6},{"preusuel":"FARAH","sexe":"f","dpt":"91","annais":2005,"nombre":4},{"preusuel":"FARES","sexe":"m","dpt":"91","annais":2005,"nombre":5},{"preusuel":"FATIMA","sexe":"f","dpt":"91","annais":2005,"nombre":7},{"preusuel":"FATMA","sexe":"f","dpt":"91","annais":2005,"nombre":3},{"preusuel":"FATOU","sexe":"f","dpt":"91","annais":2005,"nombre":4},{"preusuel":"FATOUMATA","sexe":"f","dpt":"91","annais":2005,"nombre":20},{"preusuel":"FAUSTINE","sexe":"f","dpt":"91","annais":2005,"nombre":6},{"preusuel":"FAYCAL","sexe":"m","dpt":"91","annais":2005,"nombre":3},{"preusuel":"FELICIA","sexe":"f","dpt":"91","annais":2005,"nombre":3},{"preusuel":"FELIX","sexe":"m","dpt":"91","annais":2005,"nombre":3},{"preusuel":"FIONA","sexe":"f","dpt":"91","annais":2005,"nombre":7},{"preusuel":"FIRDAWS","sexe":"f","dpt":"91","annais":2005,"nombre":3},{"preusuel":"FLAVIE","sexe":"f","dpt":"91","annais":2005,"nombre":10},{"preusuel":"FLAVIEN","sexe":"m","dpt":"91","annais":2005,"nombre":7},{"preusuel":"FLAVIO","sexe":"m","dpt":"91","annais":2005,"nombre":8},{"preusuel":"FLEUR","sexe":"f","dpt":"91","annais":2005,"nombre":4},{"preusuel":"FLORA","sexe":"f","dpt":"91","annais":2005,"nombre":8},{"preusuel":"FLORE","sexe":"f","dpt":"91","annais":2005,"nombre":3},{"preusuel":"FLORENT","sexe":"m","dpt":"91","annais":2005,"nombre":5},{"preusuel":"FLORENTIN","sexe":"m","dpt":"91","annais":2005,"nombre":5},{"preusuel":"FLORIAN","sexe":"m","dpt":"91","annais":2005,"nombre":44},{"preusuel":"FLORIANE","sexe":"f","dpt":"91","annais":2005,"nombre":6},{"preusuel":"FLORINE","sexe":"f","dpt":"91","annais":2005,"nombre":3},{"preusuel":"FRANCK","sexe":"m","dpt":"91","annais":2005,"nombre":6},{"preusuel":"FRANCOIS","sexe":"m","dpt":"91","annais":2005,"nombre":9},{"preusuel":"FREDERIC","sexe":"m","dpt":"91","annais":2005,"nombre":3},{"preusuel":"GABIN","sexe":"m","dpt":"91","annais":2005,"nombre":12},{"preusuel":"GABRIEL","sexe":"m","dpt":"91","annais":2005,"nombre":55},{"preusuel":"GABRIELA","sexe":"f","dpt":"91","annais":2005,"nombre":3},{"preusuel":"GABRIELLE","sexe":"f","dpt":"91","annais":2005,"nombre":9},{"preusuel":"GAEL","sexe":"m","dpt":"91","annais":2005,"nombre":7},{"preusuel":"GAELLE","sexe":"f","dpt":"91","annais":2005,"nombre":5},{"preusuel":"GAETAN","sexe":"m","dpt":"91","annais":2005,"nombre":11},{"preusuel":"GARANCE","sexe":"f","dpt":"91","annais":2005,"nombre":6},{"preusuel":"GASPARD","sexe":"m","dpt":"91","annais":2005,"nombre":6},{"preusuel":"GEDEON","sexe":"m","dpt":"91","annais":2005,"nombre":3},{"preusuel":"GIANNI","sexe":"m","dpt":"91","annais":2005,"nombre":7},{"preusuel":"GINA","sexe":"f","dpt":"91","annais":2005,"nombre":3},{"preusuel":"GIOVANNI","sexe":"m","dpt":"91","annais":2005,"nombre":5},{"preusuel":"GLADYS","sexe":"f","dpt":"91","annais":2005,"nombre":3},{"preusuel":"GLORIA","sexe":"f","dpt":"91","annais":2005,"nombre":3},{"preusuel":"GOUNDO","sexe":"f","dpt":"91","annais":2005,"nombre":4},{"preusuel":"GRACE","sexe":"f","dpt":"91","annais":2005,"nombre":8},{"preusuel":"GREGOIRE","sexe":"m","dpt":"91","annais":2005,"nombre":4},{"preusuel":"GREGORY","sexe":"m","dpt":"91","annais":2005,"nombre":5},{"preusuel":"GUILLAUME","sexe":"m","dpt":"91","annais":2005,"nombre":26},{"preusuel":"GWENAELLE","sexe":"f","dpt":"91","annais":2005,"nombre":10},{"preusuel":"GWENDAL","sexe":"m","dpt":"91","annais":2005,"nombre":4},{"preusuel":"GWENDOLINE","sexe":"f","dpt":"91","annais":2005,"nombre":3},{"preusuel":"HABIB","sexe":"m","dpt":"91","annais":2005,"nombre":3},{"preusuel":"HABY","sexe":"f","dpt":"91","annais":2005,"nombre":6},{"preusuel":"HAJAR","sexe":"f","dpt":"91","annais":2005,"nombre":3},{"preusuel":"HALIMA","sexe":"f","dpt":"91","annais":2005,"nombre":5},{"preusuel":"HAMIDOU","sexe":"m","dpt":"91","annais":2005,"nombre":3},{"preusuel":"HAMZA","sexe":"m","dpt":"91","annais":2005,"nombre":11},{"preusuel":"HANNAH","sexe":"f","dpt":"91","annais":2005,"nombre":4},{"preusuel":"HARON","sexe":"m","dpt":"91","annais":2005,"nombre":3},{"preusuel":"HASAN","sexe":"m","dpt":"91","annais":2005,"nombre":3},{"preusuel":"HATIM","sexe":"m","dpt":"91","annais":2005,"nombre":3},{"preusuel":"HAVIN","sexe":"f","dpt":"91","annais":2005,"nombre":3},{"preusuel":"HAWA","sexe":"f","dpt":"91","annais":2005,"nombre":7},{"preusuel":"HECTOR","sexe":"m","dpt":"91","annais":2005,"nombre":3},{"preusuel":"HEDI","sexe":"m","dpt":"91","annais":2005,"nombre":4},{"preusuel":"HELENA","sexe":"f","dpt":"91","annais":2005,"nombre":5},{"preusuel":"HELENE","sexe":"f","dpt":"91","annais":2005,"nombre":5},{"preusuel":"HELOISE","sexe":"f","dpt":"91","annais":2005,"nombre":11},{"preusuel":"HENDA","sexe":"f","dpt":"91","annais":2005,"nombre":3},{"preusuel":"HERMANN","sexe":"m","dpt":"91","annais":2005,"nombre":4},{"preusuel":"HICHAM","sexe":"m","dpt":"91","annais":2005,"nombre":4},{"preusuel":"HIDAYA","sexe":"f","dpt":"91","annais":2005,"nombre":3},{"preusuel":"HOUDA","sexe":"f","dpt":"91","annais":2005,"nombre":3},{"preusuel":"HUGO","sexe":"m","dpt":"91","annais":2005,"nombre":96},{"preusuel":"IBRAHIM","sexe":"m","dpt":"91","annais":2005,"nombre":17},{"preusuel":"IDRIS","sexe":"m","dpt":"91","annais":2005,"nombre":4},{"preusuel":"IDRISS","sexe":"m","dpt":"91","annais":2005,"nombre":9},{"preusuel":"IDRISSA","sexe":"m","dpt":"91","annais":2005,"nombre":3},{"preusuel":"ILAN","sexe":"m","dpt":"91","annais":2005,"nombre":15},{"preusuel":"ILANA","sexe":"f","dpt":"91","annais":2005,"nombre":4},{"preusuel":"ILENA","sexe":"f","dpt":"91","annais":2005,"nombre":3},{"preusuel":"ILHAM","sexe":"f","dpt":"91","annais":2005,"nombre":7},{"preusuel":"ILIAN","sexe":"m","dpt":"91","annais":2005,"nombre":10},{"preusuel":"ILIAS","sexe":"m","dpt":"91","annais":2005,"nombre":4},{"preusuel":"ILIES","sexe":"m","dpt":"91","annais":2005,"nombre":4},{"preusuel":"ILLAN","sexe":"m","dpt":"91","annais":2005,"nombre":4},{"preusuel":"ILLONA","sexe":"f","dpt":"91","annais":2005,"nombre":3},{"preusuel":"ILONA","sexe":"f","dpt":"91","annais":2005,"nombre":30},{"preusuel":"ILYAS","sexe":"m","dpt":"91","annais":2005,"nombre":4},{"preusuel":"ILYES","sexe":"m","dpt":"91","annais":2005,"nombre":21},{"preusuel":"IMAN","sexe":"f","dpt":"91","annais":2005,"nombre":4},{"preusuel":"IMANE","sexe":"f","dpt":"91","annais":2005,"nombre":9},{"preusuel":"IMEN","sexe":"f","dpt":"91","annais":2005,"nombre":6},{"preusuel":"IMENE","sexe":"f","dpt":"91","annais":2005,"nombre":4},{"preusuel":"IMRAN","sexe":"m","dpt":"91","annais":2005,"nombre":5},{"preusuel":"INES","sexe":"f","dpt":"91","annais":2005,"nombre":120},{"preusuel":"INESS","sexe":"f","dpt":"91","annais":2005,"nombre":4},{"preusuel":"IRIS","sexe":"f","dpt":"91","annais":2005,"nombre":3},{"preusuel":"ISAAC","sexe":"m","dpt":"91","annais":2005,"nombre":9},{"preusuel":"ISMAEL","sexe":"m","dpt":"91","annais":2005,"nombre":12},{"preusuel":"ISMAIL","sexe":"m","dpt":"91","annais":2005,"nombre":5},{"preusuel":"ISRA","sexe":"f","dpt":"91","annais":2005,"nombre":5},{"preusuel":"ISRAA","sexe":"f","dpt":"91","annais":2005,"nombre":3},{"preusuel":"ISSA","sexe":"m","dpt":"91","annais":2005,"nombre":7},{"preusuel":"ISSAM","sexe":"m","dpt":"91","annais":2005,"nombre":3},{"preusuel":"JAD","sexe":"m","dpt":"91","annais":2005,"nombre":3},{"preusuel":"JADE","sexe":"f","dpt":"91","annais":2005,"nombre":52},{"preusuel":"JAMES","sexe":"m","dpt":"91","annais":2005,"nombre":5},{"preusuel":"JANELLE","sexe":"f","dpt":"91","annais":2005,"nombre":4},{"preusuel":"JANNA","sexe":"f","dpt":"91","annais":2005,"nombre":3},{"preusuel":"JASMINE","sexe":"f","dpt":"91","annais":2005,"nombre":7},{"preusuel":"JASON","sexe":"m","dpt":"91","annais":2005,"nombre":8},{"preusuel":"JAWAD","sexe":"m","dpt":"91","annais":2005,"nombre":3},{"preusuel":"JEAN","sexe":"m","dpt":"91","annais":2005,"nombre":14},{"preusuel":"JEANNE","sexe":"f","dpt":"91","annais":2005,"nombre":21},{"preusuel":"JENIFER","sexe":"f","dpt":"91","annais":2005,"nombre":4},{"preusuel":"JENNA","sexe":"f","dpt":"91","annais":2005,"nombre":3},{"preusuel":"JENNIFER","sexe":"f","dpt":"91","annais":2005,"nombre":3},{"preusuel":"JENNY","sexe":"f","dpt":"91","annais":2005,"nombre":3},{"preusuel":"JEREMIE","sexe":"m","dpt":"91","annais":2005,"nombre":10},{"preusuel":"JEREMY","sexe":"m","dpt":"91","annais":2005,"nombre":27},{"preusuel":"JESSICA","sexe":"f","dpt":"91","annais":2005,"nombre":15},{"preusuel":"JESSY","sexe":"f","dpt":"91","annais":2005,"nombre":4},{"preusuel":"JIBRIL","sexe":"m","dpt":"91","annais":2005,"nombre":3},{"preusuel":"JIMMY","sexe":"m","dpt":"91","annais":2005,"nombre":5},{"preusuel":"JOAN","sexe":"m","dpt":"91","annais":2005,"nombre":3},{"preusuel":"JOANA","sexe":"f","dpt":"91","annais":2005,"nombre":6},{"preusuel":"JOANNA","sexe":"f","dpt":"91","annais":2005,"nombre":5},{"preusuel":"JOEY","sexe":"m","dpt":"91","annais":2005,"nombre":3},{"preusuel":"JOHAN","sexe":"m","dpt":"91","annais":2005,"nombre":13},{"preusuel":"JOHANN","sexe":"m","dpt":"91","annais":2005,"nombre":3},{"preusuel":"JOHANNA","sexe":"f","dpt":"91","annais":2005,"nombre":6},{"preusuel":"JOHN","sexe":"m","dpt":"91","annais":2005,"nombre":4},{"preusuel":"JOLAN","sexe":"m","dpt":"91","annais":2005,"nombre":3},{"preusuel":"JONAS","sexe":"m","dpt":"91","annais":2005,"nombre":4},{"preusuel":"JONATHAN","sexe":"m","dpt":"91","annais":2005,"nombre":18},{"preusuel":"JORDAN","sexe":"m","dpt":"91","annais":2005,"nombre":19},{"preusuel":"JORDANE","sexe":"f","dpt":"91","annais":2005,"nombre":3},{"preusuel":"JORIS","sexe":"m","dpt":"91","annais":2005,"nombre":8},{"preusuel":"JOSEPH","sexe":"m","dpt":"91","annais":2005,"nombre":7},{"preusuel":"JOSHUA","sexe":"m","dpt":"91","annais":2005,"nombre":5},{"preusuel":"JULES","sexe":"m","dpt":"91","annais":2005,"nombre":42},{"preusuel":"JULIA","sexe":"f","dpt":"91","annais":2005,"nombre":26},{"preusuel":"JULIAN","sexe":"m","dpt":"91","annais":2005,"nombre":9},{"preusuel":"JULIANA","sexe":"f","dpt":"91","annais":2005,"nombre":4},{"preusuel":"JULIE","sexe":"f","dpt":"91","annais":2005,"nombre":53},{"preusuel":"JULIEN","sexe":"m","dpt":"91","annais":2005,"nombre":46},{"preusuel":"JULIETTE","sexe":"f","dpt":"91","annais":2005,"nombre":35},{"preusuel":"JULINE","sexe":"f","dpt":"91","annais":2005,"nombre":4},{"preusuel":"JUNIOR","sexe":"m","dpt":"91","annais":2005,"nombre":3},{"preusuel":"JUSTIN","sexe":"m","dpt":"91","annais":2005,"nombre":5},{"preusuel":"JUSTINE","sexe":"f","dpt":"91","annais":2005,"nombre":36},{"preusuel":"KADIATOU","sexe":"f","dpt":"91","annais":2005,"nombre":3},{"preusuel":"KAHINA","sexe":"f","dpt":"91","annais":2005,"nombre":5},{"preusuel":"KAINA","sexe":"f","dpt":"91","annais":2005,"nombre":11},{"preusuel":"KAIS","sexe":"m","dpt":"91","annais":2005,"nombre":5},{"preusuel":"KALVIN","sexe":"m","dpt":"91","annais":2005,"nombre":4},{"preusuel":"KARIM","sexe":"m","dpt":"91","annais":2005,"nombre":6},{"preusuel":"KARL","sexe":"m","dpt":"91","annais":2005,"nombre":7},{"preusuel":"KASSANDRA","sexe":"f","dpt":"91","annais":2005,"nombre":9},{"preusuel":"KATHLEEN","sexe":"f","dpt":"91","annais":2005,"nombre":4},{"preusuel":"KELIA","sexe":"f","dpt":"91","annais":2005,"nombre":6},{"preusuel":"KELIAN","sexe":"m","dpt":"91","annais":2005,"nombre":5},{"preusuel":"KELLY","sexe":"f","dpt":"91","annais":2005,"nombre":12},{"preusuel":"KELYA","sexe":"f","dpt":"91","annais":2005,"nombre":3},{"preusuel":"KELYAN","sexe":"m","dpt":"91","annais":2005,"nombre":7},{"preusuel":"KENNY","sexe":"m","dpt":"91","annais":2005,"nombre":5},{"preusuel":"KENZA","sexe":"f","dpt":"91","annais":2005,"nombre":15},{"preusuel":"KENZO","sexe":"m","dpt":"91","annais":2005,"nombre":7},{"preusuel":"KERIAN","sexe":"m","dpt":"91","annais":2005,"nombre":3},{"preusuel":"KERYAN","sexe":"m","dpt":"91","annais":2005,"nombre":6},{"preusuel":"KETSIA","sexe":"f","dpt":"91","annais":2005,"nombre":4},{"preusuel":"KEVIN","sexe":"m","dpt":"91","annais":2005,"nombre":31},{"preusuel":"KEYLIAN","sexe":"m","dpt":"91","annais":2005,"nombre":4},{"preusuel":"KHADIJA","sexe":"f","dpt":"91","annais":2005,"nombre":6},{"preusuel":"KILIAN","sexe":"m","dpt":"91","annais":2005,"nombre":17},{"preusuel":"KILLIAN","sexe":"m","dpt":"91","annais":2005,"nombre":30},{"preusuel":"KIM","sexe":"f","dpt":"91","annais":2005,"nombre":3},{"preusuel":"KIMBERLEY","sexe":"f","dpt":"91","annais":2005,"nombre":6},{"preusuel":"KIMBERLY","sexe":"f","dpt":"91","annais":2005,"nombre":4},{"preusuel":"KYLIAN","sexe":"m","dpt":"91","annais":2005,"nombre":39},{"preusuel":"KYLIANN","sexe":"m","dpt":"91","annais":2005,"nombre":4},{"preusuel":"KYLLIAN","sexe":"m","dpt":"91","annais":2005,"nombre":19},{"preusuel":"KYRIAN","sexe":"m","dpt":"91","annais":2005,"nombre":3},{"preusuel":"LAETITIA","sexe":"f","dpt":"91","annais":2005,"nombre":11},{"preusuel":"LALIE","sexe":"f","dpt":"91","annais":2005,"nombre":4},{"preusuel":"LAMINE","sexe":"m","dpt":"91","annais":2005,"nombre":3},{"preusuel":"LAMYA","sexe":"f","dpt":"91","annais":2005,"nombre":3},{"preusuel":"LANA","sexe":"f","dpt":"91","annais":2005,"nombre":26},{"preusuel":"LARA","sexe":"f","dpt":"91","annais":2005,"nombre":6},{"preusuel":"LASSANA","sexe":"m","dpt":"91","annais":2005,"nombre":5},{"preusuel":"LAURA","sexe":"f","dpt":"91","annais":2005,"nombre":45},{"preusuel":"LAURE","sexe":"f","dpt":"91","annais":2005,"nombre":5},{"preusuel":"LAURIANE","sexe":"f","dpt":"91","annais":2005,"nombre":6},{"preusuel":"LAURINE","sexe":"f","dpt":"91","annais":2005,"nombre":19},{"preusuel":"LAURYNE","sexe":"f","dpt":"91","annais":2005,"nombre":11},{"preusuel":"LEA","sexe":"f","dpt":"91","annais":2005,"nombre":124},{"preusuel":"LEANA","sexe":"f","dpt":"91","annais":2005,"nombre":11},{"preusuel":"LEANDRE","sexe":"m","dpt":"91","annais":2005,"nombre":3},{"preusuel":"LEANDRO","sexe":"m","dpt":"91","annais":2005,"nombre":5},{"preusuel":"LEANE","sexe":"f","dpt":"91","annais":2005,"nombre":33},{"preusuel":"LEANNE","sexe":"f","dpt":"91","annais":2005,"nombre":4},{"preusuel":"LEELOU","sexe":"f","dpt":"91","annais":2005,"nombre":4},{"preusuel":"LEILA","sexe":"f","dpt":"91","annais":2005,"nombre":5},{"preusuel":"LENA","sexe":"f","dpt":"91","annais":2005,"nombre":54},{"preusuel":"LENNY","sexe":"m","dpt":"91","annais":2005,"nombre":28},{"preusuel":"LEO","sexe":"m","dpt":"91","annais":2005,"nombre":68},{"preusuel":"LEONARD","sexe":"m","dpt":"91","annais":2005,"nombre":3},{"preusuel":"LEONIE","sexe":"f","dpt":"91","annais":2005,"nombre":15},{"preusuel":"LESLY","sexe":"f","dpt":"91","annais":2005,"nombre":3},{"preusuel":"LEYLA","sexe":"f","dpt":"91","annais":2005,"nombre":4},{"preusuel":"LEYNA","sexe":"f","dpt":"91","annais":2005,"nombre":4},{"preusuel":"LIAM","sexe":"m","dpt":"91","annais":2005,"nombre":5},{"preusuel":"LIANA","sexe":"f","dpt":"91","annais":2005,"nombre":3},{"preusuel":"LILA","sexe":"f","dpt":"91","annais":2005,"nombre":13},{"preusuel":"LILI","sexe":"f","dpt":"91","annais":2005,"nombre":4},{"preusuel":"LILIA","sexe":"f","dpt":"91","annais":2005,"nombre":8},{"preusuel":"LILIAN","sexe":"m","dpt":"91","annais":2005,"nombre":10},{"preusuel":"LILOU","sexe":"f","dpt":"91","annais":2005,"nombre":40},{"preusuel":"LILY","sexe":"f","dpt":"91","annais":2005,"nombre":8},{"preusuel":"LILY-ROSE","sexe":"f","dpt":"91","annais":2005,"nombre":3},{"preusuel":"LILYA","sexe":"f","dpt":"91","annais":2005,"nombre":6},{"preusuel":"LINA","sexe":"f","dpt":"91","annais":2005,"nombre":40},{"preusuel":"LINDA","sexe":"f","dpt":"91","annais":2005,"nombre":3},{"preusuel":"LINO","sexe":"m","dpt":"91","annais":2005,"nombre":3},{"preusuel":"LIONEL","sexe":"m","dpt":"91","annais":2005,"nombre":3},{"preusuel":"LISA","sexe":"f","dpt":"91","annais":2005,"nombre":51},{"preusuel":"LISE","sexe":"f","dpt":"91","annais":2005,"nombre":7},{"preusuel":"LISON","sexe":"f","dpt":"91","annais":2005,"nombre":3},{"preusuel":"LIVIA","sexe":"f","dpt":"91","annais":2005,"nombre":3},{"preusuel":"LIZA","sexe":"f","dpt":"91","annais":2005,"nombre":3},{"preusuel":"LIZEA","sexe":"f","dpt":"91","annais":2005,"nombre":3},{"preusuel":"LOAN","sexe":"f","dpt":"91","annais":2005,"nombre":8},{"preusuel":"LOAN","sexe":"m","dpt":"91","annais":2005,"nombre":10},{"preusuel":"LOANE","sexe":"f","dpt":"91","annais":2005,"nombre":25},{"preusuel":"LOANNE","sexe":"f","dpt":"91","annais":2005,"nombre":6},{"preusuel":"LOGAN","sexe":"m","dpt":"91","annais":2005,"nombre":13},{"preusuel":"LOGANN","sexe":"m","dpt":"91","annais":2005,"nombre":3},{"preusuel":"LOIC","sexe":"m","dpt":"91","annais":2005,"nombre":21},{"preusuel":"LOIS","sexe":"f","dpt":"91","annais":2005,"nombre":3},{"preusuel":"LOIS","sexe":"m","dpt":"91","annais":2005,"nombre":5},{"preusuel":"LOLA","sexe":"f","dpt":"91","annais":2005,"nombre":56},{"preusuel":"LORENA","sexe":"f","dpt":"91","annais":2005,"nombre":3},{"preusuel":"LORENZO","sexe":"m","dpt":"91","annais":2005,"nombre":17},{"preusuel":"LORIANE","sexe":"f","dpt":"91","annais":2005,"nombre":6},{"preusuel":"LORIS","sexe":"m","dpt":"91","annais":2005,"nombre":5},{"preusuel":"LOU","sexe":"f","dpt":"91","annais":2005,"nombre":34},{"preusuel":"LOU-ANN","sexe":"f","dpt":"91","annais":2005,"nombre":17},{"preusuel":"LOU-ANNE","sexe":"f","dpt":"91","annais":2005,"nombre":3},{"preusuel":"LOUAN","sexe":"m","dpt":"91","annais":2005,"nombre":3},{"preusuel":"LOUANE","sexe":"f","dpt":"91","annais":2005,"nombre":10},{"preusuel":"LOUANN","sexe":"f","dpt":"91","annais":2005,"nombre":4},{"preusuel":"LOUANNE","sexe":"f","dpt":"91","annais":2005,"nombre":6},{"preusuel":"LOUIS","sexe":"m","dpt":"91","annais":2005,"nombre":38},{"preusuel":"LOUISA","sexe":"f","dpt":"91","annais":2005,"nombre":4},{"preusuel":"LOUISE","sexe":"f","dpt":"91","annais":2005,"nombre":21},{"preusuel":"LOUISON","sexe":"f","dpt":"91","annais":2005,"nombre":3},{"preusuel":"LOUKA","sexe":"m","dpt":"91","annais":2005,"nombre":6},{"preusuel":"LOUNA","sexe":"f","dpt":"91","annais":2005,"nombre":24},{"preusuel":"LOUNES","sexe":"m","dpt":"91","annais":2005,"nombre":3},{"preusuel":"LUC","sexe":"m","dpt":"91","annais":2005,"nombre":5},{"preusuel":"LUCA","sexe":"m","dpt":"91","annais":2005,"nombre":14},{"preusuel":"LUCAS","sexe":"m","dpt":"91","annais":2005,"nombre":120},{"preusuel":"LUCIA","sexe":"f","dpt":"91","annais":2005,"nombre":3},{"preusuel":"LUCIE","sexe":"f","dpt":"91","annais":2005,"nombre":58},{"preusuel":"LUCIEN","sexe":"m","dpt":"91","annais":2005,"nombre":6},{"preusuel":"LUCILE","sexe":"f","dpt":"91","annais":2005,"nombre":16},{"preusuel":"LUCILLE","sexe":"f","dpt":"91","annais":2005,"nombre":5},{"preusuel":"LUCY","sexe":"f","dpt":"91","annais":2005,"nombre":4},{"preusuel":"LUDIVINE","sexe":"f","dpt":"91","annais":2005,"nombre":15},{"preusuel":"LUDOVIC","sexe":"m","dpt":"91","annais":2005,"nombre":13},{"preusuel":"LUIGI","sexe":"m","dpt":"91","annais":2005,"nombre":4},{"preusuel":"LUIS","sexe":"m","dpt":"91","annais":2005,"nombre":4},{"preusuel":"LUKA","sexe":"m","dpt":"91","annais":2005,"nombre":7},{"preusuel":"LUKAS","sexe":"m","dpt":"91","annais":2005,"nombre":6},{"preusuel":"LUNA","sexe":"f","dpt":"91","annais":2005,"nombre":17},{"preusuel":"LYA","sexe":"f","dpt":"91","annais":2005,"nombre":6},{"preusuel":"LYDIA","sexe":"f","dpt":"91","annais":2005,"nombre":4},{"preusuel":"LYDIE","sexe":"f","dpt":"91","annais":2005,"nombre":4},{"preusuel":"LYLIA","sexe":"f","dpt":"91","annais":2005,"nombre":4},{"preusuel":"LYLIAN","sexe":"m","dpt":"91","annais":2005,"nombre":7},{"preusuel":"LYLOU","sexe":"f","dpt":"91","annais":2005,"nombre":4},{"preusuel":"LYNA","sexe":"f","dpt":"91","annais":2005,"nombre":8},{"preusuel":"LYNN","sexe":"f","dpt":"91","annais":2005,"nombre":3},{"preusuel":"MACEO","sexe":"m","dpt":"91","annais":2005,"nombre":4},{"preusuel":"MAE","sexe":"f","dpt":"91","annais":2005,"nombre":6},{"preusuel":"MAEL","sexe":"m","dpt":"91","annais":2005,"nombre":29},{"preusuel":"MAELINE","sexe":"f","dpt":"91","annais":2005,"nombre":3},{"preusuel":"MAELIS","sexe":"f","dpt":"91","annais":2005,"nombre":4},{"preusuel":"MAELISSE","sexe":"f","dpt":"91","annais":2005,"nombre":3},{"preusuel":"MAELLA","sexe":"f","dpt":"91","annais":2005,"nombre":3},{"preusuel":"MAELLE","sexe":"f","dpt":"91","annais":2005,"nombre":48},{"preusuel":"MAELLYS","sexe":"f","dpt":"91","annais":2005,"nombre":3},{"preusuel":"MAELYNE","sexe":"f","dpt":"91","annais":2005,"nombre":3},{"preusuel":"MAELYS","sexe":"f","dpt":"91","annais":2005,"nombre":28},{"preusuel":"MAELYSS","sexe":"f","dpt":"91","annais":2005,"nombre":3},{"preusuel":"MAENA","sexe":"f","dpt":"91","annais":2005,"nombre":4},{"preusuel":"MAEVA","sexe":"f","dpt":"91","annais":2005,"nombre":35},{"preusuel":"MAEWENN","sexe":"f","dpt":"91","annais":2005,"nombre":3},{"preusuel":"MAHAMADOU","sexe":"m","dpt":"91","annais":2005,"nombre":8},{"preusuel":"MAIA","sexe":"f","dpt":"91","annais":2005,"nombre":4},{"preusuel":"MAILY","sexe":"f","dpt":"91","annais":2005,"nombre":5},{"preusuel":"MAILYS","sexe":"f","dpt":"91","annais":2005,"nombre":16},{"preusuel":"MAIMOUNA","sexe":"f","dpt":"91","annais":2005,"nombre":3},{"preusuel":"MAISSA","sexe":"f","dpt":"91","annais":2005,"nombre":11},{"preusuel":"MAIWEN","sexe":"f","dpt":"91","annais":2005,"nombre":4},{"preusuel":"MAIWENN","sexe":"f","dpt":"91","annais":2005,"nombre":5},{"preusuel":"MALAK","sexe":"f","dpt":"91","annais":2005,"nombre":4},{"preusuel":"MALCOLM","sexe":"m","dpt":"91","annais":2005,"nombre":4},{"preusuel":"MALCOM","sexe":"m","dpt":"91","annais":2005,"nombre":3},{"preusuel":"MALENA","sexe":"f","dpt":"91","annais":2005,"nombre":3},{"preusuel":"MALIA","sexe":"f","dpt":"91","annais":2005,"nombre":3},{"preusuel":"MALIK","sexe":"m","dpt":"91","annais":2005,"nombre":4},{"preusuel":"MALLAURY","sexe":"f","dpt":"91","annais":2005,"nombre":3},{"preusuel":"MALO","sexe":"m","dpt":"91","annais":2005,"nombre":10},{"preusuel":"MAMADOU","sexe":"m","dpt":"91","annais":2005,"nombre":12},{"preusuel":"MANEL","sexe":"f","dpt":"91","annais":2005,"nombre":9},{"preusuel":"MANON","sexe":"f","dpt":"91","annais":2005,"nombre":97},{"preusuel":"MARC","sexe":"m","dpt":"91","annais":2005,"nombre":4},{"preusuel":"MARGAUX","sexe":"f","dpt":"91","annais":2005,"nombre":27},{"preusuel":"MARGO","sexe":"f","dpt":"91","annais":2005,"nombre":3},{"preusuel":"MARGOT","sexe":"f","dpt":"91","annais":2005,"nombre":17},{"preusuel":"MARGUERITE","sexe":"f","dpt":"91","annais":2005,"nombre":3},{"preusuel":"MARIA","sexe":"f","dpt":"91","annais":2005,"nombre":3},{"preusuel":"MARIAM","sexe":"f","dpt":"91","annais":2005,"nombre":14},{"preusuel":"MARIAMA","sexe":"f","dpt":"91","annais":2005,"nombre":3},{"preusuel":"MARIE","sexe":"f","dpt":"91","annais":2005,"nombre":46},{"preusuel":"MARIE-LOU","sexe":"f","dpt":"91","annais":2005,"nombre":4},{"preusuel":"MARILOU","sexe":"f","dpt":"91","annais":2005,"nombre":8},{"preusuel":"MARINA","sexe":"f","dpt":"91","annais":2005,"nombre":7},{"preusuel":"MARINE","sexe":"f","dpt":"91","annais":2005,"nombre":30},{"preusuel":"MARION","sexe":"f","dpt":"91","annais":2005,"nombre":22},{"preusuel":"MARIUS","sexe":"m","dpt":"91","annais":2005,"nombre":4},{"preusuel":"MARJORIE","sexe":"f","dpt":"91","annais":2005,"nombre":3},{"preusuel":"MARLON","sexe":"m","dpt":"91","annais":2005,"nombre":4},{"preusuel":"MAROUANE","sexe":"m","dpt":"91","annais":2005,"nombre":4},{"preusuel":"MARTIN","sexe":"m","dpt":"91","annais":2005,"nombre":12},{"preusuel":"MARVIN","sexe":"m","dpt":"91","annais":2005,"nombre":8},{"preusuel":"MARWA","sexe":"f","dpt":"91","annais":2005,"nombre":9},{"preusuel":"MARWAN","sexe":"m","dpt":"91","annais":2005,"nombre":12},{"preusuel":"MARWANE","sexe":"m","dpt":"91","annais":2005,"nombre":10},{"preusuel":"MARYAM","sexe":"f","dpt":"91","annais":2005,"nombre":5},{"preusuel":"MARYLOU","sexe":"f","dpt":"91","annais":2005,"nombre":8},{"preusuel":"MASSIL","sexe":"m","dpt":"91","annais":2005,"nombre":3},{"preusuel":"MATEO","sexe":"m","dpt":"91","annais":2005,"nombre":36},{"preusuel":"MATHEO","sexe":"m","dpt":"91","annais":2005,"nombre":56},{"preusuel":"MATHIAS","sexe":"m","dpt":"91","annais":2005,"nombre":33},{"preusuel":"MATHIEU","sexe":"m","dpt":"91","annais":2005,"nombre":62},{"preusuel":"MATHILDE","sexe":"f","dpt":"91","annais":2005,"nombre":51},{"preusuel":"MATHIS","sexe":"m","dpt":"91","annais":2005,"nombre":99},{"preusuel":"MATHYS","sexe":"m","dpt":"91","annais":2005,"nombre":37},{"preusuel":"MATIS","sexe":"m","dpt":"91","annais":2005,"nombre":7},{"preusuel":"MATISSE","sexe":"m","dpt":"91","annais":2005,"nombre":8},{"preusuel":"MATTEO","sexe":"m","dpt":"91","annais":2005,"nombre":57},{"preusuel":"MATTHEO","sexe":"m","dpt":"91","annais":2005,"nombre":5},{"preusuel":"MATTHEW","sexe":"m","dpt":"91","annais":2005,"nombre":5},{"preusuel":"MATTHIAS","sexe":"m","dpt":"91","annais":2005,"nombre":10},{"preusuel":"MATTHIEU","sexe":"m","dpt":"91","annais":2005,"nombre":35},{"preusuel":"MATTHIS","sexe":"m","dpt":"91","annais":2005,"nombre":4},{"preusuel":"MATTHYS","sexe":"m","dpt":"91","annais":2005,"nombre":3},{"preusuel":"MATYS","sexe":"m","dpt":"91","annais":2005,"nombre":3},{"preusuel":"MAUD","sexe":"f","dpt":"91","annais":2005,"nombre":7},{"preusuel":"MAUREEN","sexe":"f","dpt":"91","annais":2005,"nombre":3},{"preusuel":"MAXENCE","sexe":"m","dpt":"91","annais":2005,"nombre":35},{"preusuel":"MAXIME","sexe":"m","dpt":"91","annais":2005,"nombre":58},{"preusuel":"MAYA","sexe":"f","dpt":"91","annais":2005,"nombre":8},{"preusuel":"MAYLINE","sexe":"f","dpt":"91","annais":2005,"nombre":4},{"preusuel":"MAYLIS","sexe":"f","dpt":"91","annais":2005,"nombre":5},{"preusuel":"MEDHI","sexe":"m","dpt":"91","annais":2005,"nombre":4},{"preusuel":"MEHDI","sexe":"m","dpt":"91","annais":2005,"nombre":23},{"preusuel":"MEHMET","sexe":"m","dpt":"91","annais":2005,"nombre":3},{"preusuel":"MEISSA","sexe":"f","dpt":"91","annais":2005,"nombre":3},{"preusuel":"MELANIE","sexe":"f","dpt":"91","annais":2005,"nombre":8},{"preusuel":"MELIA","sexe":"f","dpt":"91","annais":2005,"nombre":3},{"preusuel":"MELINA","sexe":"f","dpt":"91","annais":2005,"nombre":21},{"preusuel":"MELINDA","sexe":"f","dpt":"91","annais":2005,"nombre":4},{"preusuel":"MELINE","sexe":"f","dpt":"91","annais":2005,"nombre":18},{"preusuel":"MELISSA","sexe":"f","dpt":"91","annais":2005,"nombre":41},{"preusuel":"MELISSANDRE","sexe":"f","dpt":"91","annais":2005,"nombre":3},{"preusuel":"MELODIE","sexe":"f","dpt":"91","annais":2005,"nombre":6},{"preusuel":"MELOE","sexe":"f","dpt":"91","annais":2005,"nombre":3},{"preusuel":"MELVIN","sexe":"m","dpt":"91","annais":2005,"nombre":11},{"preusuel":"MELVYN","sexe":"m","dpt":"91","annais":2005,"nombre":7},{"preusuel":"MELYSSA","sexe":"f","dpt":"91","annais":2005,"nombre":6},{"preusuel":"MERIEM","sexe":"f","dpt":"91","annais":2005,"nombre":4},{"preusuel":"MERVEILLE","sexe":"f","dpt":"91","annais":2005,"nombre":3},{"preusuel":"MIA","sexe":"f","dpt":"91","annais":2005,"nombre":4},{"preusuel":"MICHAEL","sexe":"m","dpt":"91","annais":2005,"nombre":5},{"preusuel":"MICKAEL","sexe":"m","dpt":"91","annais":2005,"nombre":14},{"preusuel":"MIGUEL","sexe":"m","dpt":"91","annais":2005,"nombre":6},{"preusuel":"MILA","sexe":"f","dpt":"91","annais":2005,"nombre":4},{"preusuel":"MILAN","sexe":"m","dpt":"91","annais":2005,"nombre":5},{"preusuel":"MINA","sexe":"f","dpt":"91","annais":2005,"nombre":4},{"preusuel":"MOHAMED","sexe":"m","dpt":"91","annais":2005,"nombre":51},{"preusuel":"MOHAMMAD","sexe":"m","dpt":"91","annais":2005,"nombre":3},{"preusuel":"MOHAMMED","sexe":"m","dpt":"91","annais":2005,"nombre":4},{"preusuel":"MONA","sexe":"f","dpt":"91","annais":2005,"nombre":4},{"preusuel":"MONICA","sexe":"f","dpt":"91","annais":2005,"nombre":3},{"preusuel":"MORGAN","sexe":"m","dpt":"91","annais":2005,"nombre":14},{"preusuel":"MORGANE","sexe":"f","dpt":"91","annais":2005,"nombre":26},{"preusuel":"MOUHAMED","sexe":"m","dpt":"91","annais":2005,"nombre":3},{"preusuel":"MOUSSA","sexe":"m","dpt":"91","annais":2005,"nombre":12},{"preusuel":"MOUSTAPHA","sexe":"m","dpt":"91","annais":2005,"nombre":3},{"preusuel":"MUHAMED","sexe":"m","dpt":"91","annais":2005,"nombre":3},{"preusuel":"MYRIAM","sexe":"f","dpt":"91","annais":2005,"nombre":13},{"preusuel":"MYRON","sexe":"m","dpt":"91","annais":2005,"nombre":3},{"preusuel":"NABIL","sexe":"m","dpt":"91","annais":2005,"nombre":7},{"preusuel":"NADIA","sexe":"f","dpt":"91","annais":2005,"nombre":4},{"preusuel":"NADIR","sexe":"m","dpt":"91","annais":2005,"nombre":4},{"preusuel":"NAEL","sexe":"m","dpt":"91","annais":2005,"nombre":4},{"preusuel":"NAELLE","sexe":"f","dpt":"91","annais":2005,"nombre":4},{"preusuel":"NAILA","sexe":"f","dpt":"91","annais":2005,"nombre":5},{"preusuel":"NAOMI","sexe":"f","dpt":"91","annais":2005,"nombre":7},{"preusuel":"NAOMIE","sexe":"f","dpt":"91","annais":2005,"nombre":6},{"preusuel":"NASSIM","sexe":"m","dpt":"91","annais":2005,"nombre":14},{"preusuel":"NATACHA","sexe":"f","dpt":"91","annais":2005,"nombre":4},{"preusuel":"NATHAN","sexe":"m","dpt":"91","annais":2005,"nombre":103},{"preusuel":"NATHANAEL","sexe":"m","dpt":"91","annais":2005,"nombre":13},{"preusuel":"NAWEL","sexe":"f","dpt":"91","annais":2005,"nombre":11},{"preusuel":"NAYLA","sexe":"f","dpt":"91","annais":2005,"nombre":3},{"preusuel":"NAZIM","sexe":"m","dpt":"91","annais":2005,"nombre":3},{"preusuel":"NEELA","sexe":"f","dpt":"91","annais":2005,"nombre":3},{"preusuel":"NELSON","sexe":"m","dpt":"91","annais":2005,"nombre":11},{"preusuel":"NESRINE","sexe":"f","dpt":"91","annais":2005,"nombre":8},{"preusuel":"NIAME","sexe":"f","dpt":"91","annais":2005,"nombre":3},{"preusuel":"NICOLAS","sexe":"m","dpt":"91","annais":2005,"nombre":57},{"preusuel":"NIELS","sexe":"m","dpt":"91","annais":2005,"nombre":4},{"preusuel":"NILS","sexe":"m","dpt":"91","annais":2005,"nombre":10},{"preusuel":"NINA","sexe":"f","dpt":"91","annais":2005,"nombre":26},{"preusuel":"NINO","sexe":"m","dpt":"91","annais":2005,"nombre":7},{"preusuel":"NINON","sexe":"f","dpt":"91","annais":2005,"nombre":11},{"preusuel":"NIOUMA","sexe":"f","dpt":"91","annais":2005,"nombre":3},{"preusuel":"NOA","sexe":"f","dpt":"91","annais":2005,"nombre":8},{"preusuel":"NOA","sexe":"m","dpt":"91","annais":2005,"nombre":30},{"preusuel":"NOAH","sexe":"m","dpt":"91","annais":2005,"nombre":64},{"preusuel":"NOAM","sexe":"m","dpt":"91","annais":2005,"nombre":4},{"preusuel":"NOE","sexe":"m","dpt":"91","annais":2005,"nombre":19},{"preusuel":"NOELIE","sexe":"f","dpt":"91","annais":2005,"nombre":4},{"preusuel":"NOEMIE","sexe":"f","dpt":"91","annais":2005,"nombre":32},{"preusuel":"NOLAN","sexe":"m","dpt":"91","annais":2005,"nombre":35},{"preusuel":"NOLANN","sexe":"m","dpt":"91","annais":2005,"nombre":11},{"preusuel":"NOLHAN","sexe":"m","dpt":"91","annais":2005,"nombre":6},{"preusuel":"NOLWENN","sexe":"f","dpt":"91","annais":2005,"nombre":3},{"preusuel":"NORA","sexe":"f","dpt":"91","annais":2005,"nombre":7},{"preusuel":"NORAH","sexe":"f","dpt":"91","annais":2005,"nombre":3},{"preusuel":"NOUR","sexe":"f","dpt":"91","annais":2005,"nombre":10},{"preusuel":"OCEANE","sexe":"f","dpt":"91","annais":2005,"nombre":86},{"preusuel":"OLIVIA","sexe":"f","dpt":"91","annais":2005,"nombre":12},{"preusuel":"OLIVIER","sexe":"m","dpt":"91","annais":2005,"nombre":4},{"preusuel":"OMAR","sexe":"m","dpt":"91","annais":2005,"nombre":6},{"preusuel":"ONUR","sexe":"m","dpt":"91","annais":2005,"nombre":3},{"preusuel":"OPHELIE","sexe":"f","dpt":"91","annais":2005,"nombre":5},{"preusuel":"ORANE","sexe":"f","dpt":"91","annais":2005,"nombre":3},{"preusuel":"ORIANE","sexe":"f","dpt":"91","annais":2005,"nombre":10},{"preusuel":"ORLANE","sexe":"f","dpt":"91","annais":2005,"nombre":11},{"preusuel":"ORNELLA","sexe":"f","dpt":"91","annais":2005,"nombre":5},{"preusuel":"OSCAR","sexe":"m","dpt":"91","annais":2005,"nombre":6},{"preusuel":"OUMAR","sexe":"m","dpt":"91","annais":2005,"nombre":5},{"preusuel":"OUSMANE","sexe":"m","dpt":"91","annais":2005,"nombre":5},{"preusuel":"OWEN","sexe":"m","dpt":"91","annais":2005,"nombre":7},{"preusuel":"PABLO","sexe":"m","dpt":"91","annais":2005,"nombre":7},{"preusuel":"PALOMA","sexe":"f","dpt":"91","annais":2005,"nombre":5},{"preusuel":"PAUL","sexe":"m","dpt":"91","annais":2005,"nombre":42},{"preusuel":"PAULINE","sexe":"f","dpt":"91","annais":2005,"nombre":42},{"preusuel":"PEDRO","sexe":"m","dpt":"91","annais":2005,"nombre":3},{"preusuel":"PERRINE","sexe":"f","dpt":"91","annais":2005,"nombre":6},{"preusuel":"PETER","sexe":"m","dpt":"91","annais":2005,"nombre":3},{"preusuel":"PHILIPPE","sexe":"m","dpt":"91","annais":2005,"nombre":5},{"preusuel":"PIERRE","sexe":"m","dpt":"91","annais":2005,"nombre":26},{"preusuel":"PRISCILLIA","sexe":"f","dpt":"91","annais":2005,"nombre":3},{"preusuel":"QUENTIN","sexe":"m","dpt":"91","annais":2005,"nombre":57},{"preusuel":"RACHEL","sexe":"f","dpt":"91","annais":2005,"nombre":11},{"preusuel":"RAFAEL","sexe":"m","dpt":"91","annais":2005,"nombre":15},{"preusuel":"RAFIK","sexe":"m","dpt":"91","annais":2005,"nombre":3},{"preusuel":"RANIA","sexe":"f","dpt":"91","annais":2005,"nombre":15},{"preusuel":"RAPHAEL","sexe":"m","dpt":"91","annais":2005,"nombre":79},{"preusuel":"RAPHAELLE","sexe":"f","dpt":"91","annais":2005,"nombre":5},{"preusuel":"RAQUEL","sexe":"f","dpt":"91","annais":2005,"nombre":3},{"preusuel":"RAYAN","sexe":"m","dpt":"91","annais":2005,"nombre":59},{"preusuel":"RAYANE","sexe":"m","dpt":"91","annais":2005,"nombre":14},{"preusuel":"RAYEN","sexe":"m","dpt":"91","annais":2005,"nombre":3},{"preusuel":"REBECCA","sexe":"f","dpt":"91","annais":2005,"nombre":6},{"preusuel":"REDA","sexe":"m","dpt":"91","annais":2005,"nombre":3},{"preusuel":"REDWAN","sexe":"m","dpt":"91","annais":2005,"nombre":3},{"preusuel":"REMI","sexe":"m","dpt":"91","annais":2005,"nombre":20},{"preusuel":"REMY","sexe":"m","dpt":"91","annais":2005,"nombre":7},{"preusuel":"RIAD","sexe":"m","dpt":"91","annais":2005,"nombre":3},{"preusuel":"RICHARD","sexe":"m","dpt":"91","annais":2005,"nombre":3},{"preusuel":"RIYAD","sexe":"m","dpt":"91","annais":2005,"nombre":8},{"preusuel":"ROBIN","sexe":"m","dpt":"91","annais":2005,"nombre":29},{"preusuel":"ROLAND","sexe":"m","dpt":"91","annais":2005,"nombre":3},{"preusuel":"ROMAIN","sexe":"m","dpt":"91","annais":2005,"nombre":67},{"preusuel":"ROMAN","sexe":"m","dpt":"91","annais":2005,"nombre":8},{"preusuel":"ROMANE","sexe":"f","dpt":"91","annais":2005,"nombre":40},{"preusuel":"ROMEO","sexe":"m","dpt":"91","annais":2005,"nombre":8},{"preusuel":"RONAN","sexe":"m","dpt":"91","annais":2005,"nombre":10},{"preusuel":"ROSE","sexe":"f","dpt":"91","annais":2005,"nombre":11},{"preusuel":"ROXANE","sexe":"f","dpt":"91","annais":2005,"nombre":3},{"preusuel":"RUBEN","sexe":"m","dpt":"91","annais":2005,"nombre":5},{"preusuel":"RUDY","sexe":"m","dpt":"91","annais":2005,"nombre":8},{"preusuel":"RUTH","sexe":"f","dpt":"91","annais":2005,"nombre":3},{"preusuel":"RYAD","sexe":"m","dpt":"91","annais":2005,"nombre":6},{"preusuel":"RYAN","sexe":"m","dpt":"91","annais":2005,"nombre":23},{"preusuel":"SABRI","sexe":"m","dpt":"91","annais":2005,"nombre":4},{"preusuel":"SABRINA","sexe":"f","dpt":"91","annais":2005,"nombre":6},{"preusuel":"SACHA","sexe":"f","dpt":"91","annais":2005,"nombre":3},{"preusuel":"SACHA","sexe":"m","dpt":"91","annais":2005,"nombre":35},{"preusuel":"SADIO","sexe":"f","dpt":"91","annais":2005,"nombre":3},{"preusuel":"SAFIA","sexe":"f","dpt":"91","annais":2005,"nombre":5},{"preusuel":"SAFIATOU","sexe":"f","dpt":"91","annais":2005,"nombre":3},{"preusuel":"SAID","sexe":"m","dpt":"91","annais":2005,"nombre":5},{"preusuel":"SALMA","sexe":"f","dpt":"91","annais":2005,"nombre":10},{"preusuel":"SALOME","sexe":"f","dpt":"91","annais":2005,"nombre":13},{"preusuel":"SALWA","sexe":"f","dpt":"91","annais":2005,"nombre":4},{"preusuel":"SAM","sexe":"m","dpt":"91","annais":2005,"nombre":6},{"preusuel":"SAMANTHA","sexe":"f","dpt":"91","annais":2005,"nombre":12},{"preusuel":"SAMET","sexe":"m","dpt":"91","annais":2005,"nombre":4},{"preusuel":"SAMI","sexe":"m","dpt":"91","annais":2005,"nombre":10},{"preusuel":"SAMIA","sexe":"f","dpt":"91","annais":2005,"nombre":5},{"preusuel":"SAMIR","sexe":"m","dpt":"91","annais":2005,"nombre":3},{"preusuel":"SAMUEL","sexe":"m","dpt":"91","annais":2005,"nombre":21},{"preusuel":"SAMY","sexe":"m","dpt":"91","annais":2005,"nombre":8},{"preusuel":"SANA","sexe":"f","dpt":"91","annais":2005,"nombre":4},{"preusuel":"SANDRA","sexe":"f","dpt":"91","annais":2005,"nombre":7},{"preusuel":"SANDRINE","sexe":"f","dpt":"91","annais":2005,"nombre":3},{"preusuel":"SANDRO","sexe":"m","dpt":"91","annais":2005,"nombre":3},{"preusuel":"SANDY","sexe":"f","dpt":"91","annais":2005,"nombre":8},{"preusuel":"SARA","sexe":"f","dpt":"91","annais":2005,"nombre":26},{"preusuel":"SARAH","sexe":"f","dpt":"91","annais":2005,"nombre":115},{"preusuel":"SASHA","sexe":"m","dpt":"91","annais":2005,"nombre":12},{"preusuel":"SEAN","sexe":"m","dpt":"91","annais":2005,"nombre":3},{"preusuel":"SEBASTIEN","sexe":"m","dpt":"91","annais":2005,"nombre":10},{"preusuel":"SEKOU","sexe":"m","dpt":"91","annais":2005,"nombre":3},{"preusuel":"SELENA","sexe":"f","dpt":"91","annais":2005,"nombre":10},{"preusuel":"SELIN","sexe":"f","dpt":"91","annais":2005,"nombre":3},{"preusuel":"SELINA","sexe":"f","dpt":"91","annais":2005,"nombre":3},{"preusuel":"SELMA","sexe":"f","dpt":"91","annais":2005,"nombre":11},{"preusuel":"SELYAN","sexe":"m","dpt":"91","annais":2005,"nombre":4},{"preusuel":"SEPHORA","sexe":"f","dpt":"91","annais":2005,"nombre":4},{"preusuel":"SERENA","sexe":"f","dpt":"91","annais":2005,"nombre":7},{"preusuel":"SEYDOU","sexe":"m","dpt":"91","annais":2005,"nombre":3},{"preusuel":"SHAIMA","sexe":"f","dpt":"91","annais":2005,"nombre":5},{"preusuel":"SHAINA","sexe":"f","dpt":"91","annais":2005,"nombre":5},{"preusuel":"SHANA","sexe":"f","dpt":"91","annais":2005,"nombre":20},{"preusuel":"SHANNA","sexe":"f","dpt":"91","annais":2005,"nombre":4},{"preusuel":"SHANNON","sexe":"f","dpt":"91","annais":2005,"nombre":3},{"preusuel":"SHARON","sexe":"f","dpt":"91","annais":2005,"nombre":4},{"preusuel":"SHAWN","sexe":"m","dpt":"91","annais":2005,"nombre":3},{"preusuel":"SHERAZADE","sexe":"f","dpt":"91","annais":2005,"nombre":3},{"preusuel":"SHERINE","sexe":"f","dpt":"91","annais":2005,"nombre":3},{"preusuel":"SIBEL","sexe":"f","dpt":"91","annais":2005,"nombre":3},{"preusuel":"SIDY","sexe":"m","dpt":"91","annais":2005,"nombre":3},{"preusuel":"SIHAM","sexe":"f","dpt":"91","annais":2005,"nombre":4},{"preusuel":"SIMON","sexe":"m","dpt":"91","annais":2005,"nombre":8},{"preusuel":"SIRA","sexe":"f","dpt":"91","annais":2005,"nombre":5},{"preusuel":"SIRINE","sexe":"f","dpt":"91","annais":2005,"nombre":13},{"preusuel":"SOANE","sexe":"f","dpt":"91","annais":2005,"nombre":4},{"preusuel":"SOFIA","sexe":"f","dpt":"91","annais":2005,"nombre":24},{"preusuel":"SOFIAN","sexe":"m","dpt":"91","annais":2005,"nombre":4},{"preusuel":"SOFIANE","sexe":"m","dpt":"91","annais":2005,"nombre":21},{"preusuel":"SOHANE","sexe":"f","dpt":"91","annais":2005,"nombre":3},{"preusuel":"SOLENE","sexe":"f","dpt":"91","annais":2005,"nombre":13},{"preusuel":"SOLENN","sexe":"f","dpt":"91","annais":2005,"nombre":7},{"preusuel":"SOLINE","sexe":"f","dpt":"91","annais":2005,"nombre":3},{"preusuel":"SONIA","sexe":"f","dpt":"91","annais":2005,"nombre":5},{"preusuel":"SOPHIE","sexe":"f","dpt":"91","annais":2005,"nombre":8},{"preusuel":"SOUKAINA","sexe":"f","dpt":"91","annais":2005,"nombre":5},{"preusuel":"SOUKAYNA","sexe":"f","dpt":"91","annais":2005,"nombre":4},{"preusuel":"SOUMEYA","sexe":"f","dpt":"91","annais":2005,"nombre":3},{"preusuel":"STACY","sexe":"f","dpt":"91","annais":2005,"nombre":3},{"preusuel":"STANISLAS","sexe":"m","dpt":"91","annais":2005,"nombre":3},{"preusuel":"STEEVEN","sexe":"m","dpt":"91","annais":2005,"nombre":3},{"preusuel":"STELLA","sexe":"f","dpt":"91","annais":2005,"nombre":14},{"preusuel":"STEPHANE","sexe":"m","dpt":"91","annais":2005,"nombre":5},{"preusuel":"STEPHANIE","sexe":"f","dpt":"91","annais":2005,"nombre":6},{"preusuel":"STEVEN","sexe":"m","dpt":"91","annais":2005,"nombre":8},{"preusuel":"SUZANNE","sexe":"f","dpt":"91","annais":2005,"nombre":4},{"preusuel":"SUZON","sexe":"f","dpt":"91","annais":2005,"nombre":3},{"preusuel":"SYLVAIN","sexe":"m","dpt":"91","annais":2005,"nombre":6},{"preusuel":"TABATHA","sexe":"f","dpt":"91","annais":2005,"nombre":3},{"preusuel":"TAINA","sexe":"f","dpt":"91","annais":2005,"nombre":5},{"preusuel":"TANGUY","sexe":"m","dpt":"91","annais":2005,"nombre":6},{"preusuel":"TANIA","sexe":"f","dpt":"91","annais":2005,"nombre":8},{"preusuel":"TANYA","sexe":"f","dpt":"91","annais":2005,"nombre":3},{"preusuel":"TATIANA","sexe":"f","dpt":"91","annais":2005,"nombre":5},{"preusuel":"TEA","sexe":"f","dpt":"91","annais":2005,"nombre":5},{"preusuel":"TEDDY","sexe":"m","dpt":"91","annais":2005,"nombre":10},{"preusuel":"TEO","sexe":"m","dpt":"91","annais":2005,"nombre":14},{"preusuel":"TERRY","sexe":"m","dpt":"91","annais":2005,"nombre":3},{"preusuel":"TESS","sexe":"f","dpt":"91","annais":2005,"nombre":6},{"preusuel":"THAIS","sexe":"f","dpt":"91","annais":2005,"nombre":4},{"preusuel":"THALIA","sexe":"f","dpt":"91","annais":2005,"nombre":4},{"preusuel":"THELMA","sexe":"f","dpt":"91","annais":2005,"nombre":5},{"preusuel":"THEO","sexe":"m","dpt":"91","annais":2005,"nombre":81},{"preusuel":"THIBAUD","sexe":"m","dpt":"91","annais":2005,"nombre":6},{"preusuel":"THIBAULT","sexe":"m","dpt":"91","annais":2005,"nombre":21},{"preusuel":"THIBAUT","sexe":"m","dpt":"91","annais":2005,"nombre":11},{"preusuel":"THOM","sexe":"m","dpt":"91","annais":2005,"nombre":3},{"preusuel":"THOMAS","sexe":"m","dpt":"91","annais":2005,"nombre":105},{"preusuel":"TIA","sexe":"f","dpt":"91","annais":2005,"nombre":4},{"preusuel":"TIAGO","sexe":"m","dpt":"91","annais":2005,"nombre":13},{"preusuel":"TIFENN","sexe":"f","dpt":"91","annais":2005,"nombre":3},{"preusuel":"TIFFANY","sexe":"f","dpt":"91","annais":2005,"nombre":6},{"preusuel":"TIM","sexe":"m","dpt":"91","annais":2005,"nombre":5},{"preusuel":"TIMEO","sexe":"m","dpt":"91","annais":2005,"nombre":13},{"preusuel":"TIMOTHE","sexe":"m","dpt":"91","annais":2005,"nombre":10},{"preusuel":"TIMOTHEE","sexe":"m","dpt":"91","annais":2005,"nombre":4},{"preusuel":"TIPHAINE","sexe":"f","dpt":"91","annais":2005,"nombre":9},{"preusuel":"TITOUAN","sexe":"m","dpt":"91","annais":2005,"nombre":19},{"preusuel":"TOM","sexe":"m","dpt":"91","annais":2005,"nombre":74},{"preusuel":"TONY","sexe":"m","dpt":"91","annais":2005,"nombre":10},{"preusuel":"TRICIA","sexe":"f","dpt":"91","annais":2005,"nombre":3},{"preusuel":"TRISTAN","sexe":"m","dpt":"91","annais":2005,"nombre":32},{"preusuel":"TRYSTAN","sexe":"m","dpt":"91","annais":2005,"nombre":3},{"preusuel":"TYPHAINE","sexe":"f","dpt":"91","annais":2005,"nombre":5},{"preusuel":"UGO","sexe":"m","dpt":"91","annais":2005,"nombre":9},{"preusuel":"VALENTIN","sexe":"m","dpt":"91","annais":2005,"nombre":52},{"preusuel":"VALENTINE","sexe":"f","dpt":"91","annais":2005,"nombre":14},{"preusuel":"VICTOIRE","sexe":"f","dpt":"91","annais":2005,"nombre":4},{"preusuel":"VICTOR","sexe":"m","dpt":"91","annais":2005,"nombre":24},{"preusuel":"VICTORIA","sexe":"f","dpt":"91","annais":2005,"nombre":21},{"preusuel":"VINCENT","sexe":"m","dpt":"91","annais":2005,"nombre":26},{"preusuel":"VIRGINIE","sexe":"f","dpt":"91","annais":2005,"nombre":4},{"preusuel":"WAEL","sexe":"m","dpt":"91","annais":2005,"nombre":6},{"preusuel":"WALID","sexe":"m","dpt":"91","annais":2005,"nombre":8},{"preusuel":"WARREN","sexe":"m","dpt":"91","annais":2005,"nombre":5},{"preusuel":"WASSIM","sexe":"m","dpt":"91","annais":2005,"nombre":7},{"preusuel":"WENDY","sexe":"f","dpt":"91","annais":2005,"nombre":7},{"preusuel":"WESLEY","sexe":"m","dpt":"91","annais":2005,"nombre":7},{"preusuel":"WIEM","sexe":"f","dpt":"91","annais":2005,"nombre":3},{"preusuel":"WILHEM","sexe":"m","dpt":"91","annais":2005,"nombre":4},{"preusuel":"WILLEM","sexe":"m","dpt":"91","annais":2005,"nombre":3},{"preusuel":"WILLIAM","sexe":"m","dpt":"91","annais":2005,"nombre":27},{"preusuel":"WISSAL","sexe":"f","dpt":"91","annais":2005,"nombre":3},{"preusuel":"WISSAM","sexe":"m","dpt":"91","annais":2005,"nombre":3},{"preusuel":"WYATT","sexe":"m","dpt":"91","annais":2005,"nombre":3},{"preusuel":"XAVIER","sexe":"m","dpt":"91","annais":2005,"nombre":3},{"preusuel":"YACINE","sexe":"m","dpt":"91","annais":2005,"nombre":16},{"preusuel":"YAEL","sexe":"m","dpt":"91","annais":2005,"nombre":4},{"preusuel":"YANIS","sexe":"m","dpt":"91","annais":2005,"nombre":97},{"preusuel":"YANN","sexe":"m","dpt":"91","annais":2005,"nombre":22},{"preusuel":"YANNIS","sexe":"m","dpt":"91","annais":2005,"nombre":13},{"preusuel":"YASMINA","sexe":"f","dpt":"91","annais":2005,"nombre":3},{"preusuel":"YASMINE","sexe":"f","dpt":"91","annais":2005,"nombre":32},{"preusuel":"YASSIN","sexe":"m","dpt":"91","annais":2005,"nombre":8},{"preusuel":"YASSINE","sexe":"m","dpt":"91","annais":2005,"nombre":20},{"preusuel":"YAYA","sexe":"m","dpt":"91","annais":2005,"nombre":3},{"preusuel":"YAZID","sexe":"m","dpt":"91","annais":2005,"nombre":3},{"preusuel":"YLAN","sexe":"m","dpt":"91","annais":2005,"nombre":3},{"preusuel":"YLANN","sexe":"m","dpt":"91","annais":2005,"nombre":3},{"preusuel":"YLONA","sexe":"f","dpt":"91","annais":2005,"nombre":3},{"preusuel":"YNES","sexe":"f","dpt":"91","annais":2005,"nombre":3},{"preusuel":"YOAN","sexe":"m","dpt":"91","annais":2005,"nombre":9},{"preusuel":"YOANN","sexe":"m","dpt":"91","annais":2005,"nombre":17},{"preusuel":"YOHAN","sexe":"m","dpt":"91","annais":2005,"nombre":10},{"preusuel":"YOHANN","sexe":"m","dpt":"91","annais":2005,"nombre":7},{"preusuel":"YOUCEF","sexe":"m","dpt":"91","annais":2005,"nombre":5},{"preusuel":"YOUNES","sexe":"m","dpt":"91","annais":2005,"nombre":13},{"preusuel":"YOUNESS","sexe":"m","dpt":"91","annais":2005,"nombre":4},{"preusuel":"YOURI","sexe":"m","dpt":"91","annais":2005,"nombre":4},{"preusuel":"YOUSSEF","sexe":"m","dpt":"91","annais":2005,"nombre":9},{"preusuel":"YOUSSOUF","sexe":"m","dpt":"91","annais":2005,"nombre":4},{"preusuel":"YUNA","sexe":"f","dpt":"91","annais":2005,"nombre":3},{"preusuel":"YUSUF","sexe":"m","dpt":"91","annais":2005,"nombre":3},{"preusuel":"YVAN","sexe":"m","dpt":"91","annais":2005,"nombre":3},{"preusuel":"ZAKARIA","sexe":"m","dpt":"91","annais":2005,"nombre":11},{"preusuel":"ZINEB","sexe":"f","dpt":"91","annais":2005,"nombre":4},{"preusuel":"ZIYAD","sexe":"m","dpt":"91","annais":2005,"nombre":3},{"preusuel":"ZOE","sexe":"f","dpt":"91","annais":2005,"nombre":29}]