[{"prenom":"ADAM","sexe":"M","departement":"77","annee_naissance":2006,"nombre_occurences":47},{"prenom":"ADELE","sexe":"F","departement":"77","annee_naissance":2006,"nombre_occurences":4},{"prenom":"ADELINE","sexe":"F","departement":"77","annee_naissance":2006,"nombre_occurences":3},{"prenom":"ADEM","sexe":"M","departement":"77","annee_naissance":2006,"nombre_occurences":6},{"prenom":"ADRIANA","sexe":"F","departement":"77","annee_naissance":2006,"nombre_occurences":5},{"prenom":"ADRIEN","sexe":"M","departement":"77","annee_naissance":2006,"nombre_occurences":27},{"prenom":"AGATHE","sexe":"F","departement":"77","annee_naissance":2006,"nombre_occurences":13},{"prenom":"AHMED","sexe":"M","departement":"77","annee_naissance":2006,"nombre_occurences":6},{"prenom":"AICHA","sexe":"F","departement":"77","annee_naissance":2006,"nombre_occurences":3},{"prenom":"AIDA","sexe":"F","departement":"77","annee_naissance":2006,"nombre_occurences":4},{"prenom":"AIDAN","sexe":"M","departement":"77","annee_naissance":2006,"nombre_occurences":3},{"prenom":"AIMY","sexe":"F","departement":"77","annee_naissance":2006,"nombre_occurences":5},{"prenom":"ALAN","sexe":"M","departement":"77","annee_naissance":2006,"nombre_occurences":14},{"prenom":"ALANIS","sexe":"F","departement":"77","annee_naissance":2006,"nombre_occurences":3},{"prenom":"ALBAN","sexe":"M","departement":"77","annee_naissance":2006,"nombre_occurences":6},{"prenom":"ALEX","sexe":"M","departement":"77","annee_naissance":2006,"nombre_occurences":15},{"prenom":"ALEXANDRA","sexe":"F","departement":"77","annee_naissance":2006,"nombre_occurences":11},{"prenom":"ALEXANDRE","sexe":"M","departement":"77","annee_naissance":2006,"nombre_occurences":81},{"prenom":"ALEXI","sexe":"M","departement":"77","annee_naissance":2006,"nombre_occurences":3},{"prenom":"ALEXIA","sexe":"F","departement":"77","annee_naissance":2006,"nombre_occurences":22},{"prenom":"ALEXIANE","sexe":"F","departement":"77","annee_naissance":2006,"nombre_occurences":3},{"prenom":"ALEXIS","sexe":"M","departement":"77","annee_naissance":2006,"nombre_occurences":68},{"prenom":"ALEXY","sexe":"M","departement":"77","annee_naissance":2006,"nombre_occurences":5},{"prenom":"ALEYNA","sexe":"F","departement":"77","annee_naissance":2006,"nombre_occurences":5},{"prenom":"ALI","sexe":"M","departement":"77","annee_naissance":2006,"nombre_occurences":5},{"prenom":"ALICE","sexe":"F","departement":"77","annee_naissance":2006,"nombre_occurences":21},{"prenom":"ALICIA","sexe":"F","departement":"77","annee_naissance":2006,"nombre_occurences":39},{"prenom":"ALICYA","sexe":"F","departement":"77","annee_naissance":2006,"nombre_occurences":3},{"prenom":"ALIENOR","sexe":"F","departement":"77","annee_naissance":2006,"nombre_occurences":3},{"prenom":"ALISSA","sexe":"F","departement":"77","annee_naissance":2006,"nombre_occurences":3},{"prenom":"ALIX","sexe":"F","departement":"77","annee_naissance":2006,"nombre_occurences":10},{"prenom":"ALIX","sexe":"M","departement":"77","annee_naissance":2006,"nombre_occurences":4},{"prenom":"ALIYA","sexe":"F","departement":"77","annee_naissance":2006,"nombre_occurences":3},{"prenom":"ALIYAH","sexe":"F","departement":"77","annee_naissance":2006,"nombre_occurences":4},{"prenom":"ALIZEE","sexe":"F","departement":"77","annee_naissance":2006,"nombre_occurences":7},{"prenom":"ALLAN","sexe":"M","departement":"77","annee_naissance":2006,"nombre_occurences":4},{"prenom":"ALYCIA","sexe":"F","departement":"77","annee_naissance":2006,"nombre_occurences":6},{"prenom":"ALYSON","sexe":"F","departement":"77","annee_naissance":2006,"nombre_occurences":3},{"prenom":"ALYSSA","sexe":"F","departement":"77","annee_naissance":2006,"nombre_occurences":13},{"prenom":"ALYSSIA","sexe":"F","departement":"77","annee_naissance":2006,"nombre_occurences":8},{"prenom":"AMANDINE","sexe":"F","departement":"77","annee_naissance":2006,"nombre_occurences":31},{"prenom":"AMAURY","sexe":"M","departement":"77","annee_naissance":2006,"nombre_occurences":10},{"prenom":"AMBRE","sexe":"F","departement":"77","annee_naissance":2006,"nombre_occurences":59},{"prenom":"AMEL","sexe":"F","departement":"77","annee_naissance":2006,"nombre_occurences":13},{"prenom":"AMELIA","sexe":"F","departement":"77","annee_naissance":2006,"nombre_occurences":4},{"prenom":"AMELIE","sexe":"F","departement":"77","annee_naissance":2006,"nombre_occurences":20},{"prenom":"AMELINE","sexe":"F","departement":"77","annee_naissance":2006,"nombre_occurences":3},{"prenom":"AMINA","sexe":"F","departement":"77","annee_naissance":2006,"nombre_occurences":10},{"prenom":"AMINATA","sexe":"F","departement":"77","annee_naissance":2006,"nombre_occurences":3},{"prenom":"AMINE","sexe":"M","departement":"77","annee_naissance":2006,"nombre_occurences":21},{"prenom":"AMIR","sexe":"M","departement":"77","annee_naissance":2006,"nombre_occurences":5},{"prenom":"AMIRA","sexe":"F","departement":"77","annee_naissance":2006,"nombre_occurences":3},{"prenom":"ANA","sexe":"F","departement":"77","annee_naissance":2006,"nombre_occurences":5},{"prenom":"ANAE","sexe":"F","departement":"77","annee_naissance":2006,"nombre_occurences":9},{"prenom":"ANAELLE","sexe":"F","departement":"77","annee_naissance":2006,"nombre_occurences":17},{"prenom":"ANAIS","sexe":"F","departement":"77","annee_naissance":2006,"nombre_occurences":57},{"prenom":"ANAS","sexe":"M","departement":"77","annee_naissance":2006,"nombre_occurences":9},{"prenom":"ANASTASIA","sexe":"F","departement":"77","annee_naissance":2006,"nombre_occurences":3},{"prenom":"ANDREA","sexe":"F","departement":"77","annee_naissance":2006,"nombre_occurences":24},{"prenom":"ANDREA","sexe":"M","departement":"77","annee_naissance":2006,"nombre_occurences":3},{"prenom":"ANDY","sexe":"M","departement":"77","annee_naissance":2006,"nombre_occurences":4},{"prenom":"ANGE","sexe":"M","departement":"77","annee_naissance":2006,"nombre_occurences":4},{"prenom":"ANGEL","sexe":"M","departement":"77","annee_naissance":2006,"nombre_occurences":3},{"prenom":"ANGELA","sexe":"F","departement":"77","annee_naissance":2006,"nombre_occurences":3},{"prenom":"ANGELE","sexe":"F","departement":"77","annee_naissance":2006,"nombre_occurences":3},{"prenom":"ANGELINA","sexe":"F","departement":"77","annee_naissance":2006,"nombre_occurences":23},{"prenom":"ANGELO","sexe":"M","departement":"77","annee_naissance":2006,"nombre_occurences":3},{"prenom":"ANGIE","sexe":"F","departement":"77","annee_naissance":2006,"nombre_occurences":5},{"prenom":"ANIS","sexe":"M","departement":"77","annee_naissance":2006,"nombre_occurences":6},{"prenom":"ANISSA","sexe":"F","departement":"77","annee_naissance":2006,"nombre_occurences":8},{"prenom":"ANITA","sexe":"F","departement":"77","annee_naissance":2006,"nombre_occurences":3},{"prenom":"ANNA","sexe":"F","departement":"77","annee_naissance":2006,"nombre_occurences":14},{"prenom":"ANNAELLE","sexe":"F","departement":"77","annee_naissance":2006,"nombre_occurences":3},{"prenom":"ANNE","sexe":"F","departement":"77","annee_naissance":2006,"nombre_occurences":3},{"prenom":"ANOUK","sexe":"F","departement":"77","annee_naissance":2006,"nombre_occurences":3},{"prenom":"ANTHONY","sexe":"M","departement":"77","annee_naissance":2006,"nombre_occurences":32},{"prenom":"ANTOINE","sexe":"M","departement":"77","annee_naissance":2006,"nombre_occurences":48},{"prenom":"ANTON","sexe":"M","departement":"77","annee_naissance":2006,"nombre_occurences":3},{"prenom":"ANTONIN","sexe":"M","departement":"77","annee_naissance":2006,"nombre_occurences":26},{"prenom":"ANTONIO","sexe":"M","departement":"77","annee_naissance":2006,"nombre_occurences":3},{"prenom":"ANTONY","sexe":"M","departement":"77","annee_naissance":2006,"nombre_occurences":5},{"prenom":"APOLLINE","sexe":"F","departement":"77","annee_naissance":2006,"nombre_occurences":10},{"prenom":"ARMAND","sexe":"M","departement":"77","annee_naissance":2006,"nombre_occurences":6},{"prenom":"ARNAUD","sexe":"M","departement":"77","annee_naissance":2006,"nombre_occurences":5},{"prenom":"ARSENE","sexe":"M","departement":"77","annee_naissance":2006,"nombre_occurences":5},{"prenom":"ARTHUR","sexe":"M","departement":"77","annee_naissance":2006,"nombre_occurences":50},{"prenom":"ARWEN","sexe":"F","departement":"77","annee_naissance":2006,"nombre_occurences":4},{"prenom":"ASHLEY","sexe":"F","departement":"77","annee_naissance":2006,"nombre_occurences":6},{"prenom":"ASHLEY","sexe":"M","departement":"77","annee_naissance":2006,"nombre_occurences":3},{"prenom":"ASMA","sexe":"F","departement":"77","annee_naissance":2006,"nombre_occurences":7},{"prenom":"ASSA","sexe":"F","departement":"77","annee_naissance":2006,"nombre_occurences":4},{"prenom":"ASSIA","sexe":"F","departement":"77","annee_naissance":2006,"nombre_occurences":13},{"prenom":"ASSYA","sexe":"F","departement":"77","annee_naissance":2006,"nombre_occurences":3},{"prenom":"ASTRID","sexe":"F","departement":"77","annee_naissance":2006,"nombre_occurences":5},{"prenom":"AUDE","sexe":"F","departement":"77","annee_naissance":2006,"nombre_occurences":4},{"prenom":"AUDREY","sexe":"F","departement":"77","annee_naissance":2006,"nombre_occurences":16},{"prenom":"AUDRIC","sexe":"M","departement":"77","annee_naissance":2006,"nombre_occurences":3},{"prenom":"AUGUSTIN","sexe":"M","departement":"77","annee_naissance":2006,"nombre_occurences":3},{"prenom":"AURELIE","sexe":"F","departement":"77","annee_naissance":2006,"nombre_occurences":7},{"prenom":"AURELIEN","sexe":"M","departement":"77","annee_naissance":2006,"nombre_occurences":20},{"prenom":"AURIANE","sexe":"F","departement":"77","annee_naissance":2006,"nombre_occurences":3},{"prenom":"AURORE","sexe":"F","departement":"77","annee_naissance":2006,"nombre_occurences":10},{"prenom":"AWA","sexe":"F","departement":"77","annee_naissance":2006,"nombre_occurences":3},{"prenom":"AXEL","sexe":"M","departement":"77","annee_naissance":2006,"nombre_occurences":59},{"prenom":"AXELLE","sexe":"F","departement":"77","annee_naissance":2006,"nombre_occurences":9},{"prenom":"AYA","sexe":"F","departement":"77","annee_naissance":2006,"nombre_occurences":5},{"prenom":"AYMEN","sexe":"M","departement":"77","annee_naissance":2006,"nombre_occurences":3},{"prenom":"AYMERIC","sexe":"M","departement":"77","annee_naissance":2006,"nombre_occurences":12},{"prenom":"AYOUB","sexe":"M","departement":"77","annee_naissance":2006,"nombre_occurences":9},{"prenom":"BAPTISTE","sexe":"M","departement":"77","annee_naissance":2006,"nombre_occurences":54},{"prenom":"BASILE","sexe":"M","departement":"77","annee_naissance":2006,"nombre_occurences":5},{"prenom":"BASTIAN","sexe":"M","departement":"77","annee_naissance":2006,"nombre_occurences":3},{"prenom":"BASTIEN","sexe":"M","departement":"77","annee_naissance":2006,"nombre_occurences":26},{"prenom":"BENEDICTE","sexe":"F","departement":"77","annee_naissance":2006,"nombre_occurences":3},{"prenom":"BENJAMIN","sexe":"M","departement":"77","annee_naissance":2006,"nombre_occurences":32},{"prenom":"BENOIT","sexe":"M","departement":"77","annee_naissance":2006,"nombre_occurences":5},{"prenom":"BERENICE","sexe":"F","departement":"77","annee_naissance":2006,"nombre_occurences":4},{"prenom":"BERTILLE","sexe":"F","departement":"77","annee_naissance":2006,"nombre_occurences":5},{"prenom":"BILAL","sexe":"M","departement":"77","annee_naissance":2006,"nombre_occurences":19},{"prenom":"BINTOU","sexe":"F","departement":"77","annee_naissance":2006,"nombre_occurences":3},{"prenom":"BRANDON","sexe":"M","departement":"77","annee_naissance":2006,"nombre_occurences":3},{"prenom":"BRAYAN","sexe":"M","departement":"77","annee_naissance":2006,"nombre_occurences":5},{"prenom":"BRUNO","sexe":"M","departement":"77","annee_naissance":2006,"nombre_occurences":5},{"prenom":"BRYAN","sexe":"M","departement":"77","annee_naissance":2006,"nombre_occurences":18},{"prenom":"CALVIN","sexe":"M","departement":"77","annee_naissance":2006,"nombre_occurences":13},{"prenom":"CAMELIA","sexe":"F","departement":"77","annee_naissance":2006,"nombre_occurences":4},{"prenom":"CAMERON","sexe":"M","departement":"77","annee_naissance":2006,"nombre_occurences":4},{"prenom":"CAMILLE","sexe":"F","departement":"77","annee_naissance":2006,"nombre_occurences":88},{"prenom":"CAMILLE","sexe":"M","departement":"77","annee_naissance":2006,"nombre_occurences":7},{"prenom":"CANDICE","sexe":"F","departement":"77","annee_naissance":2006,"nombre_occurences":22},{"prenom":"CANDY","sexe":"F","departement":"77","annee_naissance":2006,"nombre_occurences":3},{"prenom":"CARL","sexe":"M","departement":"77","annee_naissance":2006,"nombre_occurences":3},{"prenom":"CEDRIC","sexe":"M","departement":"77","annee_naissance":2006,"nombre_occurences":8},{"prenom":"CELIAN","sexe":"M","departement":"77","annee_naissance":2006,"nombre_occurences":3},{"prenom":"CHARLES","sexe":"M","departement":"77","annee_naissance":2006,"nombre_occurences":9},{"prenom":"CHARLIE","sexe":"M","departement":"77","annee_naissance":2006,"nombre_occurences":3},{"prenom":"CHARLY","sexe":"M","departement":"77","annee_naissance":2006,"nombre_occurences":6},{"prenom":"CHRIS","sexe":"M","departement":"77","annee_naissance":2006,"nombre_occurences":3},{"prenom":"CHRISTIAN","sexe":"M","departement":"77","annee_naissance":2006,"nombre_occurences":4},{"prenom":"CHRISTOPHE","sexe":"M","departement":"77","annee_naissance":2006,"nombre_occurences":4},{"prenom":"CLEMENT","sexe":"M","departement":"77","annee_naissance":2006,"nombre_occurences":89},{"prenom":"CLEO","sexe":"M","departement":"77","annee_naissance":2006,"nombre_occurences":3},{"prenom":"COME","sexe":"M","departement":"77","annee_naissance":2006,"nombre_occurences":4},{"prenom":"CORENTIN","sexe":"M","departement":"77","annee_naissance":2006,"nombre_occurences":32},{"prenom":"CYPRIEN","sexe":"M","departement":"77","annee_naissance":2006,"nombre_occurences":7},{"prenom":"CYRIL","sexe":"M","departement":"77","annee_naissance":2006,"nombre_occurences":4},{"prenom":"DAMIEN","sexe":"M","departement":"77","annee_naissance":2006,"nombre_occurences":13},{"prenom":"DAN","sexe":"M","departement":"77","annee_naissance":2006,"nombre_occurences":3},{"prenom":"DANIEL","sexe":"M","departement":"77","annee_naissance":2006,"nombre_occurences":9},{"prenom":"DANNY","sexe":"M","departement":"77","annee_naissance":2006,"nombre_occurences":4},{"prenom":"DANY","sexe":"M","departement":"77","annee_naissance":2006,"nombre_occurences":6},{"prenom":"DAVID","sexe":"M","departement":"77","annee_naissance":2006,"nombre_occurences":15},{"prenom":"DAVY","sexe":"M","departement":"77","annee_naissance":2006,"nombre_occurences":4},{"prenom":"DIEGO","sexe":"M","departement":"77","annee_naissance":2006,"nombre_occurences":19},{"prenom":"DIMITRI","sexe":"M","departement":"77","annee_naissance":2006,"nombre_occurences":10},{"prenom":"DJIBRIL","sexe":"M","departement":"77","annee_naissance":2006,"nombre_occurences":9},{"prenom":"DORIAN","sexe":"M","departement":"77","annee_naissance":2006,"nombre_occurences":25},{"prenom":"DYLAN","sexe":"M","departement":"77","annee_naissance":2006,"nombre_occurences":33},{"prenom":"EDDY","sexe":"M","departement":"77","annee_naissance":2006,"nombre_occurences":4},{"prenom":"EDEN","sexe":"M","departement":"77","annee_naissance":2006,"nombre_occurences":4},{"prenom":"EDGAR","sexe":"M","departement":"77","annee_naissance":2006,"nombre_occurences":4},{"prenom":"EDOUARD","sexe":"M","departement":"77","annee_naissance":2006,"nombre_occurences":3},{"prenom":"EDWIN","sexe":"M","departement":"77","annee_naissance":2006,"nombre_occurences":3},{"prenom":"ELIAS","sexe":"M","departement":"77","annee_naissance":2006,"nombre_occurences":7},{"prenom":"ELIE","sexe":"M","departement":"77","annee_naissance":2006,"nombre_occurences":4},{"prenom":"ELIES","sexe":"M","departement":"77","annee_naissance":2006,"nombre_occurences":3},{"prenom":"ELIO","sexe":"M","departement":"77","annee_naissance":2006,"nombre_occurences":5},{"prenom":"ELIOT","sexe":"M","departement":"77","annee_naissance":2006,"nombre_occurences":8},{"prenom":"ELIOTT","sexe":"M","departement":"77","annee_naissance":2006,"nombre_occurences":15},{"prenom":"ELOUAN","sexe":"M","departement":"77","annee_naissance":2006,"nombre_occurences":5},{"prenom":"EMERIC","sexe":"M","departement":"77","annee_naissance":2006,"nombre_occurences":3},{"prenom":"EMILE","sexe":"M","departement":"77","annee_naissance":2006,"nombre_occurences":3},{"prenom":"EMILIO","sexe":"M","departement":"77","annee_naissance":2006,"nombre_occurences":3},{"prenom":"EMILY","sexe":"F","departement":"77","annee_naissance":2006,"nombre_occurences":4},{"prenom":"EMMA","sexe":"F","departement":"77","annee_naissance":2006,"nombre_occurences":114},{"prenom":"EMMANUEL","sexe":"M","departement":"77","annee_naissance":2006,"nombre_occurences":10},{"prenom":"EMMIE","sexe":"F","departement":"77","annee_naissance":2006,"nombre_occurences":4},{"prenom":"EMMY","sexe":"F","departement":"77","annee_naissance":2006,"nombre_occurences":14},{"prenom":"EMRE","sexe":"M","departement":"77","annee_naissance":2006,"nombre_occurences":3},{"prenom":"EMY","sexe":"F","departement":"77","annee_naissance":2006,"nombre_occurences":9},{"prenom":"ENES","sexe":"M","departement":"77","annee_naissance":2006,"nombre_occurences":3},{"prenom":"ENGUERRAND","sexe":"M","departement":"77","annee_naissance":2006,"nombre_occurences":4},{"prenom":"ENOLA","sexe":"F","departement":"77","annee_naissance":2006,"nombre_occurences":8},{"prenom":"ENORA","sexe":"F","departement":"77","annee_naissance":2006,"nombre_occurences":12},{"prenom":"ENZO","sexe":"M","departement":"77","annee_naissance":2006,"nombre_occurences":169},{"prenom":"ERIC","sexe":"M","departement":"77","annee_naissance":2006,"nombre_occurences":4},{"prenom":"ERIKA","sexe":"F","departement":"77","annee_naissance":2006,"nombre_occurences":4},{"prenom":"ERIN","sexe":"F","departement":"77","annee_naissance":2006,"nombre_occurences":5},{"prenom":"ERNEST","sexe":"M","departement":"77","annee_naissance":2006,"nombre_occurences":4},{"prenom":"ERWAN","sexe":"M","departement":"77","annee_naissance":2006,"nombre_occurences":37},{"prenom":"ERWANN","sexe":"M","departement":"77","annee_naissance":2006,"nombre_occurences":13},{"prenom":"ESTEBAN","sexe":"M","departement":"77","annee_naissance":2006,"nombre_occurences":31},{"prenom":"ESTELLE","sexe":"F","departement":"77","annee_naissance":2006,"nombre_occurences":12},{"prenom":"ESTHER","sexe":"F","departement":"77","annee_naissance":2006,"nombre_occurences":5},{"prenom":"ETAN","sexe":"M","departement":"77","annee_naissance":2006,"nombre_occurences":3},{"prenom":"ETHAN","sexe":"M","departement":"77","annee_naissance":2006,"nombre_occurences":87},{"prenom":"ETIENNE","sexe":"M","departement":"77","annee_naissance":2006,"nombre_occurences":3},{"prenom":"EVA","sexe":"F","departement":"77","annee_naissance":2006,"nombre_occurences":74},{"prenom":"EVAN","sexe":"M","departement":"77","annee_naissance":2006,"nombre_occurences":52},{"prenom":"EVANN","sexe":"M","departement":"77","annee_naissance":2006,"nombre_occurences":6},{"prenom":"EVE","sexe":"F","departement":"77","annee_naissance":2006,"nombre_occurences":7},{"prenom":"EVEN","sexe":"M","departement":"77","annee_naissance":2006,"nombre_occurences":4},{"prenom":"EWA","sexe":"F","departement":"77","annee_naissance":2006,"nombre_occurences":3},{"prenom":"EWAN","sexe":"M","departement":"77","annee_naissance":2006,"nombre_occurences":10},{"prenom":"EWEN","sexe":"M","departement":"77","annee_naissance":2006,"nombre_occurences":11},{"prenom":"EXAUCE","sexe":"M","departement":"77","annee_naissance":2006,"nombre_occurences":3},{"prenom":"FABIAN","sexe":"M","departement":"77","annee_naissance":2006,"nombre_occurences":3},{"prenom":"FABIEN","sexe":"M","departement":"77","annee_naissance":2006,"nombre_occurences":10},{"prenom":"FABIO","sexe":"M","departement":"77","annee_naissance":2006,"nombre_occurences":6},{"prenom":"FANNY","sexe":"F","departement":"77","annee_naissance":2006,"nombre_occurences":19},{"prenom":"FANY","sexe":"F","departement":"77","annee_naissance":2006,"nombre_occurences":3},{"prenom":"FARAH","sexe":"F","departement":"77","annee_naissance":2006,"nombre_occurences":7},{"prenom":"FATIMA","sexe":"F","departement":"77","annee_naissance":2006,"nombre_occurences":7},{"prenom":"FATOUMATA","sexe":"F","departement":"77","annee_naissance":2006,"nombre_occurences":13},{"prenom":"FAUSTINE","sexe":"F","departement":"77","annee_naissance":2006,"nombre_occurences":5},{"prenom":"FELIX","sexe":"M","departement":"77","annee_naissance":2006,"nombre_occurences":4},{"prenom":"FIONA","sexe":"F","departement":"77","annee_naissance":2006,"nombre_occurences":6},{"prenom":"FLAVIE","sexe":"F","departement":"77","annee_naissance":2006,"nombre_occurences":10},{"prenom":"FLAVIEN","sexe":"M","departement":"77","annee_naissance":2006,"nombre_occurences":6},{"prenom":"FLAVIO","sexe":"M","departement":"77","annee_naissance":2006,"nombre_occurences":5},{"prenom":"FLEUR","sexe":"F","departement":"77","annee_naissance":2006,"nombre_occurences":3},{"prenom":"FLORA","sexe":"F","departement":"77","annee_naissance":2006,"nombre_occurences":6},{"prenom":"FLORE","sexe":"F","departement":"77","annee_naissance":2006,"nombre_occurences":4},{"prenom":"FLORENT","sexe":"M","departement":"77","annee_naissance":2006,"nombre_occurences":5},{"prenom":"FLORENTIN","sexe":"M","departement":"77","annee_naissance":2006,"nombre_occurences":5},{"prenom":"FLORIAN","sexe":"M","departement":"77","annee_naissance":2006,"nombre_occurences":36},{"prenom":"FLORINE","sexe":"F","departement":"77","annee_naissance":2006,"nombre_occurences":9},{"prenom":"FRANCOIS","sexe":"M","departement":"77","annee_naissance":2006,"nombre_occurences":5},{"prenom":"GABIN","sexe":"M","departement":"77","annee_naissance":2006,"nombre_occurences":20},{"prenom":"GABRIEL","sexe":"M","departement":"77","annee_naissance":2006,"nombre_occurences":60},{"prenom":"GABRIELLE","sexe":"F","departement":"77","annee_naissance":2006,"nombre_occurences":11},{"prenom":"GAEL","sexe":"M","departement":"77","annee_naissance":2006,"nombre_occurences":5},{"prenom":"GAELLE","sexe":"F","departement":"77","annee_naissance":2006,"nombre_occurences":10},{"prenom":"GAETAN","sexe":"M","departement":"77","annee_naissance":2006,"nombre_occurences":10},{"prenom":"GAMZE","sexe":"F","departement":"77","annee_naissance":2006,"nombre_occurences":3},{"prenom":"GARANCE","sexe":"F","departement":"77","annee_naissance":2006,"nombre_occurences":10},{"prenom":"GASPARD","sexe":"M","departement":"77","annee_naissance":2006,"nombre_occurences":5},{"prenom":"GAUTHIER","sexe":"M","departement":"77","annee_naissance":2006,"nombre_occurences":5},{"prenom":"GIANNI","sexe":"M","departement":"77","annee_naissance":2006,"nombre_occurences":3},{"prenom":"GIOVANNI","sexe":"M","departement":"77","annee_naissance":2006,"nombre_occurences":4},{"prenom":"GRACE","sexe":"F","departement":"77","annee_naissance":2006,"nombre_occurences":7},{"prenom":"GREGOIRE","sexe":"M","departement":"77","annee_naissance":2006,"nombre_occurences":8},{"prenom":"GREGORY","sexe":"M","departement":"77","annee_naissance":2006,"nombre_occurences":6},{"prenom":"GUILLAUME","sexe":"M","departement":"77","annee_naissance":2006,"nombre_occurences":20},{"prenom":"GWENAEL","sexe":"M","departement":"77","annee_naissance":2006,"nombre_occurences":3},{"prenom":"GWENAELLE","sexe":"F","departement":"77","annee_naissance":2006,"nombre_occurences":6},{"prenom":"GWENDAL","sexe":"M","departement":"77","annee_naissance":2006,"nombre_occurences":4},{"prenom":"GWENDOLINE","sexe":"F","departement":"77","annee_naissance":2006,"nombre_occurences":8},{"prenom":"HADRIEN","sexe":"M","departement":"77","annee_naissance":2006,"nombre_occurences":5},{"prenom":"HALIMA","sexe":"F","departement":"77","annee_naissance":2006,"nombre_occurences":3},{"prenom":"HAMZA","sexe":"M","departement":"77","annee_naissance":2006,"nombre_occurences":11},{"prenom":"HANAE","sexe":"F","departement":"77","annee_naissance":2006,"nombre_occurences":3},{"prenom":"HAROUN","sexe":"M","departement":"77","annee_naissance":2006,"nombre_occurences":3},{"prenom":"HAWA","sexe":"F","departement":"77","annee_naissance":2006,"nombre_occurences":7},{"prenom":"HELENE","sexe":"F","departement":"77","annee_naissance":2006,"nombre_occurences":7},{"prenom":"HELOISE","sexe":"F","departement":"77","annee_naissance":2006,"nombre_occurences":12},{"prenom":"HICHAM","sexe":"M","departement":"77","annee_naissance":2006,"nombre_occurences":4},{"prenom":"HIPPOLYTE","sexe":"M","departement":"77","annee_naissance":2006,"nombre_occurences":4},{"prenom":"HOUCINE","sexe":"M","departement":"77","annee_naissance":2006,"nombre_occurences":4},{"prenom":"HUGO","sexe":"M","departement":"77","annee_naissance":2006,"nombre_occurences":84},{"prenom":"IBRAHIM","sexe":"M","departement":"77","annee_naissance":2006,"nombre_occurences":7},{"prenom":"IDRISS","sexe":"M","departement":"77","annee_naissance":2006,"nombre_occurences":4},{"prenom":"IGOR","sexe":"M","departement":"77","annee_naissance":2006,"nombre_occurences":3},{"prenom":"ILAN","sexe":"M","departement":"77","annee_naissance":2006,"nombre_occurences":17},{"prenom":"ILANA","sexe":"F","departement":"77","annee_naissance":2006,"nombre_occurences":4},{"prenom":"ILAYDA","sexe":"F","departement":"77","annee_naissance":2006,"nombre_occurences":4},{"prenom":"ILHAN","sexe":"M","departement":"77","annee_naissance":2006,"nombre_occurences":3},{"prenom":"ILIAN","sexe":"M","departement":"77","annee_naissance":2006,"nombre_occurences":11},{"prenom":"ILIES","sexe":"M","departement":"77","annee_naissance":2006,"nombre_occurences":6},{"prenom":"ILONA","sexe":"F","departement":"77","annee_naissance":2006,"nombre_occurences":11},{"prenom":"ILYAN","sexe":"M","departement":"77","annee_naissance":2006,"nombre_occurences":4},{"prenom":"ILYAS","sexe":"M","departement":"77","annee_naissance":2006,"nombre_occurences":4},{"prenom":"ILYES","sexe":"M","departement":"77","annee_naissance":2006,"nombre_occurences":13},{"prenom":"IMAN","sexe":"F","departement":"77","annee_naissance":2006,"nombre_occurences":5},{"prenom":"IMANE","sexe":"F","departement":"77","annee_naissance":2006,"nombre_occurences":6},{"prenom":"IMENE","sexe":"F","departement":"77","annee_naissance":2006,"nombre_occurences":5},{"prenom":"INES","sexe":"F","departement":"77","annee_naissance":2006,"nombre_occurences":78},{"prenom":"IRINA","sexe":"F","departement":"77","annee_naissance":2006,"nombre_occurences":3},{"prenom":"IRIS","sexe":"F","departement":"77","annee_naissance":2006,"nombre_occurences":4},{"prenom":"ISAAC","sexe":"M","departement":"77","annee_naissance":2006,"nombre_occurences":4},{"prenom":"ISABELLE","sexe":"F","departement":"77","annee_naissance":2006,"nombre_occurences":3},{"prenom":"ISMAEL","sexe":"M","departement":"77","annee_naissance":2006,"nombre_occurences":6},{"prenom":"ISSA","sexe":"M","departement":"77","annee_naissance":2006,"nombre_occurences":3},{"prenom":"JAD","sexe":"M","departement":"77","annee_naissance":2006,"nombre_occurences":4},{"prenom":"JADE","sexe":"F","departement":"77","annee_naissance":2006,"nombre_occurences":89},{"prenom":"JAROD","sexe":"M","departement":"77","annee_naissance":2006,"nombre_occurences":3},{"prenom":"JASMINE","sexe":"F","departement":"77","annee_naissance":2006,"nombre_occurences":5},{"prenom":"JASON","sexe":"M","departement":"77","annee_naissance":2006,"nombre_occurences":8},{"prenom":"JAYSON","sexe":"M","departement":"77","annee_naissance":2006,"nombre_occurences":3},{"prenom":"JEAN","sexe":"M","departement":"77","annee_naissance":2006,"nombre_occurences":5},{"prenom":"JEAN-BAPTISTE","sexe":"M","departement":"77","annee_naissance":2006,"nombre_occurences":5},{"prenom":"JEANNE","sexe":"F","departement":"77","annee_naissance":2006,"nombre_occurences":29},{"prenom":"JEREMI","sexe":"M","departement":"77","annee_naissance":2006,"nombre_occurences":3},{"prenom":"JEREMIE","sexe":"M","departement":"77","annee_naissance":2006,"nombre_occurences":8},{"prenom":"JEREMY","sexe":"M","departement":"77","annee_naissance":2006,"nombre_occurences":26},{"prenom":"JEROME","sexe":"M","departement":"77","annee_naissance":2006,"nombre_occurences":3},{"prenom":"JESSICA","sexe":"F","departement":"77","annee_naissance":2006,"nombre_occurences":11},{"prenom":"JESSIE","sexe":"F","departement":"77","annee_naissance":2006,"nombre_occurences":4},{"prenom":"JESSY","sexe":"M","departement":"77","annee_naissance":2006,"nombre_occurences":5},{"prenom":"JIBRIL","sexe":"M","departement":"77","annee_naissance":2006,"nombre_occurences":3},{"prenom":"JIMMY","sexe":"M","departement":"77","annee_naissance":2006,"nombre_occurences":8},{"prenom":"JOANA","sexe":"F","departement":"77","annee_naissance":2006,"nombre_occurences":5},{"prenom":"JOHAN","sexe":"M","departement":"77","annee_naissance":2006,"nombre_occurences":16},{"prenom":"JOHANNA","sexe":"F","departement":"77","annee_naissance":2006,"nombre_occurences":4},{"prenom":"JONATHAN","sexe":"M","departement":"77","annee_naissance":2006,"nombre_occurences":11},{"prenom":"JORDAN","sexe":"M","departement":"77","annee_naissance":2006,"nombre_occurences":17},{"prenom":"JORIS","sexe":"M","departement":"77","annee_naissance":2006,"nombre_occurences":3},{"prenom":"JOSEPH","sexe":"M","departement":"77","annee_naissance":2006,"nombre_occurences":6},{"prenom":"JOSEPHINE","sexe":"F","departement":"77","annee_naissance":2006,"nombre_occurences":3},{"prenom":"JOSHUA","sexe":"M","departement":"77","annee_naissance":2006,"nombre_occurences":5},{"prenom":"JUAN","sexe":"M","departement":"77","annee_naissance":2006,"nombre_occurences":4},{"prenom":"JULES","sexe":"M","departement":"77","annee_naissance":2006,"nombre_occurences":39},{"prenom":"JULIA","sexe":"F","departement":"77","annee_naissance":2006,"nombre_occurences":22},{"prenom":"JULIAN","sexe":"M","departement":"77","annee_naissance":2006,"nombre_occurences":9},{"prenom":"JULIANE","sexe":"F","departement":"77","annee_naissance":2006,"nombre_occurences":3},{"prenom":"JULIE","sexe":"F","departement":"77","annee_naissance":2006,"nombre_occurences":51},{"prenom":"JULIEN","sexe":"M","departement":"77","annee_naissance":2006,"nombre_occurences":57},{"prenom":"JULIETTE","sexe":"F","departement":"77","annee_naissance":2006,"nombre_occurences":35},{"prenom":"JULINE","sexe":"F","departement":"77","annee_naissance":2006,"nombre_occurences":4},{"prenom":"JUSTIN","sexe":"M","departement":"77","annee_naissance":2006,"nombre_occurences":9},{"prenom":"JUSTINE","sexe":"F","departement":"77","annee_naissance":2006,"nombre_occurences":30},{"prenom":"KADIATOU","sexe":"F","departement":"77","annee_naissance":2006,"nombre_occurences":5},{"prenom":"KAHINA","sexe":"F","departement":"77","annee_naissance":2006,"nombre_occurences":3},{"prenom":"KAIS","sexe":"M","departement":"77","annee_naissance":2006,"nombre_occurences":5},{"prenom":"KALVIN","sexe":"M","departement":"77","annee_naissance":2006,"nombre_occurences":4},{"prenom":"KALVYN","sexe":"M","departement":"77","annee_naissance":2006,"nombre_occurences":3},{"prenom":"KARIM","sexe":"M","departement":"77","annee_naissance":2006,"nombre_occurences":5},{"prenom":"KARL","sexe":"M","departement":"77","annee_naissance":2006,"nombre_occurences":3},{"prenom":"KASSANDRA","sexe":"F","departement":"77","annee_naissance":2006,"nombre_occurences":6},{"prenom":"KAYLA","sexe":"F","departement":"77","annee_naissance":2006,"nombre_occurences":3},{"prenom":"KAYLIA","sexe":"F","departement":"77","annee_naissance":2006,"nombre_occurences":3},{"prenom":"KAYLIAH","sexe":"F","departement":"77","annee_naissance":2006,"nombre_occurences":3},{"prenom":"KEILA","sexe":"F","departement":"77","annee_naissance":2006,"nombre_occurences":3},{"prenom":"KELIA","sexe":"F","departement":"77","annee_naissance":2006,"nombre_occurences":3},{"prenom":"KELIAN","sexe":"M","departement":"77","annee_naissance":2006,"nombre_occurences":4},{"prenom":"KELLY","sexe":"F","departement":"77","annee_naissance":2006,"nombre_occurences":10},{"prenom":"KELVIN","sexe":"M","departement":"77","annee_naissance":2006,"nombre_occurences":5},{"prenom":"KELYAN","sexe":"M","departement":"77","annee_naissance":2006,"nombre_occurences":15},{"prenom":"KENAN","sexe":"M","departement":"77","annee_naissance":2006,"nombre_occurences":4},{"prenom":"KENNY","sexe":"M","departement":"77","annee_naissance":2006,"nombre_occurences":4},{"prenom":"KENZA","sexe":"F","departement":"77","annee_naissance":2006,"nombre_occurences":10},{"prenom":"KENZO","sexe":"M","departement":"77","annee_naissance":2006,"nombre_occurences":11},{"prenom":"KEREN","sexe":"F","departement":"77","annee_naissance":2006,"nombre_occurences":5},{"prenom":"KERIAN","sexe":"M","departement":"77","annee_naissance":2006,"nombre_occurences":4},{"prenom":"KERYANN","sexe":"M","departement":"77","annee_naissance":2006,"nombre_occurences":3},{"prenom":"KESSY","sexe":"F","departement":"77","annee_naissance":2006,"nombre_occurences":4},{"prenom":"KEVIN","sexe":"M","departement":"77","annee_naissance":2006,"nombre_occurences":28},{"prenom":"KHADIJA","sexe":"F","departement":"77","annee_naissance":2006,"nombre_occurences":5},{"prenom":"KHALED","sexe":"M","departement":"77","annee_naissance":2006,"nombre_occurences":3},{"prenom":"KIARA","sexe":"F","departement":"77","annee_naissance":2006,"nombre_occurences":6},{"prenom":"KILIAN","sexe":"M","departement":"77","annee_naissance":2006,"nombre_occurences":11},{"prenom":"KILLIAN","sexe":"M","departement":"77","annee_naissance":2006,"nombre_occurences":25},{"prenom":"KILYAN","sexe":"M","departement":"77","annee_naissance":2006,"nombre_occurences":7},{"prenom":"KIM","sexe":"F","departement":"77","annee_naissance":2006,"nombre_occurences":5},{"prenom":"KIMBERLEY","sexe":"F","departement":"77","annee_naissance":2006,"nombre_occurences":3},{"prenom":"KLARA","sexe":"F","departement":"77","annee_naissance":2006,"nombre_occurences":3},{"prenom":"KRYS","sexe":"M","departement":"77","annee_naissance":2006,"nombre_occurences":3},{"prenom":"KYLIAN","sexe":"M","departement":"77","annee_naissance":2006,"nombre_occurences":52},{"prenom":"KYLIANN","sexe":"M","departement":"77","annee_naissance":2006,"nombre_occurences":3},{"prenom":"KYLLIAN","sexe":"M","departement":"77","annee_naissance":2006,"nombre_occurences":14},{"prenom":"LAETITIA","sexe":"F","departement":"77","annee_naissance":2006,"nombre_occurences":3},{"prenom":"LALIE","sexe":"F","departement":"77","annee_naissance":2006,"nombre_occurences":7},{"prenom":"LALY","sexe":"F","departement":"77","annee_naissance":2006,"nombre_occurences":7},{"prenom":"LAMIA","sexe":"F","departement":"77","annee_naissance":2006,"nombre_occurences":5},{"prenom":"LANA","sexe":"F","departement":"77","annee_naissance":2006,"nombre_occurences":29},{"prenom":"LANNA","sexe":"F","departement":"77","annee_naissance":2006,"nombre_occurences":4},{"prenom":"LARA","sexe":"F","departement":"77","annee_naissance":2006,"nombre_occurences":8},{"prenom":"LAURA","sexe":"F","departement":"77","annee_naissance":2006,"nombre_occurences":68},{"prenom":"LAURANE","sexe":"F","departement":"77","annee_naissance":2006,"nombre_occurences":4},{"prenom":"LAURE","sexe":"F","departement":"77","annee_naissance":2006,"nombre_occurences":10},{"prenom":"LAUREEN","sexe":"F","departement":"77","annee_naissance":2006,"nombre_occurences":4},{"prenom":"LAURELINE","sexe":"F","departement":"77","annee_naissance":2006,"nombre_occurences":3},{"prenom":"LAUREN","sexe":"F","departement":"77","annee_naissance":2006,"nombre_occurences":4},{"prenom":"LAURINE","sexe":"F","departement":"77","annee_naissance":2006,"nombre_occurences":10},{"prenom":"LAURYNE","sexe":"F","departement":"77","annee_naissance":2006,"nombre_occurences":7},{"prenom":"LEA","sexe":"F","departement":"77","annee_naissance":2006,"nombre_occurences":129},{"prenom":"LEANA","sexe":"F","departement":"77","annee_naissance":2006,"nombre_occurences":20},{"prenom":"LEANDRE","sexe":"M","departement":"77","annee_naissance":2006,"nombre_occurences":5},{"prenom":"LEANDRO","sexe":"M","departement":"77","annee_naissance":2006,"nombre_occurences":3},{"prenom":"LEANE","sexe":"F","departement":"77","annee_naissance":2006,"nombre_occurences":27},{"prenom":"LEANNE","sexe":"F","departement":"77","annee_naissance":2006,"nombre_occurences":3},{"prenom":"LEIA","sexe":"F","departement":"77","annee_naissance":2006,"nombre_occurences":6},{"prenom":"LEILA","sexe":"F","departement":"77","annee_naissance":2006,"nombre_occurences":8},{"prenom":"LEINA","sexe":"F","departement":"77","annee_naissance":2006,"nombre_occurences":3},{"prenom":"LENA","sexe":"F","departement":"77","annee_naissance":2006,"nombre_occurences":41},{"prenom":"LENNA","sexe":"F","departement":"77","annee_naissance":2006,"nombre_occurences":3},{"prenom":"LENNY","sexe":"M","departement":"77","annee_naissance":2006,"nombre_occurences":25},{"prenom":"LENY","sexe":"M","departement":"77","annee_naissance":2006,"nombre_occurences":10},{"prenom":"LEO","sexe":"M","departement":"77","annee_naissance":2006,"nombre_occurences":64},{"prenom":"LEONIE","sexe":"F","departement":"77","annee_naissance":2006,"nombre_occurences":12},{"prenom":"LEOPOLD","sexe":"M","departement":"77","annee_naissance":2006,"nombre_occurences":4},{"prenom":"LEVI","sexe":"M","departement":"77","annee_naissance":2006,"nombre_occurences":3},{"prenom":"LIAM","sexe":"M","departement":"77","annee_naissance":2006,"nombre_occurences":11},{"prenom":"LILA","sexe":"F","departement":"77","annee_naissance":2006,"nombre_occurences":7},{"prenom":"LILAS","sexe":"F","departement":"77","annee_naissance":2006,"nombre_occurences":3},{"prenom":"LILI","sexe":"F","departement":"77","annee_naissance":2006,"nombre_occurences":4},{"prenom":"LILIA","sexe":"F","departement":"77","annee_naissance":2006,"nombre_occurences":9},{"prenom":"LILIAN","sexe":"M","departement":"77","annee_naissance":2006,"nombre_occurences":23},{"prenom":"LILIE","sexe":"F","departement":"77","annee_naissance":2006,"nombre_occurences":3},{"prenom":"LILOU","sexe":"F","departement":"77","annee_naissance":2006,"nombre_occurences":49},{"prenom":"LILY","sexe":"F","departement":"77","annee_naissance":2006,"nombre_occurences":10},{"prenom":"LILY-ROSE","sexe":"F","departement":"77","annee_naissance":2006,"nombre_occurences":3},{"prenom":"LINA","sexe":"F","departement":"77","annee_naissance":2006,"nombre_occurences":32},{"prenom":"LINDSAY","sexe":"F","departement":"77","annee_naissance":2006,"nombre_occurences":8},{"prenom":"LISA","sexe":"F","departement":"77","annee_naissance":2006,"nombre_occurences":52},{"prenom":"LISE","sexe":"F","departement":"77","annee_naissance":2006,"nombre_occurences":9},{"prenom":"LISON","sexe":"F","departement":"77","annee_naissance":2006,"nombre_occurences":4},{"prenom":"LIVIA","sexe":"F","departement":"77","annee_naissance":2006,"nombre_occurences":3},{"prenom":"LIZEA","sexe":"F","departement":"77","annee_naissance":2006,"nombre_occurences":3},{"prenom":"LOAN","sexe":"F","departement":"77","annee_naissance":2006,"nombre_occurences":5},{"prenom":"LOAN","sexe":"M","departement":"77","annee_naissance":2006,"nombre_occurences":5},{"prenom":"LOANE","sexe":"F","departement":"77","annee_naissance":2006,"nombre_occurences":29},{"prenom":"LOANN","sexe":"M","departement":"77","annee_naissance":2006,"nombre_occurences":4},{"prenom":"LOANNE","sexe":"F","departement":"77","annee_naissance":2006,"nombre_occurences":7},{"prenom":"LOGAN","sexe":"M","departement":"77","annee_naissance":2006,"nombre_occurences":9},{"prenom":"LOHAN","sexe":"M","departement":"77","annee_naissance":2006,"nombre_occurences":3},{"prenom":"LOIC","sexe":"M","departement":"77","annee_naissance":2006,"nombre_occurences":29},{"prenom":"LOIS","sexe":"F","departement":"77","annee_naissance":2006,"nombre_occurences":3},{"prenom":"LOIS","sexe":"M","departement":"77","annee_naissance":2006,"nombre_occurences":5},{"prenom":"LOISE","sexe":"F","departement":"77","annee_naissance":2006,"nombre_occurences":4},{"prenom":"LOLA","sexe":"F","departement":"77","annee_naissance":2006,"nombre_occurences":57},{"prenom":"LOONA","sexe":"F","departement":"77","annee_naissance":2006,"nombre_occurences":3},{"prenom":"LORENA","sexe":"F","departement":"77","annee_naissance":2006,"nombre_occurences":3},{"prenom":"LORENZO","sexe":"M","departement":"77","annee_naissance":2006,"nombre_occurences":22},{"prenom":"LORIANE","sexe":"F","departement":"77","annee_naissance":2006,"nombre_occurences":6},{"prenom":"LORIS","sexe":"M","departement":"77","annee_naissance":2006,"nombre_occurences":5},{"prenom":"LORNA","sexe":"F","departement":"77","annee_naissance":2006,"nombre_occurences":3},{"prenom":"LOU","sexe":"F","departement":"77","annee_naissance":2006,"nombre_occurences":24},{"prenom":"LOU-ANN","sexe":"F","departement":"77","annee_naissance":2006,"nombre_occurences":14},{"prenom":"LOU-ANNE","sexe":"F","departement":"77","annee_naissance":2006,"nombre_occurences":6},{"prenom":"LOUANE","sexe":"F","departement":"77","annee_naissance":2006,"nombre_occurences":32},{"prenom":"LOUANNE","sexe":"F","departement":"77","annee_naissance":2006,"nombre_occurences":7},{"prenom":"LOUBNA","sexe":"F","departement":"77","annee_naissance":2006,"nombre_occurences":4},{"prenom":"LOUCKA","sexe":"M","departement":"77","annee_naissance":2006,"nombre_occurences":3},{"prenom":"LOUIS","sexe":"M","departement":"77","annee_naissance":2006,"nombre_occurences":61},{"prenom":"LOUISE","sexe":"F","departement":"77","annee_naissance":2006,"nombre_occurences":23},{"prenom":"LOUISON","sexe":"F","departement":"77","annee_naissance":2006,"nombre_occurences":6},{"prenom":"LOUKA","sexe":"M","departement":"77","annee_naissance":2006,"nombre_occurences":9},{"prenom":"LOUKAS","sexe":"M","departement":"77","annee_naissance":2006,"nombre_occurences":3},{"prenom":"LOUNA","sexe":"F","departement":"77","annee_naissance":2006,"nombre_occurences":32},{"prenom":"LUC","sexe":"M","departement":"77","annee_naissance":2006,"nombre_occurences":5},{"prenom":"LUCA","sexe":"M","departement":"77","annee_naissance":2006,"nombre_occurences":13},{"prenom":"LUCAS","sexe":"M","departement":"77","annee_naissance":2006,"nombre_occurences":130},{"prenom":"LUCIE","sexe":"F","departement":"77","annee_naissance":2006,"nombre_occurences":78},{"prenom":"LUCILE","sexe":"F","departement":"77","annee_naissance":2006,"nombre_occurences":10},{"prenom":"LUCILLE","sexe":"F","departement":"77","annee_naissance":2006,"nombre_occurences":4},{"prenom":"LUCY","sexe":"F","departement":"77","annee_naissance":2006,"nombre_occurences":5},{"prenom":"LUDIVINE","sexe":"F","departement":"77","annee_naissance":2006,"nombre_occurences":6},{"prenom":"LUDOVIC","sexe":"M","departement":"77","annee_naissance":2006,"nombre_occurences":5},{"prenom":"LUKA","sexe":"M","departement":"77","annee_naissance":2006,"nombre_occurences":17},{"prenom":"LUKAS","sexe":"M","departement":"77","annee_naissance":2006,"nombre_occurences":11},{"prenom":"LUKE","sexe":"M","departement":"77","annee_naissance":2006,"nombre_occurences":4},{"prenom":"LUNA","sexe":"F","departement":"77","annee_naissance":2006,"nombre_occurences":27},{"prenom":"LYANA","sexe":"F","departement":"77","annee_naissance":2006,"nombre_occurences":3},{"prenom":"LYDIA","sexe":"F","departement":"77","annee_naissance":2006,"nombre_occurences":3},{"prenom":"LYDIE","sexe":"F","departement":"77","annee_naissance":2006,"nombre_occurences":3},{"prenom":"LYLOU","sexe":"F","departement":"77","annee_naissance":2006,"nombre_occurences":6},{"prenom":"LYNA","sexe":"F","departement":"77","annee_naissance":2006,"nombre_occurences":7},{"prenom":"MACEO","sexe":"M","departement":"77","annee_naissance":2006,"nombre_occurences":4},{"prenom":"MADELINE","sexe":"F","departement":"77","annee_naissance":2006,"nombre_occurences":4},{"prenom":"MADISON","sexe":"F","departement":"77","annee_naissance":2006,"nombre_occurences":6},{"prenom":"MADISSON","sexe":"F","departement":"77","annee_naissance":2006,"nombre_occurences":3},{"prenom":"MAE","sexe":"F","departement":"77","annee_naissance":2006,"nombre_occurences":5},{"prenom":"MAEL","sexe":"M","departement":"77","annee_naissance":2006,"nombre_occurences":30},{"prenom":"MAELINE","sexe":"F","departement":"77","annee_naissance":2006,"nombre_occurences":8},{"prenom":"MAELIS","sexe":"F","departement":"77","annee_naissance":2006,"nombre_occurences":3},{"prenom":"MAELLE","sexe":"F","departement":"77","annee_naissance":2006,"nombre_occurences":41},{"prenom":"MAELYNE","sexe":"F","departement":"77","annee_naissance":2006,"nombre_occurences":3},{"prenom":"MAELYS","sexe":"F","departement":"77","annee_naissance":2006,"nombre_occurences":63},{"prenom":"MAELYSS","sexe":"F","departement":"77","annee_naissance":2006,"nombre_occurences":5},{"prenom":"MAENA","sexe":"F","departement":"77","annee_naissance":2006,"nombre_occurences":3},{"prenom":"MAEVA","sexe":"F","departement":"77","annee_naissance":2006,"nombre_occurences":43},{"prenom":"MAHAMADOU","sexe":"M","departement":"77","annee_naissance":2006,"nombre_occurences":3},{"prenom":"MAIA","sexe":"F","departement":"77","annee_naissance":2006,"nombre_occurences":11},{"prenom":"MAILY","sexe":"F","departement":"77","annee_naissance":2006,"nombre_occurences":4},{"prenom":"MAILYS","sexe":"F","departement":"77","annee_naissance":2006,"nombre_occurences":16},{"prenom":"MAIMOUNA","sexe":"F","departement":"77","annee_naissance":2006,"nombre_occurences":4},{"prenom":"MAISSA","sexe":"F","departement":"77","annee_naissance":2006,"nombre_occurences":9},{"prenom":"MAIWENN","sexe":"F","departement":"77","annee_naissance":2006,"nombre_occurences":6},{"prenom":"MALCOLM","sexe":"M","departement":"77","annee_naissance":2006,"nombre_occurences":3},{"prenom":"MALCOM","sexe":"M","departement":"77","annee_naissance":2006,"nombre_occurences":3},{"prenom":"MALICIA","sexe":"F","departement":"77","annee_naissance":2006,"nombre_occurences":4},{"prenom":"MALO","sexe":"M","departement":"77","annee_naissance":2006,"nombre_occurences":8},{"prenom":"MALONE","sexe":"M","departement":"77","annee_naissance":2006,"nombre_occurences":3},{"prenom":"MANEL","sexe":"F","departement":"77","annee_naissance":2006,"nombre_occurences":12},{"prenom":"MANELLE","sexe":"F","departement":"77","annee_naissance":2006,"nombre_occurences":4},{"prenom":"MANON","sexe":"F","departement":"77","annee_naissance":2006,"nombre_occurences":114},{"prenom":"MARC","sexe":"M","departement":"77","annee_naissance":2006,"nombre_occurences":9},{"prenom":"MARCEAU","sexe":"M","departement":"77","annee_naissance":2006,"nombre_occurences":6},{"prenom":"MARCO","sexe":"M","departement":"77","annee_naissance":2006,"nombre_occurences":5},{"prenom":"MARGAUX","sexe":"F","departement":"77","annee_naissance":2006,"nombre_occurences":29},{"prenom":"MARGOT","sexe":"F","departement":"77","annee_naissance":2006,"nombre_occurences":30},{"prenom":"MARIA","sexe":"F","departement":"77","annee_naissance":2006,"nombre_occurences":3},{"prenom":"MARIAM","sexe":"F","departement":"77","annee_naissance":2006,"nombre_occurences":4},{"prenom":"MARIE","sexe":"F","departement":"77","annee_naissance":2006,"nombre_occurences":49},{"prenom":"MARIE-LOU","sexe":"F","departement":"77","annee_naissance":2006,"nombre_occurences":3},{"prenom":"MARILOU","sexe":"F","departement":"77","annee_naissance":2006,"nombre_occurences":10},{"prenom":"MARINA","sexe":"F","departement":"77","annee_naissance":2006,"nombre_occurences":5},{"prenom":"MARINE","sexe":"F","departement":"77","annee_naissance":2006,"nombre_occurences":26},{"prenom":"MARION","sexe":"F","departement":"77","annee_naissance":2006,"nombre_occurences":23},{"prenom":"MARIUS","sexe":"M","departement":"77","annee_naissance":2006,"nombre_occurences":11},{"prenom":"MARJORIE","sexe":"F","departement":"77","annee_naissance":2006,"nombre_occurences":4},{"prenom":"MARLON","sexe":"M","departement":"77","annee_naissance":2006,"nombre_occurences":5},{"prenom":"MAROUANE","sexe":"M","departement":"77","annee_naissance":2006,"nombre_occurences":4},{"prenom":"MARTIN","sexe":"M","departement":"77","annee_naissance":2006,"nombre_occurences":16},{"prenom":"MARVIN","sexe":"M","departement":"77","annee_naissance":2006,"nombre_occurences":9},{"prenom":"MARWA","sexe":"F","departement":"77","annee_naissance":2006,"nombre_occurences":6},{"prenom":"MARWAN","sexe":"M","departement":"77","annee_naissance":2006,"nombre_occurences":6},{"prenom":"MARWANE","sexe":"M","departement":"77","annee_naissance":2006,"nombre_occurences":6},{"prenom":"MARYAM","sexe":"F","departement":"77","annee_naissance":2006,"nombre_occurences":9},{"prenom":"MARYLOU","sexe":"F","departement":"77","annee_naissance":2006,"nombre_occurences":5},{"prenom":"MATEO","sexe":"M","departement":"77","annee_naissance":2006,"nombre_occurences":27},{"prenom":"MATHEO","sexe":"M","departement":"77","annee_naissance":2006,"nombre_occurences":77},{"prenom":"MATHIAS","sexe":"M","departement":"77","annee_naissance":2006,"nombre_occurences":28},{"prenom":"MATHIEU","sexe":"M","departement":"77","annee_naissance":2006,"nombre_occurences":39},{"prenom":"MATHILDA","sexe":"F","departement":"77","annee_naissance":2006,"nombre_occurences":3},{"prenom":"MATHILDE","sexe":"F","departement":"77","annee_naissance":2006,"nombre_occurences":53},{"prenom":"MATHIS","sexe":"M","departement":"77","annee_naissance":2006,"nombre_occurences":133},{"prenom":"MATHYS","sexe":"M","departement":"77","annee_naissance":2006,"nombre_occurences":42},{"prenom":"MATIAS","sexe":"M","departement":"77","annee_naissance":2006,"nombre_occurences":3},{"prenom":"MATIS","sexe":"M","departement":"77","annee_naissance":2006,"nombre_occurences":10},{"prenom":"MATISSE","sexe":"M","departement":"77","annee_naissance":2006,"nombre_occurences":5},{"prenom":"MATT","sexe":"M","departement":"77","annee_naissance":2006,"nombre_occurences":5},{"prenom":"MATTEO","sexe":"M","departement":"77","annee_naissance":2006,"nombre_occurences":63},{"prenom":"MATTHEO","sexe":"M","departement":"77","annee_naissance":2006,"nombre_occurences":6},{"prenom":"MATTHEW","sexe":"M","departement":"77","annee_naissance":2006,"nombre_occurences":4},{"prenom":"MATTHIAS","sexe":"M","departement":"77","annee_naissance":2006,"nombre_occurences":7},{"prenom":"MATTHIEU","sexe":"M","departement":"77","annee_naissance":2006,"nombre_occurences":23},{"prenom":"MATTHIS","sexe":"M","departement":"77","annee_naissance":2006,"nombre_occurences":3},{"prenom":"MATTHYS","sexe":"M","departement":"77","annee_naissance":2006,"nombre_occurences":3},{"prenom":"MATTIS","sexe":"M","departement":"77","annee_naissance":2006,"nombre_occurences":3},{"prenom":"MATYS","sexe":"M","departement":"77","annee_naissance":2006,"nombre_occurences":6},{"prenom":"MAUD","sexe":"F","departement":"77","annee_naissance":2006,"nombre_occurences":6},{"prenom":"MAXANCE","sexe":"M","departement":"77","annee_naissance":2006,"nombre_occurences":4},{"prenom":"MAXENCE","sexe":"M","departement":"77","annee_naissance":2006,"nombre_occurences":44},{"prenom":"MAXIM","sexe":"M","departement":"77","annee_naissance":2006,"nombre_occurences":3},{"prenom":"MAXIME","sexe":"M","departement":"77","annee_naissance":2006,"nombre_occurences":88},{"prenom":"MAXYME","sexe":"M","departement":"77","annee_naissance":2006,"nombre_occurences":3},{"prenom":"MAYA","sexe":"F","departement":"77","annee_naissance":2006,"nombre_occurences":7},{"prenom":"MAYLIS","sexe":"F","departement":"77","annee_naissance":2006,"nombre_occurences":9},{"prenom":"MEDHI","sexe":"M","departement":"77","annee_naissance":2006,"nombre_occurences":3},{"prenom":"MEHDI","sexe":"M","departement":"77","annee_naissance":2006,"nombre_occurences":12},{"prenom":"MEHMET","sexe":"M","departement":"77","annee_naissance":2006,"nombre_occurences":3},{"prenom":"MELANIE","sexe":"F","departement":"77","annee_naissance":2006,"nombre_occurences":7},{"prenom":"MELINA","sexe":"F","departement":"77","annee_naissance":2006,"nombre_occurences":21},{"prenom":"MELINE","sexe":"F","departement":"77","annee_naissance":2006,"nombre_occurences":17},{"prenom":"MELIS","sexe":"F","departement":"77","annee_naissance":2006,"nombre_occurences":3},{"prenom":"MELISSA","sexe":"F","departement":"77","annee_naissance":2006,"nombre_occurences":43},{"prenom":"MELODIE","sexe":"F","departement":"77","annee_naissance":2006,"nombre_occurences":3},{"prenom":"MELVIN","sexe":"M","departement":"77","annee_naissance":2006,"nombre_occurences":18},{"prenom":"MELVYN","sexe":"M","departement":"77","annee_naissance":2006,"nombre_occurences":13},{"prenom":"MELYNA","sexe":"F","departement":"77","annee_naissance":2006,"nombre_occurences":5},{"prenom":"MERIEM","sexe":"F","departement":"77","annee_naissance":2006,"nombre_occurences":3},{"prenom":"MERWAN","sexe":"M","departement":"77","annee_naissance":2006,"nombre_occurences":4},{"prenom":"MICHEL","sexe":"M","departement":"77","annee_naissance":2006,"nombre_occurences":3},{"prenom":"MICKAEL","sexe":"M","departement":"77","annee_naissance":2006,"nombre_occurences":10},{"prenom":"MIGUEL","sexe":"M","departement":"77","annee_naissance":2006,"nombre_occurences":8},{"prenom":"MIKAEL","sexe":"M","departement":"77","annee_naissance":2006,"nombre_occurences":3},{"prenom":"MILA","sexe":"F","departement":"77","annee_naissance":2006,"nombre_occurences":5},{"prenom":"MOHAMED","sexe":"M","departement":"77","annee_naissance":2006,"nombre_occurences":47},{"prenom":"MOHAMED-AMINE","sexe":"M","departement":"77","annee_naissance":2006,"nombre_occurences":3},{"prenom":"MOHAMMED","sexe":"M","departement":"77","annee_naissance":2006,"nombre_occurences":3},{"prenom":"MOISE","sexe":"M","departement":"77","annee_naissance":2006,"nombre_occurences":4},{"prenom":"MORGAN","sexe":"M","departement":"77","annee_naissance":2006,"nombre_occurences":10},{"prenom":"MORGANE","sexe":"F","departement":"77","annee_naissance":2006,"nombre_occurences":31},{"prenom":"MOURAD","sexe":"M","departement":"77","annee_naissance":2006,"nombre_occurences":3},{"prenom":"MOUSSA","sexe":"M","departement":"77","annee_naissance":2006,"nombre_occurences":4},{"prenom":"MYLENE","sexe":"F","departement":"77","annee_naissance":2006,"nombre_occurences":3},{"prenom":"MYRIAM","sexe":"F","departement":"77","annee_naissance":2006,"nombre_occurences":20},{"prenom":"NADIA","sexe":"F","departement":"77","annee_naissance":2006,"nombre_occurences":4},{"prenom":"NAEL","sexe":"M","departement":"77","annee_naissance":2006,"nombre_occurences":9},{"prenom":"NAILA","sexe":"F","departement":"77","annee_naissance":2006,"nombre_occurences":3},{"prenom":"NAIM","sexe":"M","departement":"77","annee_naissance":2006,"nombre_occurences":3},{"prenom":"NAOMI","sexe":"F","departement":"77","annee_naissance":2006,"nombre_occurences":4},{"prenom":"NAOMIE","sexe":"F","departement":"77","annee_naissance":2006,"nombre_occurences":4},{"prenom":"NASSIM","sexe":"M","departement":"77","annee_naissance":2006,"nombre_occurences":4},{"prenom":"NATHAN","sexe":"M","departement":"77","annee_naissance":2006,"nombre_occurences":131},{"prenom":"NATHANAEL","sexe":"M","departement":"77","annee_naissance":2006,"nombre_occurences":5},{"prenom":"NATTAN","sexe":"M","departement":"77","annee_naissance":2006,"nombre_occurences":3},{"prenom":"NAWEL","sexe":"F","departement":"77","annee_naissance":2006,"nombre_occurences":3},{"prenom":"NAWFEL","sexe":"M","departement":"77","annee_naissance":2006,"nombre_occurences":3},{"prenom":"NAYA","sexe":"F","departement":"77","annee_naissance":2006,"nombre_occurences":4},{"prenom":"NELIA","sexe":"F","departement":"77","annee_naissance":2006,"nombre_occurences":4},{"prenom":"NELL","sexe":"F","departement":"77","annee_naissance":2006,"nombre_occurences":3},{"prenom":"NELLY","sexe":"F","departement":"77","annee_naissance":2006,"nombre_occurences":4},{"prenom":"NELSON","sexe":"M","departement":"77","annee_naissance":2006,"nombre_occurences":11},{"prenom":"NICOLAS","sexe":"M","departement":"77","annee_naissance":2006,"nombre_occurences":39},{"prenom":"NIELS","sexe":"M","departement":"77","annee_naissance":2006,"nombre_occurences":5},{"prenom":"NILS","sexe":"M","departement":"77","annee_naissance":2006,"nombre_occurences":9},{"prenom":"NINA","sexe":"F","departement":"77","annee_naissance":2006,"nombre_occurences":21},{"prenom":"NINO","sexe":"M","departement":"77","annee_naissance":2006,"nombre_occurences":7},{"prenom":"NINON","sexe":"F","departement":"77","annee_naissance":2006,"nombre_occurences":9},{"prenom":"NOA","sexe":"F","departement":"77","annee_naissance":2006,"nombre_occurences":6},{"prenom":"NOA","sexe":"M","departement":"77","annee_naissance":2006,"nombre_occurences":34},{"prenom":"NOAH","sexe":"M","departement":"77","annee_naissance":2006,"nombre_occurences":53},{"prenom":"NOAM","sexe":"M","departement":"77","annee_naissance":2006,"nombre_occurences":9},{"prenom":"NOAN","sexe":"M","departement":"77","annee_naissance":2006,"nombre_occurences":3},{"prenom":"NOE","sexe":"M","departement":"77","annee_naissance":2006,"nombre_occurences":28},{"prenom":"NOELIE","sexe":"F","departement":"77","annee_naissance":2006,"nombre_occurences":4},{"prenom":"NOELYA","sexe":"F","departement":"77","annee_naissance":2006,"nombre_occurences":3},{"prenom":"NOEMIE","sexe":"F","departement":"77","annee_naissance":2006,"nombre_occurences":40},{"prenom":"NOLAN","sexe":"M","departement":"77","annee_naissance":2006,"nombre_occurences":39},{"prenom":"NOLANE","sexe":"M","departement":"77","annee_naissance":2006,"nombre_occurences":3},{"prenom":"NOLANN","sexe":"M","departement":"77","annee_naissance":2006,"nombre_occurences":10},{"prenom":"NOLHAN","sexe":"M","departement":"77","annee_naissance":2006,"nombre_occurences":10},{"prenom":"NOLWENN","sexe":"F","departement":"77","annee_naissance":2006,"nombre_occurences":5},{"prenom":"NORA","sexe":"F","departement":"77","annee_naissance":2006,"nombre_occurences":6},{"prenom":"OCEANE","sexe":"F","departement":"77","annee_naissance":2006,"nombre_occurences":69},{"prenom":"OCEANNE","sexe":"F","departement":"77","annee_naissance":2006,"nombre_occurences":3},{"prenom":"OCTAVE","sexe":"M","departement":"77","annee_naissance":2006,"nombre_occurences":3},{"prenom":"OLIVIA","sexe":"F","departement":"77","annee_naissance":2006,"nombre_occurences":15},{"prenom":"OMAR","sexe":"M","departement":"77","annee_naissance":2006,"nombre_occurences":3},{"prenom":"OPHELIE","sexe":"F","departement":"77","annee_naissance":2006,"nombre_occurences":5},{"prenom":"ORIANE","sexe":"F","departement":"77","annee_naissance":2006,"nombre_occurences":13},{"prenom":"ORLANE","sexe":"F","departement":"77","annee_naissance":2006,"nombre_occurences":9},{"prenom":"ORNELLA","sexe":"F","departement":"77","annee_naissance":2006,"nombre_occurences":6},{"prenom":"OSCAR","sexe":"M","departement":"77","annee_naissance":2006,"nombre_occurences":10},{"prenom":"OUMAIMA","sexe":"F","departement":"77","annee_naissance":2006,"nombre_occurences":3},{"prenom":"OUMOU","sexe":"F","departement":"77","annee_naissance":2006,"nombre_occurences":3},{"prenom":"OWEN","sexe":"M","departement":"77","annee_naissance":2006,"nombre_occurences":4},{"prenom":"PABLO","sexe":"M","departement":"77","annee_naissance":2006,"nombre_occurences":5},{"prenom":"PACO","sexe":"M","departement":"77","annee_naissance":2006,"nombre_occurences":3},{"prenom":"PACOME","sexe":"M","departement":"77","annee_naissance":2006,"nombre_occurences":3},{"prenom":"PALOMA","sexe":"F","departement":"77","annee_naissance":2006,"nombre_occurences":5},{"prenom":"PAUL","sexe":"M","departement":"77","annee_naissance":2006,"nombre_occurences":58},{"prenom":"PAULINE","sexe":"F","departement":"77","annee_naissance":2006,"nombre_occurences":41},{"prenom":"PEDRO","sexe":"M","departement":"77","annee_naissance":2006,"nombre_occurences":3},{"prenom":"PERRINE","sexe":"F","departement":"77","annee_naissance":2006,"nombre_occurences":12},{"prenom":"PIERRE","sexe":"M","departement":"77","annee_naissance":2006,"nombre_occurences":25},{"prenom":"PIERRE-LOUIS","sexe":"M","departement":"77","annee_naissance":2006,"nombre_occurences":3},{"prenom":"QUENTIN","sexe":"M","departement":"77","annee_naissance":2006,"nombre_occurences":56},{"prenom":"RACHEL","sexe":"F","departement":"77","annee_naissance":2006,"nombre_occurences":8},{"prenom":"RAFAEL","sexe":"M","departement":"77","annee_naissance":2006,"nombre_occurences":28},{"prenom":"RAHMA","sexe":"F","departement":"77","annee_naissance":2006,"nombre_occurences":3},{"prenom":"RAISSA","sexe":"F","departement":"77","annee_naissance":2006,"nombre_occurences":3},{"prenom":"RANIA","sexe":"F","departement":"77","annee_naissance":2006,"nombre_occurences":8},{"prenom":"RAPHAEL","sexe":"M","departement":"77","annee_naissance":2006,"nombre_occurences":84},{"prenom":"RAPHAELLE","sexe":"F","departement":"77","annee_naissance":2006,"nombre_occurences":7},{"prenom":"RAYAN","sexe":"M","departement":"77","annee_naissance":2006,"nombre_occurences":35},{"prenom":"RAYANE","sexe":"M","departement":"77","annee_naissance":2006,"nombre_occurences":17},{"prenom":"REBECCA","sexe":"F","departement":"77","annee_naissance":2006,"nombre_occurences":5},{"prenom":"REDA","sexe":"M","departement":"77","annee_naissance":2006,"nombre_occurences":3},{"prenom":"REMI","sexe":"M","departement":"77","annee_naissance":2006,"nombre_occurences":15},{"prenom":"REMY","sexe":"M","departement":"77","annee_naissance":2006,"nombre_occurences":7},{"prenom":"ROBIN","sexe":"M","departement":"77","annee_naissance":2006,"nombre_occurences":24},{"prenom":"ROMAIN","sexe":"M","departement":"77","annee_naissance":2006,"nombre_occurences":42},{"prenom":"ROMAN","sexe":"M","departement":"77","annee_naissance":2006,"nombre_occurences":4},{"prenom":"ROMANE","sexe":"F","departement":"77","annee_naissance":2006,"nombre_occurences":48},{"prenom":"ROMEO","sexe":"M","departement":"77","annee_naissance":2006,"nombre_occurences":4},{"prenom":"ROMUALD","sexe":"M","departement":"77","annee_naissance":2006,"nombre_occurences":3},{"prenom":"RONAN","sexe":"M","departement":"77","annee_naissance":2006,"nombre_occurences":5},{"prenom":"ROSE","sexe":"F","departement":"77","annee_naissance":2006,"nombre_occurences":9},{"prenom":"ROXANE","sexe":"F","departement":"77","annee_naissance":2006,"nombre_occurences":4},{"prenom":"ROXANNE","sexe":"F","departement":"77","annee_naissance":2006,"nombre_occurences":4},{"prenom":"RUBEN","sexe":"M","departement":"77","annee_naissance":2006,"nombre_occurences":12},{"prenom":"RUDY","sexe":"M","departement":"77","annee_naissance":2006,"nombre_occurences":11},{"prenom":"RYAN","sexe":"M","departement":"77","annee_naissance":2006,"nombre_occurences":26},{"prenom":"SABRI","sexe":"M","departement":"77","annee_naissance":2006,"nombre_occurences":4},{"prenom":"SABRINA","sexe":"F","departement":"77","annee_naissance":2006,"nombre_occurences":5},{"prenom":"SACHA","sexe":"M","departement":"77","annee_naissance":2006,"nombre_occurences":38},{"prenom":"SAFIA","sexe":"F","departement":"77","annee_naissance":2006,"nombre_occurences":4},{"prenom":"SAFIYA","sexe":"F","departement":"77","annee_naissance":2006,"nombre_occurences":3},{"prenom":"SAID","sexe":"M","departement":"77","annee_naissance":2006,"nombre_occurences":3},{"prenom":"SAKINA","sexe":"F","departement":"77","annee_naissance":2006,"nombre_occurences":3},{"prenom":"SALAH","sexe":"M","departement":"77","annee_naissance":2006,"nombre_occurences":3},{"prenom":"SALIM","sexe":"M","departement":"77","annee_naissance":2006,"nombre_occurences":3},{"prenom":"SALIMATA","sexe":"F","departement":"77","annee_naissance":2006,"nombre_occurences":3},{"prenom":"SALMA","sexe":"F","departement":"77","annee_naissance":2006,"nombre_occurences":12},{"prenom":"SALOME","sexe":"F","departement":"77","annee_naissance":2006,"nombre_occurences":11},{"prenom":"SAM","sexe":"M","departement":"77","annee_naissance":2006,"nombre_occurences":4},{"prenom":"SAMANTHA","sexe":"F","departement":"77","annee_naissance":2006,"nombre_occurences":9},{"prenom":"SAMARA","sexe":"F","departement":"77","annee_naissance":2006,"nombre_occurences":3},{"prenom":"SAMBA","sexe":"M","departement":"77","annee_naissance":2006,"nombre_occurences":3},{"prenom":"SAMI","sexe":"M","departement":"77","annee_naissance":2006,"nombre_occurences":5},{"prenom":"SAMIA","sexe":"F","departement":"77","annee_naissance":2006,"nombre_occurences":3},{"prenom":"SAMUEL","sexe":"M","departement":"77","annee_naissance":2006,"nombre_occurences":21},{"prenom":"SAMY","sexe":"M","departement":"77","annee_naissance":2006,"nombre_occurences":11},{"prenom":"SANA","sexe":"F","departement":"77","annee_naissance":2006,"nombre_occurences":6},{"prenom":"SANDRA","sexe":"F","departement":"77","annee_naissance":2006,"nombre_occurences":5},{"prenom":"SARA","sexe":"F","departement":"77","annee_naissance":2006,"nombre_occurences":29},{"prenom":"SARAH","sexe":"F","departement":"77","annee_naissance":2006,"nombre_occurences":89},{"prenom":"SASHA","sexe":"F","departement":"77","annee_naissance":2006,"nombre_occurences":7},{"prenom":"SASHA","sexe":"M","departement":"77","annee_naissance":2006,"nombre_occurences":8},{"prenom":"SEAN","sexe":"M","departement":"77","annee_naissance":2006,"nombre_occurences":3},{"prenom":"SEBASTIEN","sexe":"M","departement":"77","annee_naissance":2006,"nombre_occurences":12},{"prenom":"SEKOU","sexe":"M","departement":"77","annee_naissance":2006,"nombre_occurences":3},{"prenom":"SELEN","sexe":"F","departement":"77","annee_naissance":2006,"nombre_occurences":3},{"prenom":"SELENA","sexe":"F","departement":"77","annee_naissance":2006,"nombre_occurences":8},{"prenom":"SELIM","sexe":"M","departement":"77","annee_naissance":2006,"nombre_occurences":3},{"prenom":"SELMA","sexe":"F","departement":"77","annee_naissance":2006,"nombre_occurences":6},{"prenom":"SEPHORA","sexe":"F","departement":"77","annee_naissance":2006,"nombre_occurences":4},{"prenom":"SERENA","sexe":"F","departement":"77","annee_naissance":2006,"nombre_occurences":4},{"prenom":"SEVAN","sexe":"M","departement":"77","annee_naissance":2006,"nombre_occurences":4},{"prenom":"SHAINEZE","sexe":"F","departement":"77","annee_naissance":2006,"nombre_occurences":3},{"prenom":"SHANA","sexe":"F","departement":"77","annee_naissance":2006,"nombre_occurences":14},{"prenom":"SHANICE","sexe":"F","departement":"77","annee_naissance":2006,"nombre_occurences":3},{"prenom":"SHANNA","sexe":"F","departement":"77","annee_naissance":2006,"nombre_occurences":3},{"prenom":"SHANNEL","sexe":"F","departement":"77","annee_naissance":2006,"nombre_occurences":3},{"prenom":"SHAWN","sexe":"M","departement":"77","annee_naissance":2006,"nombre_occurences":6},{"prenom":"SIENNA","sexe":"F","departement":"77","annee_naissance":2006,"nombre_occurences":3},{"prenom":"SIMON","sexe":"M","departement":"77","annee_naissance":2006,"nombre_occurences":5},{"prenom":"SIRINE","sexe":"F","departement":"77","annee_naissance":2006,"nombre_occurences":4},{"prenom":"SOAN","sexe":"M","departement":"77","annee_naissance":2006,"nombre_occurences":3},{"prenom":"SOFIA","sexe":"F","departement":"77","annee_naissance":2006,"nombre_occurences":15},{"prenom":"SOFIANE","sexe":"M","departement":"77","annee_naissance":2006,"nombre_occurences":19},{"prenom":"SOHAN","sexe":"M","departement":"77","annee_naissance":2006,"nombre_occurences":3},{"prenom":"SOHANE","sexe":"F","departement":"77","annee_naissance":2006,"nombre_occurences":3},{"prenom":"SOLAL","sexe":"M","departement":"77","annee_naissance":2006,"nombre_occurences":3},{"prenom":"SOLENE","sexe":"F","departement":"77","annee_naissance":2006,"nombre_occurences":17},{"prenom":"SOLENN","sexe":"F","departement":"77","annee_naissance":2006,"nombre_occurences":8},{"prenom":"SONIA","sexe":"F","departement":"77","annee_naissance":2006,"nombre_occurences":5},{"prenom":"SOPHIA","sexe":"F","departement":"77","annee_naissance":2006,"nombre_occurences":5},{"prenom":"SOPHIE","sexe":"F","departement":"77","annee_naissance":2006,"nombre_occurences":3},{"prenom":"SORAYA","sexe":"F","departement":"77","annee_naissance":2006,"nombre_occurences":3},{"prenom":"SOREN","sexe":"M","departement":"77","annee_naissance":2006,"nombre_occurences":5},{"prenom":"SOUMAYA","sexe":"F","departement":"77","annee_naissance":2006,"nombre_occurences":3},{"prenom":"STACY","sexe":"F","departement":"77","annee_naissance":2006,"nombre_occurences":5},{"prenom":"STAN","sexe":"M","departement":"77","annee_naissance":2006,"nombre_occurences":4},{"prenom":"STANISLAS","sexe":"M","departement":"77","annee_naissance":2006,"nombre_occurences":4},{"prenom":"STELLA","sexe":"F","departement":"77","annee_naissance":2006,"nombre_occurences":6},{"prenom":"STEPHANE","sexe":"M","departement":"77","annee_naissance":2006,"nombre_occurences":8},{"prenom":"STEVEN","sexe":"M","departement":"77","annee_naissance":2006,"nombre_occurences":7},{"prenom":"SUZIE","sexe":"F","departement":"77","annee_naissance":2006,"nombre_occurences":4},{"prenom":"SWANN","sexe":"M","departement":"77","annee_naissance":2006,"nombre_occurences":3},{"prenom":"SYLVAIN","sexe":"M","departement":"77","annee_naissance":2006,"nombre_occurences":3},{"prenom":"TAINA","sexe":"F","departement":"77","annee_naissance":2006,"nombre_occurences":5},{"prenom":"TANGUY","sexe":"M","departement":"77","annee_naissance":2006,"nombre_occurences":4},{"prenom":"TANIA","sexe":"F","departement":"77","annee_naissance":2006,"nombre_occurences":8},{"prenom":"TARA","sexe":"F","departement":"77","annee_naissance":2006,"nombre_occurences":5},{"prenom":"TATIANA","sexe":"F","departement":"77","annee_naissance":2006,"nombre_occurences":6},{"prenom":"TEDDY","sexe":"M","departement":"77","annee_naissance":2006,"nombre_occurences":6},{"prenom":"TEO","sexe":"M","departement":"77","annee_naissance":2006,"nombre_occurences":17},{"prenom":"TESSA","sexe":"F","departement":"77","annee_naissance":2006,"nombre_occurences":3},{"prenom":"THAIS","sexe":"F","departement":"77","annee_naissance":2006,"nombre_occurences":8},{"prenom":"THALIA","sexe":"F","departement":"77","annee_naissance":2006,"nombre_occurences":3},{"prenom":"THEA","sexe":"F","departement":"77","annee_naissance":2006,"nombre_occurences":6},{"prenom":"THEO","sexe":"M","departement":"77","annee_naissance":2006,"nombre_occurences":98},{"prenom":"THEODORE","sexe":"M","departement":"77","annee_naissance":2006,"nombre_occurences":6},{"prenom":"THEOPHILE","sexe":"M","departement":"77","annee_naissance":2006,"nombre_occurences":3},{"prenom":"THIBAUD","sexe":"M","departement":"77","annee_naissance":2006,"nombre_occurences":6},{"prenom":"THIBAULT","sexe":"M","departement":"77","annee_naissance":2006,"nombre_occurences":24},{"prenom":"THIBAUT","sexe":"M","departement":"77","annee_naissance":2006,"nombre_occurences":5},{"prenom":"THOMAS","sexe":"M","departement":"77","annee_naissance":2006,"nombre_occurences":105},{"prenom":"TIAGO","sexe":"M","departement":"77","annee_naissance":2006,"nombre_occurences":20},{"prenom":"TIFAINE","sexe":"F","departement":"77","annee_naissance":2006,"nombre_occurences":3},{"prenom":"TIFFAINE","sexe":"F","departement":"77","annee_naissance":2006,"nombre_occurences":3},{"prenom":"TIFFANY","sexe":"F","departement":"77","annee_naissance":2006,"nombre_occurences":8},{"prenom":"TIM","sexe":"M","departement":"77","annee_naissance":2006,"nombre_occurences":3},{"prenom":"TIMEO","sexe":"M","departement":"77","annee_naissance":2006,"nombre_occurences":25},{"prenom":"TIMOTHE","sexe":"M","departement":"77","annee_naissance":2006,"nombre_occurences":13},{"prenom":"TIMOTHEE","sexe":"M","departement":"77","annee_naissance":2006,"nombre_occurences":13},{"prenom":"TIMOTHY","sexe":"M","departement":"77","annee_naissance":2006,"nombre_occurences":3},{"prenom":"TINA","sexe":"F","departement":"77","annee_naissance":2006,"nombre_occurences":3},{"prenom":"TIPHAINE","sexe":"F","departement":"77","annee_naissance":2006,"nombre_occurences":5},{"prenom":"TITOUAN","sexe":"M","departement":"77","annee_naissance":2006,"nombre_occurences":24},{"prenom":"TOM","sexe":"M","departement":"77","annee_naissance":2006,"nombre_occurences":73},{"prenom":"TOMMY","sexe":"M","departement":"77","annee_naissance":2006,"nombre_occurences":3},{"prenom":"TONY","sexe":"M","departement":"77","annee_naissance":2006,"nombre_occurences":12},{"prenom":"TRACY","sexe":"F","departement":"77","annee_naissance":2006,"nombre_occurences":3},{"prenom":"TRINITY","sexe":"F","departement":"77","annee_naissance":2006,"nombre_occurences":3},{"prenom":"TRISTAN","sexe":"M","departement":"77","annee_naissance":2006,"nombre_occurences":33},{"prenom":"TYRON","sexe":"M","departement":"77","annee_naissance":2006,"nombre_occurences":3},{"prenom":"UGO","sexe":"M","departement":"77","annee_naissance":2006,"nombre_occurences":10},{"prenom":"ULYSSE","sexe":"M","departement":"77","annee_naissance":2006,"nombre_occurences":3},{"prenom":"VALENTIN","sexe":"M","departement":"77","annee_naissance":2006,"nombre_occurences":51},{"prenom":"VALENTINE","sexe":"F","departement":"77","annee_naissance":2006,"nombre_occurences":15},{"prenom":"VANESSA","sexe":"F","departement":"77","annee_naissance":2006,"nombre_occurences":3},{"prenom":"VICTOIRE","sexe":"F","departement":"77","annee_naissance":2006,"nombre_occurences":7},{"prenom":"VICTOR","sexe":"M","departement":"77","annee_naissance":2006,"nombre_occurences":14},{"prenom":"VICTORIA","sexe":"F","departement":"77","annee_naissance":2006,"nombre_occurences":13},{"prenom":"VINCENT","sexe":"M","departement":"77","annee_naissance":2006,"nombre_occurences":20},{"prenom":"VINCENZO","sexe":"M","departement":"77","annee_naissance":2006,"nombre_occurences":3},{"prenom":"WALID","sexe":"M","departement":"77","annee_naissance":2006,"nombre_occurences":10},{"prenom":"WARREN","sexe":"M","departement":"77","annee_naissance":2006,"nombre_occurences":11},{"prenom":"WASSIM","sexe":"M","departement":"77","annee_naissance":2006,"nombre_occurences":10},{"prenom":"WENDY","sexe":"F","departement":"77","annee_naissance":2006,"nombre_occurences":6},{"prenom":"WESLEY","sexe":"M","departement":"77","annee_naissance":2006,"nombre_occurences":5},{"prenom":"WILHEM","sexe":"M","departement":"77","annee_naissance":2006,"nombre_occurences":4},{"prenom":"WILLIAM","sexe":"M","departement":"77","annee_naissance":2006,"nombre_occurences":22},{"prenom":"YACINE","sexe":"M","departement":"77","annee_naissance":2006,"nombre_occurences":12},{"prenom":"YAELLE","sexe":"F","departement":"77","annee_naissance":2006,"nombre_occurences":3},{"prenom":"YANIS","sexe":"M","departement":"77","annee_naissance":2006,"nombre_occurences":61},{"prenom":"YANN","sexe":"M","departement":"77","annee_naissance":2006,"nombre_occurences":14},{"prenom":"YANNIS","sexe":"M","departement":"77","annee_naissance":2006,"nombre_occurences":13},{"prenom":"YASMINA","sexe":"F","departement":"77","annee_naissance":2006,"nombre_occurences":4},{"prenom":"YASMINE","sexe":"F","departement":"77","annee_naissance":2006,"nombre_occurences":18},{"prenom":"YASSINE","sexe":"M","departement":"77","annee_naissance":2006,"nombre_occurences":15},{"prenom":"YLAN","sexe":"M","departement":"77","annee_naissance":2006,"nombre_occurences":9},{"prenom":"YLANN","sexe":"M","departement":"77","annee_naissance":2006,"nombre_occurences":3},{"prenom":"YOAN","sexe":"M","departement":"77","annee_naissance":2006,"nombre_occurences":10},{"prenom":"YOANN","sexe":"M","departement":"77","annee_naissance":2006,"nombre_occurences":8},{"prenom":"YOHAN","sexe":"M","departement":"77","annee_naissance":2006,"nombre_occurences":7},{"prenom":"YOHANN","sexe":"M","departement":"77","annee_naissance":2006,"nombre_occurences":10},{"prenom":"YONI","sexe":"M","departement":"77","annee_naissance":2006,"nombre_occurences":3},{"prenom":"YOUNES","sexe":"M","departement":"77","annee_naissance":2006,"nombre_occurences":6},{"prenom":"YOUSRA","sexe":"F","departement":"77","annee_naissance":2006,"nombre_occurences":5},{"prenom":"YOUSSEF","sexe":"M","departement":"77","annee_naissance":2006,"nombre_occurences":5},{"prenom":"YOUSSOUF","sexe":"M","departement":"77","annee_naissance":2006,"nombre_occurences":4},{"prenom":"YVAN","sexe":"M","departement":"77","annee_naissance":2006,"nombre_occurences":4},{"prenom":"ZAKARIA","sexe":"M","departement":"77","annee_naissance":2006,"nombre_occurences":7},{"prenom":"ZELIA","sexe":"F","departement":"77","annee_naissance":2006,"nombre_occurences":3},{"prenom":"ZINA","sexe":"F","departement":"77","annee_naissance":2006,"nombre_occurences":4},{"prenom":"ZOE","sexe":"F","departement":"77","annee_naissance":2006,"nombre_occurences":37},{"prenom":"ZOIA","sexe":"F","departement":"77","annee_naissance":2006,"nombre_occurences":3}]